{"type":"FeatureCollection","features":[{"type":"Feature","geometry":{"type":"LineString","coordinates":[[8.180133333333332,48.42919722222222],[8.18435,48.43119444444444]]},"properties":{"couleur":"#c0562a","jour":"2026-07-24","mode":"marche","source":"mesuree"}},{"type":"Feature","geometry":{"type":"LineString","coordinates":[[8.163144444444445,48.46886111111111],[8.163244444444445,48.468583333333335]]},"properties":{"couleur":"#c0562a","jour":"2026-07-25","mode":"marche","source":"mesuree"}},{"type":"Feature","geometry":{"type":"LineString","coordinates":[[8.163244444444445,48.468583333333335],[8.188186111111111,48.52849444444444]]},"properties":{"couleur":"#4f7d5e","jour":"2026-07-25","mode":"velo","source":"mesuree"}},{"type":"Feature","geometry":{"type":"LineString","coordinates":[[8.188186111111111,48.52849444444444],[8.192944444444445,48.534166666666664],[8.194022222222223,48.53695833333333],[8.192244444444444,48.533116666666665],[8.274700000000001,48.4812]]},"properties":{"couleur":"#c0562a","jour":"2026-07-25","mode":"marche","source":"mesuree"}},{"type":"Feature","geometry":{"type":"LineString","coordinates":[[8.274700000000001,48.4812],[8.201158333333332,48.59668611111111],[8.181055555555554,48.429224999999995]]},"properties":{"couleur":"#4f7d5e","jour":"2026-07-25","mode":"velo","source":"mesuree"}},{"type":"Feature","geometry":{"type":"LineString","coordinates":[[8.950888888888889,48.33555833333334],[9.115438888888889,48.28882222222222]]},"properties":{"couleur":"#4f7d5e","jour":"2026-07-26","mode":"velo","source":"mesuree"}},{"type":"Feature","geometry":{"type":"LineString","coordinates":[[9.115438888888889,48.28882222222222],[9.113616666666667,48.28970277777778]]},"properties":{"couleur":"#c0562a","jour":"2026-07-26","mode":"marche","source":"mesuree"}},{"type":"Feature","geometry":{"type":"LineString","coordinates":[[11.255461111111112,47.49036944444445],[11.088291666666667,47.49599166666667]]},"properties":{"couleur":"#4f7d5e","jour":"2026-07-26","mode":"velo","source":"mesuree"}},{"type":"Feature","geometry":{"type":"LineString","coordinates":[[11.088291666666667,47.49599166666667],[11.089727777777778,47.49686111111111],[11.090133333333334,47.497102777777776],[11.0899,47.4975]]},"properties":{"couleur":"#c0562a","jour":"2026-07-26","mode":"marche","source":"mesuree"}},{"type":"Feature","geometry":{"type":"LineString","coordinates":[[11.25565,47.49031111111111],[11.255994444444445,47.48994444444445],[11.110508333333334,47.49968611111111],[11.111130555555555,47.49855277777778]]},"properties":{"couleur":"#c0562a","jour":"2026-07-27","mode":"marche","source":"mesuree"}},{"type":"Feature","geometry":{"type":"LineString","coordinates":[[11.111130555555555,47.49855277777778],[11.099572222222223,47.495736111111114]]},"properties":{"couleur":"#4f7d5e","jour":"2026-07-27","mode":"velo","source":"mesuree"}},{"type":"Feature","geometry":{"type":"LineString","coordinates":[[11.099378,47.495822],[11.098758,47.496183],[11.09858,47.496414],[11.098199,47.496776],[11.098278,47.496829],[11.098324,47.49686],[11.098554,47.496882],[11.099017,47.497018],[11.099234,47.497092],[11.099325,47.497096],[11.099724,47.497122],[11.100289,47.497158],[11.101299,47.497231],[11.10147,47.497237],[11.101825,47.497227],[11.101986,47.49721],[11.102386,47.497102],[11.10283,47.496985],[11.103014,47.496945],[11.103263,47.496914],[11.103514,47.496926],[11.103795,47.496965],[11.104049,47.496945],[11.104663,47.496749],[11.104747,47.496816],[11.105044,47.496929],[11.105068,47.497008],[11.105463,47.497083],[11.106867,47.497295],[11.107116,47.496998],[11.107345,47.496799],[11.107998,47.496264],[11.108153,47.496138],[11.108356,47.495964],[11.10808,47.495816],[11.107981,47.495871],[11.107863,47.495874]]},"properties":{"couleur":"#8a6a4f","jour":"2026-07-27","mode":"route","source":"calculee"}},{"type":"Feature","geometry":{"type":"LineString","coordinates":[[11.107775,47.49588888888889],[11.11148611111111,47.49848055555556],[10.99223611111111,47.456411111111116]]},"properties":{"couleur":"#4f7d5e","jour":"2026-07-27","mode":"velo","source":"mesuree"}},{"type":"Feature","geometry":{"type":"LineString","coordinates":[[10.99223611111111,47.456411111111116],[10.98861111111111,47.456561111111114],[10.989927777777776,47.45718333333333]]},"properties":{"couleur":"#c0562a","jour":"2026-07-27","mode":"marche","source":"mesuree"}},{"type":"Feature","geometry":{"type":"LineString","coordinates":[[10.989927777777776,47.45718333333333],[10.982575,47.454225]]},"properties":{"couleur":"#4f7d5e","jour":"2026-07-27","mode":"velo","source":"mesuree"}},{"type":"Feature","geometry":{"type":"LineString","coordinates":[[10.982575,47.454225],[10.9772,47.4557],[10.9804,47.4575],[10.993963888888889,47.45653611111111],[10.9765,47.4579],[10.98973611111111,47.45780277777778]]},"properties":{"couleur":"#c0562a","jour":"2026-07-27","mode":"marche","source":"mesuree"}},{"type":"Feature","geometry":{"type":"LineString","coordinates":[[10.98973611111111,47.45780277777778],[11.09,47.4975],[11.099300000000001,47.5027],[11.090100000000001,47.4974]]},"properties":{"couleur":"#4f7d5e","jour":"2026-07-27","mode":"velo","source":"mesuree"}},{"type":"Feature","geometry":{"type":"LineString","coordinates":[[11.090100000000001,47.4974],[11.090200000000001,47.496900000000004],[11.09013888888889,47.49743888888889],[11.090130555555556,47.496972222222226]]},"properties":{"couleur":"#c0562a","jour":"2026-07-27","mode":"marche","source":"mesuree"}},{"type":"Feature","geometry":{"type":"LineString","coordinates":[[11.037513888888888,47.46960833333333],[11.044522222222222,47.44828611111111],[11.041633333333333,47.445074999999996],[11.025669444444445,47.43846111111111],[11.02485,47.43774166666666],[11.0338,47.4409]]},"properties":{"couleur":"#c0562a","jour":"2026-07-28","mode":"marche","source":"mesuree"}},{"type":"Feature","geometry":{"type":"LineString","coordinates":[[12.935616666666666,47.67648888888888],[12.853752777777778,47.608719444444446],[12.852108333333334,47.60761388888889],[12.852819444444444,47.60833888888889],[12.853027777777777,47.608608333333336]]},"properties":{"couleur":"#c0562a","jour":"2026-07-29","mode":"marche","source":"mesuree"}},{"type":"Feature","geometry":{"type":"LineString","coordinates":[[12.853027777777777,47.608608333333336],[12.85188611111111,47.60745277777778],[12.892627777777777,47.60736111111111]]},"properties":{"couleur":"#4f7d5e","jour":"2026-07-29","mode":"velo","source":"mesuree"}},{"type":"Feature","geometry":{"type":"LineString","coordinates":[[12.892627777777777,47.60736111111111],[12.892133333333334,47.607350000000004],[12.894769444444444,47.607372222222224]]},"properties":{"couleur":"#c0562a","jour":"2026-07-29","mode":"marche","source":"mesuree"}},{"type":"Feature","geometry":{"type":"LineString","coordinates":[[12.894769444444444,47.607372222222224],[12.936594444444445,47.67648611111111]]},"properties":{"couleur":"#4f7d5e","jour":"2026-07-29","mode":"velo","source":"mesuree"}},{"type":"Feature","geometry":{"type":"LineString","coordinates":[[13.015294444444445,47.63935],[13.017780555555557,47.63766111111111],[13.017416666666668,47.63757777777778]]},"properties":{"couleur":"#c0562a","jour":"2026-07-30","mode":"marche","source":"mesuree"}},{"type":"Feature","geometry":{"type":"LineString","coordinates":[[13.017416666666668,47.63757777777778],[13.040780555555555,47.79944444444444],[13.043158333333333,47.79810833333333]]},"properties":{"couleur":"#4f7d5e","jour":"2026-07-30","mode":"velo","source":"mesuree"}},{"type":"Feature","geometry":{"type":"LineString","coordinates":[[13.043158333333333,47.79810833333333],[13.042697222222221,47.799255555555554],[13.043116666666666,47.800063888888886],[13.043752777777778,47.80017222222222],[13.045758333333334,47.79880277777777],[13.045908333333333,47.79745555555555],[13.046175,47.796638888888886],[13.046072222222222,47.79638055555555],[13.045338888888889,47.796588888888884],[13.044977777777778,47.796591666666664],[13.0462,47.7964],[13.046508333333334,47.79499166666667],[13.04705,47.794894444444445],[13.046713888888888,47.79501666666666],[13.0478,47.7952],[13.047375,47.799],[13.048555555555556,47.794999999999995],[13.047855555555556,47.79526111111111]]},"properties":{"couleur":"#c0562a","jour":"2026-07-30","mode":"marche","source":"mesuree"}},{"type":"Feature","geometry":{"type":"LineString","coordinates":[[13.047855555555556,47.79526111111111],[13.0412,47.806799999999996]]},"properties":{"couleur":"#4f7d5e","jour":"2026-07-30","mode":"velo","source":"mesuree"}},{"type":"Feature","geometry":{"type":"LineString","coordinates":[[13.040931,47.807137],[13.040959,47.807233],[13.041067,47.807294],[13.041578,47.807435],[13.041754,47.807483],[13.041449,47.808001],[13.041524,47.808044],[13.041546,47.808108],[13.041535,47.808139],[13.041476,47.808187],[13.041388,47.808204],[13.041336,47.808197],[13.041256,47.808153],[13.041234,47.808093],[13.041266,47.808035],[13.040183,47.807735],[13.04011,47.807714],[13.039484,47.807535],[13.03887,47.807361],[13.038742,47.807305],[13.038773,47.807235],[13.039016,47.806649],[13.039206,47.806157],[13.039303,47.805899],[13.039482,47.805407],[13.03978,47.804871],[13.039911,47.804673],[13.040286,47.804299],[13.040724,47.803939],[13.04084,47.803853],[13.040873,47.80383],[13.04097,47.803769],[13.041163,47.803646],[13.04119,47.80363],[13.041343,47.80354],[13.042492,47.802854],[13.04303,47.802554],[13.043523,47.802265],[13.043566,47.802236],[13.043961,47.801998],[13.044748,47.801484],[13.044826,47.801357],[13.044784,47.801267],[13.044437,47.800603],[13.044419,47.800505],[13.045707,47.800285],[13.046182,47.800158],[13.048803,47.799307],[13.048904,47.799267],[13.05005,47.79889],[13.051117,47.798519],[13.051748,47.798287],[13.051787,47.798265],[13.051817,47.798208],[13.051824,47.798106],[13.051848,47.797995],[13.052042,47.79784],[13.052454,47.797564],[13.052656,47.79744],[13.053114,47.797244],[13.05317,47.797222],[13.053446,47.797104],[13.053615,47.79706],[13.053611,47.796887],[13.053558,47.796461],[13.053525,47.796134],[13.0535,47.796056],[13.0532,47.795753],[13.052363,47.794638],[13.05174,47.794928],[13.051675,47.794875],[13.051596,47.794867],[13.051256,47.794954],[13.051014,47.794561],[13.050891,47.794374],[13.050451,47.794058],[13.050033,47.793856],[13.04971,47.793587],[13.049599,47.793414],[13.048874,47.793552],[13.048428,47.793546],[13.047542,47.793459],[13.047307,47.793467],[13.046872,47.793441],[13.046866,47.793515],[13.04689,47.793544],[13.047045,47.793581],[13.047274,47.793605],[13.047537,47.793682]]},"properties":{"couleur":"#8a6a4f","jour":"2026-07-30","mode":"route","source":"calculee"}},{"type":"Feature","geometry":{"type":"LineString","coordinates":[[13.046858333333333,47.79505833333333],[13.049608333333333,47.79673333333333],[13.050877777777778,47.79635555555555],[13.051808333333334,47.79538055555555],[13.050919444444444,47.79548611111111],[13.050169444444446,47.79445277777778],[13.051233333333334,47.796825]]},"properties":{"couleur":"#c0562a","jour":"2026-07-30","mode":"marche","source":"mesuree"}},{"type":"Feature","geometry":{"type":"LineString","coordinates":[[12.98931111111111,47.589311111111115],[12.989022222222221,47.58824444444445]]},"properties":{"couleur":"#c0562a","jour":"2026-07-31","mode":"marche","source":"mesuree"}},{"type":"Feature","geometry":{"type":"LineString","coordinates":[[12.988963888888888,47.588347222222225],[12.987699999999998,47.5739],[12.977997222222223,47.55288888888889],[12.972955555555556,47.54153888888889],[12.971255555555556,47.52484722222222]]},"properties":{"couleur":"#4f7d5e","jour":"2026-07-31","mode":"velo","source":"mesuree"}},{"type":"Feature","geometry":{"type":"LineString","coordinates":[[12.971255555555556,47.52484722222222],[12.973558333333333,47.52430277777778]]},"properties":{"couleur":"#c0562a","jour":"2026-07-31","mode":"marche","source":"mesuree"}},{"type":"Feature","geometry":{"type":"LineString","coordinates":[[12.973558333333333,47.52430277777778],[12.976541666666666,47.520827777777775]]},"properties":{"couleur":"#4f7d5e","jour":"2026-07-31","mode":"velo","source":"mesuree"}},{"type":"Feature","geometry":{"type":"LineString","coordinates":[[12.976541666666666,47.520827777777775],[12.987683333333333,47.51360277777778],[12.99296111111111,47.51183888888889],[12.994852777777776,47.51255555555556],[12.993561111111111,47.511897222222224]]},"properties":{"couleur":"#c0562a","jour":"2026-07-31","mode":"marche","source":"mesuree"}},{"type":"Feature","geometry":{"type":"LineString","coordinates":[[12.993561111111111,47.511897222222224],[12.98809722222222,47.51282777777778],[12.983147222222222,47.515791666666665]]},"properties":{"couleur":"#4f7d5e","jour":"2026-07-31","mode":"velo","source":"mesuree"}},{"type":"Feature","geometry":{"type":"LineString","coordinates":[[12.983147222222222,47.515791666666665],[12.980836111111111,47.519238888888886]]},"properties":{"couleur":"#c0562a","jour":"2026-07-31","mode":"marche","source":"mesuree"}},{"type":"Feature","geometry":{"type":"LineString","coordinates":[[12.980836111111111,47.519238888888886],[12.973644444444444,47.52354722222222],[12.9721,47.535599999999995],[12.973827777777778,47.544219444444444]]},"properties":{"couleur":"#4f7d5e","jour":"2026-07-31","mode":"velo","source":"mesuree"}},{"type":"Feature","geometry":{"type":"LineString","coordinates":[[13.552700000000002,46.3252],[13.56596388888889,46.244455555555554]]},"properties":{"couleur":"#c0562a","jour":"2026-08-01","mode":"marche","source":"mesuree"}},{"type":"Feature","geometry":{"type":"LineString","coordinates":[[13.648,46.201],[13.5673,46.2448]]},"properties":{"couleur":"#c0562a","jour":"2026-08-02","mode":"marche","source":"mesuree"}},{"type":"Feature","geometry":{"type":"LineString","coordinates":[[13.5673,46.2448],[13.5778,46.2472],[13.570733333333333,46.24624444444444]]},"properties":{"couleur":"#4f7d5e","jour":"2026-08-02","mode":"velo","source":"mesuree"}},{"type":"Feature","geometry":{"type":"LineString","coordinates":[[13.570733333333333,46.24624444444444],[13.579327777777777,46.24817222222222],[13.579466666666667,46.24781388888889],[13.58286111111111,46.24603888888889],[13.586741666666667,46.250708333333336],[13.5867,46.251],[13.579369444444444,46.245330555555554],[13.565972222222223,46.24445277777778]]},"properties":{"couleur":"#c0562a","jour":"2026-08-02","mode":"marche","source":"mesuree"}},{"type":"Feature","geometry":{"type":"LineString","coordinates":[[13.7373,46.4186],[13.74923611111111,46.439024999999994],[13.7496,46.4389]]},"properties":{"couleur":"#c0562a","jour":"2026-08-03","mode":"marche","source":"mesuree"}},{"type":"Feature","geometry":{"type":"LineString","coordinates":[[13.7496,46.4389],[13.659527777777779,46.311769444444444]]},"properties":{"couleur":"#4f7d5e","jour":"2026-08-03","mode":"velo","source":"mesuree"}},{"type":"Feature","geometry":{"type":"LineString","coordinates":[[13.659527777777779,46.311769444444444],[13.6567,46.3135],[13.6601,46.3105],[13.584200000000001,46.243700000000004]]},"properties":{"couleur":"#c0562a","jour":"2026-08-03","mode":"marche","source":"mesuree"}},{"type":"Feature","geometry":{"type":"LineString","coordinates":[[13.44591,46.237063],[13.445851,46.236686],[13.445672,46.236288],[13.445288,46.235886],[13.445106,46.235664],[13.444961,46.235448],[13.444937,46.235275],[13.445009,46.234888],[13.445048,46.23453],[13.444909,46.233928],[13.444731,46.233323],[13.444714,46.232901],[13.444648,46.232776],[13.444438,46.232484],[13.444028,46.232065],[13.443348,46.231542],[13.443117,46.231318],[13.442745,46.230903],[13.442594,46.230798],[13.442039,46.230518],[13.441685,46.230378],[13.44074,46.229946],[13.439985,46.229385],[13.439656,46.22903]]},"properties":{"couleur":"#8a6a4f","jour":"2026-08-04","mode":"route","source":"calculee"}},{"type":"Feature","geometry":{"type":"LineString","coordinates":[[12.285202777777778,46.733125],[12.2883,46.7354],[12.283000000000001,46.733000000000004]]},"properties":{"couleur":"#c0562a","jour":"2026-08-06","mode":"marche","source":"mesuree"}},{"type":"Feature","geometry":{"type":"LineString","coordinates":[[12.283429,46.732987],[12.283408,46.732657],[12.283373,46.73264],[12.282853,46.732622],[12.282713,46.732584],[12.282613,46.732527],[12.282562,46.732553],[12.282413,46.732552],[12.282389,46.732305],[12.282587,46.732236],[12.283576,46.731882],[12.284007,46.731807],[12.284495,46.731788],[12.284618,46.732708],[12.284657,46.733075],[12.284662,46.733116],[12.284725,46.733468],[12.284733,46.733619],[12.284639,46.73431],[12.284607,46.734363],[12.285491,46.734692],[12.28553,46.734707],[12.28579,46.734805],[12.285863,46.734832],[12.285898,46.734844],[12.286409,46.735032],[12.286629,46.735102],[12.286801,46.735136],[12.287103,46.735142],[12.287358,46.735106],[12.287632,46.735007],[12.287968,46.734846],[12.288591,46.734529],[12.289163,46.734099],[12.289264,46.73406],[12.289369,46.734065],[12.289482,46.734106],[12.289582,46.734186],[12.289771,46.734102],[12.29035,46.733885],[12.290448,46.733852],[12.290644,46.733784],[12.291282,46.733598],[12.291712,46.73342],[12.291911,46.733365],[12.292255,46.7333],[12.292812,46.733209],[12.293598,46.733076],[12.29391,46.73298],[12.294231,46.732836],[12.294533,46.732752],[12.295686,46.732588],[12.296097,46.732496],[12.296648,46.732346],[12.297037,46.732271],[12.297543,46.732224],[12.298171,46.732185],[12.298459,46.73214],[12.298718,46.732057],[12.299104,46.731898],[12.299381,46.731824],[12.300142,46.73172],[12.30043,46.731657],[12.300699,46.731536],[12.30123,46.73116],[12.301518,46.731053],[12.302541,46.730819],[12.303816,46.730644],[12.304985,46.730411],[12.305653,46.730325],[12.306292,46.73028],[12.30742,46.730274],[12.307786,46.730253],[12.310238,46.729893],[12.310786,46.729839],[12.311921,46.729765],[12.313736,46.729776],[12.314232,46.729756],[12.315148,46.729672],[12.316797,46.729417],[12.317307,46.729354],[12.317763,46.729332],[12.31827,46.729357],[12.318736,46.729433],[12.319185,46.72955],[12.320163,46.7299],[12.320806,46.730123],[12.320779,46.730219],[12.320858,46.730244]]},"properties":{"couleur":"#8a6a4f","jour":"2026-08-06","mode":"route","source":"calculee"}},{"type":"Feature","geometry":{"type":"LineString","coordinates":[[12.3205,46.7308],[12.336400000000001,46.7343],[12.3423,46.7339]]},"properties":{"couleur":"#4f7d5e","jour":"2026-08-06","mode":"velo","source":"mesuree"}},{"type":"Feature","geometry":{"type":"LineString","coordinates":[[12.342133,46.73325],[12.342528,46.733203],[12.342897,46.733188],[12.343171,46.73323],[12.343392,46.733297],[12.343892,46.733591],[12.345401,46.734214],[12.346146,46.73462],[12.346409,46.734744],[12.346866,46.734902],[12.347149,46.734971],[12.348005,46.735139],[12.348479,46.735232],[12.348922,46.735348],[12.350912,46.73601],[12.352167,46.736481],[12.352631,46.736619],[12.354078,46.736918],[12.354336,46.736965],[12.355455,46.737104],[12.356964,46.73738],[12.35764,46.737482],[12.358331,46.737577],[12.358851,46.73769],[12.35916,46.737798],[12.36001,46.738144],[12.359935,46.738257],[12.359892,46.738449],[12.359843,46.738707],[12.359639,46.738726],[12.359308,46.738724],[12.359148,46.738738],[12.357876,46.739064],[12.357493,46.739076],[12.357353,46.739124],[12.357279,46.73921],[12.357262,46.739339],[12.357278,46.739396],[12.35732,46.73943],[12.356868,46.73934],[12.355646,46.739226]]},"properties":{"couleur":"#8a6a4f","jour":"2026-08-06","mode":"route","source":"calculee"}},{"type":"Feature","geometry":{"type":"LineString","coordinates":[[12.355597222222222,46.739469444444445],[12.364263888888889,46.73931666666667],[12.3731,46.7428],[12.386313888888889,46.74378333333333]]},"properties":{"couleur":"#4f7d5e","jour":"2026-08-06","mode":"velo","source":"mesuree"}},{"type":"Feature","geometry":{"type":"LineString","coordinates":[[12.386592,46.743971],[12.386912,46.743749],[12.387046,46.743688],[12.387131,46.743681],[12.387157,46.743631],[12.387279,46.743406],[12.387307,46.743355],[12.38747,46.743037],[12.387583,46.742828],[12.38776,46.742556],[12.387512,46.742423],[12.387142,46.74219],[12.386806,46.741933],[12.386313,46.741525],[12.385994,46.741313],[12.385613,46.741123],[12.385237,46.740989],[12.384821,46.740885],[12.384418,46.740822],[12.384137,46.740801],[12.383115,46.740787],[12.382441,46.740758],[12.382138,46.740741],[12.381228,46.740642],[12.380477,46.740532],[12.379743,46.740448],[12.377371,46.74026],[12.37678,46.740249],[12.376235,46.740277],[12.375866,46.740308],[12.375109,46.740398],[12.374843,46.740434],[12.37395,46.740553],[12.373686,46.740588],[12.373397,46.740617],[12.372504,46.740686],[12.372222,46.740692],[12.371895,46.740676],[12.371463,46.740635],[12.370823,46.74054],[12.3701,46.740397],[12.369464,46.740298],[12.368983,46.740171],[12.368309,46.739891],[12.367133,46.739309],[12.366798,46.739204],[12.366646,46.73917],[12.36639,46.739134],[12.366079,46.739119],[12.365531,46.739093],[12.365476,46.73909],[12.365453,46.739275],[12.365408,46.739271]]},"properties":{"couleur":"#8a6a4f","jour":"2026-08-06","mode":"route","source":"calculee"}},{"type":"Feature","geometry":{"type":"LineString","coordinates":[[12.365408,46.739271],[12.365453,46.739275],[12.365476,46.73909],[12.365531,46.739093],[12.366079,46.739119],[12.36639,46.739134],[12.366646,46.73917],[12.366798,46.739204],[12.367133,46.739309],[12.368309,46.739891],[12.368983,46.740171],[12.369464,46.740298],[12.3701,46.740397],[12.370823,46.74054],[12.371463,46.740635],[12.371895,46.740676],[12.372222,46.740692],[12.372504,46.740686],[12.373397,46.740617],[12.373686,46.740588],[12.37395,46.740553],[12.374843,46.740434],[12.375109,46.740398],[12.375866,46.740308],[12.376235,46.740277],[12.37678,46.740249],[12.377371,46.74026],[12.379743,46.740448],[12.380477,46.740532],[12.381228,46.740642],[12.382138,46.740741],[12.382441,46.740758],[12.383115,46.740787],[12.384137,46.740801],[12.384418,46.740822],[12.384821,46.740885],[12.385237,46.740989],[12.385613,46.741123],[12.385994,46.741313],[12.386313,46.741525],[12.386806,46.741933],[12.387142,46.74219],[12.387512,46.742423],[12.38776,46.742556],[12.388042,46.742682],[12.388583,46.742868],[12.388893,46.742945],[12.390549,46.743269],[12.391782,46.743473],[12.392339,46.743602],[12.393088,46.743812],[12.39329,46.743882],[12.393493,46.743979],[12.393596,46.744056],[12.393838,46.744288],[12.39387,46.744321],[12.394167,46.744618],[12.394487,46.744957],[12.394588,46.745087],[12.394625,46.745148],[12.394821,46.745363],[12.394916,46.745447],[12.395068,46.745553],[12.395269,46.745631],[12.395465,46.74567],[12.395698,46.745691],[12.397094,46.745744],[12.398108,46.74574],[12.39854,46.745753],[12.398868,46.745784],[12.398999,46.745802],[12.399614,46.745906],[12.399901,46.745933],[12.400178,46.745939],[12.400398,46.745926],[12.400402,46.745859],[12.400464,46.745829],[12.400462,46.745741],[12.400499,46.745623]]},"properties":{"couleur":"#8a6a4f","jour":"2026-08-06","mode":"route","source":"calculee"}},{"type":"Feature","geometry":{"type":"LineString","coordinates":[[12.4008,46.7456],[12.3964,46.7448]]},"properties":{"couleur":"#4f7d5e","jour":"2026-08-06","mode":"velo","source":"mesuree"}},{"type":"Feature","geometry":{"type":"LineString","coordinates":[[12.396399,46.744769],[12.396385,46.744769],[12.396277,46.744812],[12.396478,46.745049],[12.396682,46.745276],[12.396973,46.745502],[12.397052,46.745549],[12.397074,46.745586],[12.397094,46.745744],[12.398061,46.74574]]},"properties":{"couleur":"#8a6a4f","jour":"2026-08-06","mode":"route","source":"calculee"}},{"type":"Feature","geometry":{"type":"LineString","coordinates":[[12.39806111111111,46.74574722222222],[12.424961111111111,46.74648055555556],[12.429808333333332,46.74851666666667]]},"properties":{"couleur":"#4f7d5e","jour":"2026-08-06","mode":"velo","source":"mesuree"}},{"type":"Feature","geometry":{"type":"LineString","coordinates":[[12.429808333333332,46.74851666666667],[12.435569444444445,46.749097222222225]]},"properties":{"couleur":"#c0562a","jour":"2026-08-06","mode":"marche","source":"mesuree"}},{"type":"Feature","geometry":{"type":"LineString","coordinates":[[12.435569444444445,46.749097222222225],[12.440230555555555,46.74675555555556]]},"properties":{"couleur":"#4f7d5e","jour":"2026-08-06","mode":"velo","source":"mesuree"}},{"type":"Feature","geometry":{"type":"LineString","coordinates":[[12.440230555555555,46.74675555555556],[12.449491666666667,46.74868611111111],[12.466299999999999,46.7479]]},"properties":{"couleur":"#c0562a","jour":"2026-08-06","mode":"marche","source":"mesuree"}},{"type":"Feature","geometry":{"type":"LineString","coordinates":[[12.466299999999999,46.7479],[12.46221111111111,46.745108333333334],[12.486713888888888,46.74709722222222]]},"properties":{"couleur":"#4f7d5e","jour":"2026-08-06","mode":"velo","source":"mesuree"}},{"type":"Feature","geometry":{"type":"LineString","coordinates":[[12.486713888888888,46.74709722222222],[12.5092,46.7491]]},"properties":{"couleur":"#c0562a","jour":"2026-08-06","mode":"marche","source":"mesuree"}},{"type":"Feature","geometry":{"type":"LineString","coordinates":[[12.5092,46.7491],[12.6088,46.7721]]},"properties":{"couleur":"#4f7d5e","jour":"2026-08-06","mode":"velo","source":"mesuree"}},{"type":"Feature","geometry":{"type":"LineString","coordinates":[[12.608516,46.772475],[12.609258,46.772738],[12.611174,46.773436],[12.612266,46.773867],[12.614335,46.774788],[12.615348,46.775229],[12.615879,46.775441],[12.616673,46.775663],[12.617017,46.77573],[12.61767,46.775808],[12.618033,46.775832],[12.618749,46.775814],[12.621637,46.775673],[12.622429,46.775701],[12.627584,46.776236],[12.627967,46.776303],[12.628301,46.7764],[12.629149,46.776753],[12.629602,46.776889],[12.632389,46.777659]]},"properties":{"couleur":"#8a6a4f","jour":"2026-08-06","mode":"route","source":"calculee"}},{"type":"Feature","geometry":{"type":"LineString","coordinates":[[12.6326,46.7773],[12.6591,46.7838],[12.6868,46.785399999999996],[12.280108333333335,46.73314722222222]]},"properties":{"couleur":"#4f7d5e","jour":"2026-08-06","mode":"velo","source":"mesuree"}},{"type":"Feature","geometry":{"type":"LineString","coordinates":[[12.280108333333335,46.73314722222222],[12.281430555555556,46.73309444444445],[12.28221388888889,46.73316388888889]]},"properties":{"couleur":"#c0562a","jour":"2026-08-06","mode":"marche","source":"mesuree"}},{"type":"Feature","geometry":{"type":"LineString","coordinates":[[12.035969444444444,46.77534166666666],[12.085691666666667,46.69858055555555]]},"properties":{"couleur":"#c0562a","jour":"2026-08-07","mode":"marche","source":"mesuree"}},{"type":"Feature","geometry":{"type":"LineString","coordinates":[[12.085691666666667,46.69858055555555],[12.085066666666668,46.69869722222222]]},"properties":{"couleur":"#4f7d5e","jour":"2026-08-07","mode":"velo","source":"mesuree"}},{"type":"Feature","geometry":{"type":"LineString","coordinates":[[12.085066666666668,46.69869722222222],[12.085725,46.698575],[12.085105555555556,46.69935555555555],[12.085,46.69876111111111],[12.085722222222223,46.69857777777777],[12.084011111111112,46.697925]]},"properties":{"couleur":"#c0562a","jour":"2026-08-07","mode":"marche","source":"mesuree"}},{"type":"Feature","geometry":{"type":"LineString","coordinates":[[12.22056,46.705981],[12.220564,46.705462],[12.220572,46.705301],[12.220625,46.705002],[12.22074,46.704739],[12.220815,46.70463],[12.221055,46.704374],[12.221679,46.703884],[12.2219,46.703653],[12.222089,46.703364],[12.222191,46.703092],[12.222232,46.702909],[12.222263,46.702535],[12.222253,46.701961],[12.222334,46.701732],[12.222674,46.701279],[12.222746,46.701144],[12.222774,46.701019],[12.222769,46.700721],[12.222668,46.699676],[12.222454,46.69909],[12.222409,46.698522],[12.222349,46.698331],[12.222273,46.698175],[12.222098,46.697959],[12.221969,46.697748],[12.221917,46.697514],[12.221934,46.697258],[12.222012,46.697045],[12.222189,46.696783],[12.222271,46.696618],[12.22238,46.696178],[12.222588,46.695604],[12.22275,46.694999],[12.222731,46.694436],[12.22276,46.694262],[12.22282,46.69406],[12.223039,46.693498],[12.223107,46.69336],[12.223229,46.693181],[12.223392,46.692988],[12.223916,46.692569],[12.224011,46.692453],[12.224113,46.692251],[12.224144,46.692068],[12.224118,46.691854],[12.22389,46.691377],[12.22383,46.691217],[12.223793,46.691032],[12.223733,46.69063],[12.223753,46.689995],[12.223524,46.688838],[12.223553,46.688701],[12.223787,46.688161],[12.223815,46.688022],[12.223805,46.687444],[12.224036,46.686683],[12.224412,46.685725],[12.224472,46.68543],[12.224514,46.684901],[12.224497,46.684464],[12.224443,46.684078],[12.224425,46.683816],[12.224444,46.68295],[12.224442,46.682811],[12.224441,46.682752],[12.224419,46.682625],[12.224134,46.681732],[12.223559,46.679991],[12.222346,46.676323],[12.221875,46.674879],[12.221779,46.674519],[12.221677,46.673616],[12.221612,46.673376],[12.221555,46.673233],[12.22146,46.672989],[12.221423,46.672785],[12.221525,46.672029],[12.221548,46.671858],[12.221539,46.671702],[12.221488,46.671549],[12.221407,46.671404],[12.221367,46.671338],[12.221087,46.670898],[12.221052,46.670703],[12.221065,46.670439],[12.222795,46.66508],[12.223008,46.66441],[12.223046,46.664262],[12.223658,46.661322],[12.223703,46.661173],[12.223787,46.661018],[12.223904,46.660867],[12.223998,46.660776],[12.225585,46.659228],[12.225773,46.65899],[12.225902,46.658741],[12.22596,46.658488],[12.225954,46.658283],[12.225566,46.656747],[12.22555,46.656619],[12.22559,46.656507],[12.225668,46.656436],[12.225845,46.656343],[12.226017,46.656269],[12.227435,46.655687],[12.227712,46.655523],[12.227998,46.655209],[12.228404,46.654635],[12.228425,46.65451],[12.22842,46.654328],[12.228176,46.653219],[12.228158,46.652996],[12.228796,46.651282],[12.228807,46.651195],[12.228765,46.650583],[12.228783,46.650414],[12.228835,46.650293],[12.228948,46.650139],[12.230148,46.649141],[12.230351,46.648934],[12.232447,46.645992],[12.232504,46.645869],[12.232547,46.645681],[12.232558,46.645522],[12.23253,46.645353],[12.2324,46.644144],[12.232235,46.642525],[12.232127,46.641585],[12.232028,46.640996],[12.231891,46.640662],[12.231815,46.64055],[12.23161,46.640319],[12.231566,46.640267],[12.231494,46.640183],[12.231433,46.640112],[12.230713,46.639273],[12.230532,46.639015],[12.230258,46.638174],[12.230258,46.638092],[12.230283,46.638018],[12.230756,46.637215],[12.230837,46.636989],[12.231247,46.634908],[12.231268,46.634762],[12.231246,46.634612],[12.231217,46.634507],[12.231127,46.634353],[12.229767,46.63263],[12.229553,46.632313],[12.229036,46.630995],[12.228916,46.630684],[12.228881,46.630541],[12.228788,46.629558],[12.228697,46.628693],[12.228605,46.628477],[12.228529,46.628374],[12.228426,46.628247],[12.226737,46.626668],[12.225906,46.625804],[12.225612,46.625418],[12.225539,46.62532],[12.22547,46.625169],[12.225181,46.624159],[12.225133,46.624063],[12.224591,46.623512],[12.224438,46.623404],[12.224054,46.623195],[12.22384,46.623124],[12.222558,46.622798],[12.222378,46.622717],[12.222229,46.622603],[12.221695,46.621936],[12.221566,46.621818],[12.22136,46.621696],[12.219431,46.620803],[12.219084,46.620711],[12.218861,46.620696],[12.218358,46.620731],[12.218309,46.620622],[12.218258,46.620571],[12.218073,46.620523],[12.218151,46.620397]]},"properties":{"couleur":"#8a6a4f","jour":"2026-08-08","mode":"route","source":"calculee"}},{"type":"Feature","geometry":{"type":"LineString","coordinates":[[12.218075,46.620375],[12.269330555555557,46.59741666666667],[12.293675,46.612430555555555]]},"properties":{"couleur":"#4f7d5e","jour":"2026-08-08","mode":"velo","source":"mesuree"}},{"type":"Feature","geometry":{"type":"LineString","coordinates":[[12.293668,46.612422],[12.293772,46.61238],[12.293996,46.61228],[12.294214,46.612133],[12.294522,46.611948],[12.295146,46.61153],[12.295338,46.611159],[12.29542,46.611076],[12.295689,46.610875],[12.295776,46.610784],[12.296232,46.609984],[12.296529,46.609714],[12.296738,46.609453],[12.297031,46.609134],[12.297089,46.609009],[12.297112,46.608802],[12.297155,46.608708],[12.297237,46.608653],[12.297481,46.608595],[12.297525,46.608565],[12.29754,46.608519],[12.297516,46.608439],[12.297469,46.608412],[12.297366,46.608402],[12.297307,46.608419],[12.296815,46.608696],[12.296704,46.608852],[12.2966,46.608961],[12.296277,46.609095],[12.296134,46.609134],[12.29589,46.609162],[12.295457,46.609182],[12.295365,46.60917],[12.294933,46.609025],[12.294848,46.608974],[12.294771,46.608879],[12.294709,46.608288],[12.294688,46.60823],[12.294651,46.608178],[12.294211,46.607848],[12.294153,46.60772],[12.294186,46.607561],[12.294608,46.606865],[12.294739,46.606745],[12.294895,46.606646],[12.294911,46.606584],[12.294898,46.606541],[12.294827,46.606478],[12.294765,46.60647],[12.294703,46.606482],[12.294625,46.606521],[12.294327,46.606704],[12.29392,46.607022],[12.293415,46.607284],[12.293332,46.607368],[12.293263,46.60749],[12.293171,46.60754],[12.293071,46.607537],[12.29302,46.607519],[12.292987,46.607491],[12.292957,46.607403],[12.293013,46.607284],[12.293056,46.607245],[12.293298,46.607122],[12.29333,46.60708],[12.293323,46.607],[12.293289,46.606968],[12.293162,46.606945],[12.293082,46.606962],[12.292261,46.607469],[12.292186,46.607499],[12.291446,46.607621],[12.290921,46.607623],[12.290659,46.607706],[12.290554,46.607697],[12.290503,46.607671],[12.29047,46.607627],[12.290486,46.607532],[12.290686,46.607249],[12.290734,46.607203],[12.290963,46.607086],[12.291029,46.606988],[12.29099,46.606926],[12.290922,46.606891],[12.290795,46.606885],[12.290068,46.607091],[12.289644,46.607158],[12.289541,46.607209],[12.289388,46.607362],[12.289281,46.607446],[12.289185,46.607495],[12.288656,46.607641],[12.28838,46.60777],[12.288217,46.607826],[12.287117,46.608098],[12.286421,46.608192],[12.286304,46.608234],[12.286056,46.608396],[12.285914,46.608415],[12.285795,46.608417],[12.285651,46.608411],[12.285005,46.608325],[12.284389,46.608114],[12.283542,46.60795],[12.283423,46.607914],[12.283064,46.607757],[12.282921,46.607724],[12.282656,46.60769],[12.282146,46.607679],[12.281911,46.607692],[12.281069,46.607819],[12.279769,46.607888],[12.278738,46.608008],[12.277528,46.608249],[12.277332,46.608308],[12.276979,46.608486],[12.276848,46.608488],[12.276802,46.60847],[12.27676,46.608428],[12.276752,46.608386],[12.276772,46.608319],[12.276831,46.608265],[12.277186,46.608025],[12.277648,46.607875],[12.277792,46.607807],[12.278186,46.607447],[12.278211,46.607376],[12.278162,46.607311],[12.278109,46.607294],[12.278007,46.607288],[12.276984,46.607299],[12.27622,46.607281],[12.276023,46.607248],[12.275282,46.607036],[12.275164,46.607063],[12.275014,46.607189],[12.274952,46.607214],[12.274841,46.607215],[12.274794,46.607199],[12.27473,46.607125],[12.274688,46.606684],[12.274629,46.606608],[12.274562,46.606589],[12.274498,46.606588],[12.274437,46.606611],[12.274201,46.606787],[12.273684,46.607001],[12.273572,46.607038],[12.273488,46.607049],[12.273411,46.607041],[12.273325,46.60701],[12.273234,46.60693],[12.273217,46.606821],[12.273295,46.60664],[12.273533,46.606356],[12.273709,46.606193],[12.27373,46.606146],[12.273724,46.60583],[12.273763,46.605741],[12.273811,46.605714],[12.273974,46.605722],[12.274369,46.605829],[12.274701,46.605869],[12.274839,46.605848],[12.274894,46.605822],[12.275206,46.60566],[12.27529,46.605585],[12.275427,46.605249],[12.275299,46.604738],[12.275298,46.604657],[12.275355,46.60444],[12.275351,46.604344],[12.275293,46.604203],[12.275244,46.604137],[12.274973,46.603938],[12.274933,46.603822],[12.274989,46.603716],[12.275265,46.603554],[12.275316,46.60348],[12.275329,46.603418],[12.275308,46.603339],[12.274146,46.601477],[12.274058,46.601378],[12.273984,46.601326],[12.273786,46.601246],[12.273627,46.601217],[12.273514,46.601194],[12.272884,46.601083],[12.271838,46.600863],[12.271471,46.600832],[12.270726,46.60083],[12.270574,46.600808],[12.270415,46.600756],[12.270297,46.600699],[12.270229,46.60065],[12.270185,46.600592],[12.27011,46.600422],[12.269973,46.599846],[12.269849,46.599319],[12.2698,46.599109],[12.269727,46.598939],[12.269638,46.598798],[12.269273,46.598254],[12.269085,46.597813],[12.268903,46.597528],[12.268855,46.59737],[12.268838,46.597097],[12.268815,46.59704],[12.268767,46.596997],[12.268708,46.596973],[12.268637,46.596968],[12.268547,46.596983],[12.268233,46.597092],[12.268035,46.597143],[12.267567,46.597185],[12.267385,46.597172],[12.266808,46.597018],[12.266693,46.596965],[12.266521,46.59684],[12.266259,46.596497],[12.266108,46.596384],[12.265939,46.596332],[12.265545,46.596258],[12.265398,46.59617],[12.264445,46.595115],[12.264165,46.594656],[12.264019,46.594409],[12.263936,46.594214],[12.263927,46.593387],[12.263889,46.593161],[12.263809,46.592955],[12.263562,46.592623],[12.263144,46.591941],[12.262841,46.591639],[12.262773,46.591547],[12.262683,46.591346],[12.262648,46.591171],[12.26222,46.590455],[12.262131,46.590367],[12.262026,46.590321],[12.26187,46.590305],[12.261783,46.59032],[12.261492,46.590418],[12.261433,46.590418],[12.261337,46.590377],[12.261304,46.590337],[12.261299,46.590286],[12.261322,46.590253],[12.261387,46.590218],[12.261578,46.590165],[12.261621,46.590133],[12.261647,46.590091],[12.26165,46.590043],[12.261629,46.59001],[12.26156,46.589974],[12.261075,46.589837],[12.260837,46.58967],[12.260782,46.589598],[12.26069,46.589392],[12.260599,46.589316],[12.260137,46.589112],[12.259971,46.589055],[12.259779,46.589018],[12.258543,46.588956],[12.258465,46.588937],[12.258386,46.588899],[12.258328,46.588848],[12.258088,46.588517],[12.258025,46.588463],[12.257916,46.588421],[12.257829,46.588411],[12.257626,46.588431],[12.257632,46.588484],[12.257594,46.58853],[12.257513,46.588554],[12.257428,46.588538],[12.257377,46.588488],[12.257382,46.588428],[12.257124,46.588371],[12.256603,46.588331],[12.256505,46.588325],[12.255844,46.588297],[12.25568,46.588254],[12.255569,46.588178],[12.255385,46.587965],[12.254875,46.587372],[12.2544,46.586821],[12.254265,46.586538],[12.254233,46.586344],[12.254183,46.586193],[12.254161,46.586149],[12.254067,46.586118],[12.254105,46.585969],[12.25418,46.585616],[12.254186,46.585398],[12.254081,46.584547],[12.254027,46.584317],[12.253934,46.584198],[12.253852,46.584135],[12.253628,46.583963],[12.25343,46.583811],[12.253402,46.58379],[12.253293,46.583693],[12.252736,46.582847],[12.252322,46.582395],[12.251859,46.581916],[12.251812,46.581855],[12.251757,46.581726],[12.251734,46.581624],[12.251759,46.581394],[12.251918,46.580824],[12.251983,46.580654],[12.252044,46.580394],[12.252065,46.579873],[12.252058,46.579772],[12.252052,46.579725],[12.251946,46.578895],[12.251909,46.578772],[12.251813,46.578567],[12.251735,46.578433],[12.251367,46.577897],[12.251067,46.577453],[12.250523,46.57665],[12.250348,46.576392],[12.249949,46.575641],[12.245826,46.570439],[12.24562,46.569976],[12.245606,46.569772],[12.245646,46.569384],[12.245754,46.568567],[12.245653,46.568039],[12.245611,46.567921],[12.245421,46.567569],[12.245406,46.567372],[12.245425,46.566845],[12.24534,46.566478],[12.245339,46.566393],[12.245442,46.566121],[12.24544,46.566083],[12.245369,46.566013],[12.245276,46.565981],[12.245217,46.565979],[12.245096,46.56601],[12.244802,46.566156],[12.244631,46.566169],[12.244526,46.566149],[12.244437,46.566111],[12.244346,46.566016],[12.244323,46.565932],[12.244322,46.565522],[12.244289,46.565264],[12.244343,46.565234],[12.24438,46.565185],[12.244415,46.565011],[12.24435,46.564842],[12.244201,46.564709],[12.244075,46.564653],[12.243613,46.564546],[12.243453,46.564491],[12.243333,46.564423],[12.243254,46.564345],[12.243199,46.564228],[12.243191,46.56408],[12.24326,46.56392],[12.243393,46.563807],[12.243567,46.563716],[12.243757,46.563676],[12.243973,46.563694],[12.244243,46.563749],[12.245401,46.564222],[12.245598,46.564279],[12.245781,46.564274],[12.245892,46.564227],[12.24598,46.56414],[12.245994,46.564054],[12.245959,46.563986],[12.245705,46.563783],[12.245638,46.563659],[12.245619,46.56354],[12.245626,46.563327],[12.245754,46.562911],[12.245743,46.562767],[12.245682,46.562665],[12.245412,46.562378],[12.245267,46.562322],[12.245006,46.562252],[12.244961,46.562214],[12.244937,46.562161],[12.244982,46.562044],[12.245044,46.56201],[12.245136,46.561998],[12.245282,46.562022],[12.245531,46.562153],[12.245613,46.562156],[12.245654,46.56214],[12.2457,46.562111],[12.24613,46.561811],[12.246199,46.561779],[12.246587,46.561797],[12.246705,46.561769],[12.246815,46.561698],[12.246844,46.561609],[12.246695,46.560251],[12.246638,46.560056],[12.246076,46.55885],[12.245589,46.558316],[12.245555,46.558258],[12.245554,46.558143],[12.245666,46.557756],[12.245716,46.557652],[12.246303,46.557022],[12.246398,46.556893],[12.246409,46.556783],[12.246346,46.556431],[12.246359,46.556159],[12.246433,46.556079],[12.246788,46.555944],[12.246847,46.555882],[12.247201,46.554946],[12.247177,46.554883],[12.247125,46.554823],[12.247039,46.554801],[12.246939,46.554802],[12.246822,46.554832],[12.246521,46.554992],[12.246259,46.555101],[12.24608,46.555243],[12.245914,46.555463],[12.24574,46.555838],[12.245645,46.555898],[12.24553,46.555909],[12.245416,46.555879],[12.245359,46.555812],[12.245323,46.555615],[12.245332,46.555342],[12.24543,46.55488],[12.245698,46.554022],[12.245756,46.553414],[12.245759,46.553009],[12.245849,46.552778],[12.245949,46.552686],[12.246081,46.552612],[12.247359,46.552146],[12.247418,46.55211],[12.247475,46.552043],[12.24744,46.551964],[12.247379,46.551923],[12.247324,46.55191],[12.247203,46.551912],[12.247113,46.551936],[12.246483,46.552197],[12.246141,46.552237],[12.24593,46.552219],[12.245847,46.552159],[12.245848,46.552083],[12.245911,46.551996],[12.245982,46.551949],[12.246262,46.551851],[12.246429,46.551738],[12.247534,46.550482],[12.247638,46.550094],[12.247816,46.54917],[12.247861,46.548847],[12.247824,46.54872],[12.24762,46.548316],[12.247614,46.548057],[12.24773,46.547851],[12.248426,46.547174],[12.248599,46.546889],[12.24876,46.54662],[12.248947,46.546317],[12.250256,46.544697],[12.250393,46.544585],[12.251275,46.543979],[12.25138,46.543882],[12.251635,46.543561],[12.251905,46.54336],[12.251956,46.543293],[12.252084,46.542939],[12.252183,46.542815],[12.25256,46.542574],[12.252842,46.542436],[12.253005,46.542277],[12.253219,46.541637],[12.253296,46.541546],[12.253651,46.541216],[12.253864,46.540895],[12.254165,46.540554],[12.254778,46.540138],[12.255056,46.539798],[12.255274,46.539532],[12.256212,46.538142],[12.256469,46.537809],[12.257004,46.537302],[12.258135,46.536376],[12.25858,46.536021],[12.260463,46.535052],[12.261461,46.534596],[12.262365,46.534317],[12.262502,46.534243],[12.263336,46.533197],[12.26355,46.532998],[12.263918,46.532795],[12.264438,46.532591],[12.265026,46.532465],[12.265465,46.532454],[12.265946,46.532527],[12.267014,46.532814],[12.26735,46.532861],[12.267927,46.532814],[12.268305,46.532711],[12.268505,46.532569],[12.268811,46.532294],[12.269114,46.532142],[12.269796,46.531934],[12.270119,46.531895],[12.270554,46.531917],[12.271742,46.532123],[12.272882,46.532284],[12.27354,46.532281],[12.273747,46.532263],[12.274464,46.532201],[12.276325,46.53204],[12.276993,46.531917],[12.27927,46.531209],[12.279929,46.53112],[12.282767,46.530964],[12.283445,46.530976],[12.283742,46.531023],[12.285484,46.53149],[12.285721,46.531512],[12.285852,46.531524],[12.286421,46.531514],[12.286813,46.531545],[12.287383,46.531683],[12.289404,46.532484],[12.290302,46.532742],[12.290563,46.532822],[12.29218,46.533542],[12.292602,46.533792],[12.29389,46.534696],[12.295985,46.536278],[12.296371,46.536538],[12.296607,46.536698],[12.297375,46.537196],[12.297911,46.537454],[12.300996,46.538782],[12.301674,46.538923],[12.30227,46.53898],[12.302582,46.538974],[12.304042,46.538876],[12.304285,46.538894],[12.304948,46.538944],[12.305325,46.539013],[12.305799,46.539144],[12.306184,46.539285],[12.307552,46.53999],[12.308953,46.540608],[12.309972,46.541184],[12.31106,46.541732],[12.311459,46.541851],[12.312064,46.541939],[12.312395,46.541986],[12.313996,46.542228],[12.314523,46.542334],[12.317501,46.543281],[12.317804,46.543342],[12.3192,46.543402],[12.31933,46.543403],[12.319899,46.543435],[12.321168,46.543563],[12.321818,46.543667],[12.322472,46.543813],[12.32318,46.544041],[12.323483,46.54416],[12.323979,46.544541],[12.324349,46.545128],[12.32443,46.545342],[12.324675,46.545835],[12.325056,46.546264],[12.325525,46.546659],[12.326822,46.547751],[12.327752,46.548381],[12.329566,46.549868],[12.330052,46.550231],[12.332829,46.551798],[12.334165,46.552462],[12.334712,46.552734],[12.336081,46.553161],[12.33673,46.553382],[12.337249,46.553613],[12.337574,46.553824],[12.337841,46.554182],[12.33821,46.554836],[12.338757,46.555715],[12.339128,46.556376],[12.340039,46.557702],[12.340506,46.558624],[12.340746,46.559083],[12.340981,46.55943],[12.341385,46.559834],[12.342181,46.560345],[12.342515,46.560655],[12.342644,46.560814],[12.343623,46.561865],[12.344226,46.562385],[12.346375,46.564115],[12.346968,46.564595],[12.347115,46.564671],[12.348264,46.565071],[12.349552,46.565615],[12.350822,46.566674],[12.351012,46.566931],[12.351968,46.568635],[12.352623,46.569433],[12.35295,46.569987],[12.353743,46.572315],[12.353917,46.5726],[12.355414,46.573866],[12.3557,46.574108],[12.356083,46.574291],[12.357694,46.574873],[12.357783,46.574905],[12.359036,46.575347],[12.360647,46.575904],[12.360982,46.57602],[12.361738,46.576275],[12.36517,46.577262],[12.365663,46.577401],[12.367376,46.577796],[12.367629,46.577787],[12.368055,46.577683],[12.369445,46.577284],[12.370455,46.577113],[12.371383,46.577048],[12.372655,46.57698],[12.372923,46.576966],[12.375011,46.577004],[12.375582,46.577015],[12.375657,46.577016],[12.376235,46.577027],[12.376613,46.577034],[12.378149,46.577196],[12.378536,46.577237],[12.378609,46.577245],[12.380122,46.577406],[12.380453,46.577441],[12.381049,46.577504],[12.382062,46.577611],[12.382196,46.577625],[12.382995,46.57771],[12.38357,46.577752],[12.38395,46.577742],[12.384082,46.577715],[12.384294,46.577671],[12.385014,46.577503],[12.385348,46.577373],[12.385553,46.577239],[12.385756,46.577018],[12.385956,46.576717],[12.386086,46.576495],[12.386215,46.576301],[12.386442,46.57598],[12.386689,46.575742],[12.387011,46.57553],[12.387323,46.575398],[12.387685,46.575296],[12.388148,46.575255],[12.390328,46.575262],[12.390756,46.575206],[12.391129,46.575033],[12.391455,46.574903],[12.393736,46.573738],[12.393943,46.573634],[12.395017,46.573066],[12.397208,46.571964],[12.397446,46.571804],[12.397676,46.571648],[12.399093,46.57068],[12.399112,46.570666],[12.399295,46.570534],[12.399473,46.570375],[12.399792,46.570087],[12.400246,46.569626],[12.400747,46.569111],[12.400973,46.568914],[12.401403,46.568626],[12.401721,46.568456],[12.402177,46.56826],[12.402761,46.56804],[12.403241,46.567856],[12.403367,46.567808],[12.403776,46.56764],[12.404547,46.567327],[12.40612,46.566686],[12.406559,46.566463],[12.406933,46.566272],[12.407137,46.566168],[12.407185,46.566144],[12.408697,46.565372],[12.409504,46.564953],[12.410749,46.564319],[12.411186,46.56411],[12.411677,46.563874],[12.412445,46.563505],[12.413629,46.562943],[12.414761,46.563792],[12.415086,46.563497],[12.415288,46.563358],[12.415494,46.563269],[12.415697,46.563254],[12.41588,46.563223]]},"properties":{"couleur":"#8a6a4f","jour":"2026-08-08","mode":"route","source":"calculee"}},{"type":"Feature","geometry":{"type":"LineString","coordinates":[[12.4158,46.562999999999995],[12.290494444444445,46.62555277777778],[12.311072222222222,46.62942777777778],[12.311930555555556,46.634280555555556]]},"properties":{"couleur":"#4f7d5e","jour":"2026-08-08","mode":"velo","source":"mesuree"}},{"type":"Feature","geometry":{"type":"LineString","coordinates":[[12.311930555555556,46.634280555555556],[12.31051388888889,46.63573888888889],[12.311361111111111,46.63697222222222],[12.308100000000001,46.63469444444444],[12.30605,46.634169444444446],[12.303975000000001,46.63238888888889],[12.298769444444444,46.629936111111114],[12.29825,46.630044444444444],[12.2921,46.6117]]},"properties":{"couleur":"#c0562a","jour":"2026-08-08","mode":"marche","source":"mesuree"}},{"type":"Feature","geometry":{"type":"LineString","coordinates":[[12.2921,46.6117],[12.2889,46.6099],[12.036044444444444,46.77536111111111]]},"properties":{"couleur":"#4f7d5e","jour":"2026-08-08","mode":"velo","source":"mesuree"}},{"type":"Feature","geometry":{"type":"LineString","coordinates":[[11.5335,46.5335],[11.534866666666666,46.532758333333334],[11.523744444444445,46.52421388888889],[11.533100000000001,46.5249]]},"properties":{"couleur":"#c0562a","jour":"2026-08-09","mode":"marche","source":"mesuree"}},{"type":"Feature","geometry":{"type":"LineString","coordinates":[[11.533100000000001,46.5249],[11.5198,46.5299],[11.4552,46.4859]]},"properties":{"couleur":"#4f7d5e","jour":"2026-08-09","mode":"velo","source":"mesuree"}},{"type":"Feature","geometry":{"type":"LineString","coordinates":[[11.4589,46.5394],[11.521600000000001,46.52121944444444],[11.560091666666667,46.56736111111111]]},"properties":{"couleur":"#4f7d5e","jour":"2026-08-09","mode":"velo","source":"mesuree"}},{"type":"Feature","geometry":{"type":"LineString","coordinates":[[11.559986111111112,46.56756666666667],[11.559530555555556,46.567925],[11.558805555555557,46.56746944444445],[11.5594,46.56715277777778],[11.534683333333334,46.532780555555554],[11.532900000000001,46.532399999999996]]},"properties":{"couleur":"#c0562a","jour":"2026-08-09","mode":"marche","source":"mesuree"}},{"type":"Feature","geometry":{"type":"LineString","coordinates":[[11.616305555555556,46.542938888888884],[11.616272222222221,46.543680555555554],[11.632386111111112,46.52491944444444],[11.63926111111111,46.51903055555555],[11.640799999999999,46.5258],[11.650380555555556,46.51927777777777],[11.652750000000001,46.519308333333335],[11.666791666666667,46.52079444444444]]},"properties":{"couleur":"#c0562a","jour":"2026-08-10","mode":"marche","source":"mesuree"}},{"type":"Feature","geometry":{"type":"LineString","coordinates":[[11.666791666666667,46.52079444444444],[11.607827777777777,46.54228333333333]]},"properties":{"couleur":"#4f7d5e","jour":"2026-08-10","mode":"velo","source":"mesuree"}},{"type":"Feature","geometry":{"type":"LineString","coordinates":[[11.607827777777777,46.54228333333333],[11.524375000000001,46.52341944444444],[11.4637,46.5396]]},"properties":{"couleur":"#c0562a","jour":"2026-08-10","mode":"marche","source":"mesuree"}},{"type":"Feature","geometry":{"type":"LineString","coordinates":[[11.534908333333334,46.53241944444444],[10.85483611111111,45.87940833333333]]},"properties":{"couleur":"#4f7d5e","jour":"2026-08-11","mode":"velo","source":"mesuree"}},{"type":"Feature","geometry":{"type":"LineString","coordinates":[[10.85483611111111,45.87940833333333],[10.8551,45.8799],[10.854855555555556,45.88144166666667],[10.853636111111111,45.8795],[10.8574,45.8777],[10.857,45.8775]]},"properties":{"couleur":"#c0562a","jour":"2026-08-11","mode":"marche","source":"mesuree"}},{"type":"Feature","geometry":{"type":"LineString","coordinates":[[10.661094444444444,45.687638888888884],[10.661775,45.687666666666665],[10.662005555555556,45.687491666666666],[10.662352777777778,45.68776944444444]]},"properties":{"couleur":"#c0562a","jour":"2026-08-12","mode":"marche","source":"mesuree"}},{"type":"Feature","geometry":{"type":"LineString","coordinates":[[10.662527777777779,45.68787777777777],[10.664227777777779,45.688491666666664]]},"properties":{"couleur":"#4f7d5e","jour":"2026-08-12","mode":"velo","source":"mesuree"}},{"type":"Feature","geometry":{"type":"LineString","coordinates":[[10.664172222222222,45.688491666666664],[10.665030555555555,45.68862222222222],[10.664736111111111,45.68821111111111],[10.66375,45.68815277777777],[10.662947222222222,45.68809444444444],[10.662541666666668,45.68766944444444],[10.662183333333333,45.687524999999994]]},"properties":{"couleur":"#c0562a","jour":"2026-08-12","mode":"marche","source":"mesuree"}},{"type":"Feature","geometry":{"type":"LineString","coordinates":[[7.341186111111111,45.58766111111111],[7.356458333333333,45.619166666666665]]},"properties":{"couleur":"#4f7d5e","jour":"2026-08-12","mode":"velo","source":"mesuree"}},{"type":"Feature","geometry":{"type":"LineString","coordinates":[[7.356458333333333,45.619166666666665],[7.356591666666667,45.61607777777778]]},"properties":{"couleur":"#c0562a","jour":"2026-08-12","mode":"marche","source":"mesuree"}},{"type":"Feature","geometry":{"type":"LineString","coordinates":[[7.3376472222222215,45.58522222222223],[7.3389999999999995,45.5856],[7.3568999999999996,45.6051]]},"properties":{"couleur":"#c0562a","jour":"2026-08-13","mode":"marche","source":"mesuree"}},{"type":"Feature","geometry":{"type":"LineString","coordinates":[[7.3568999999999996,45.6051],[7.3564,45.608000000000004]]},"properties":{"couleur":"#4f7d5e","jour":"2026-08-13","mode":"velo","source":"mesuree"}},{"type":"Feature","geometry":{"type":"LineString","coordinates":[[7.3564,45.608000000000004],[7.355502777777778,45.60679722222223],[7.3552,45.60854444444445]]},"properties":{"couleur":"#c0562a","jour":"2026-08-13","mode":"marche","source":"mesuree"}},{"type":"Feature","geometry":{"type":"LineString","coordinates":[[7.422466666666667,45.594],[7.434247222222223,45.590325]]},"properties":{"couleur":"#c0562a","jour":"2026-08-14","mode":"marche","source":"mesuree"}},{"type":"Feature","geometry":{"type":"LineString","coordinates":[[7.434247222222223,45.590325],[7.435411111111112,45.58646666666667]]},"properties":{"couleur":"#4f7d5e","jour":"2026-08-14","mode":"velo","source":"mesuree"}},{"type":"Feature","geometry":{"type":"LineString","coordinates":[[7.435411111111112,45.58646666666667],[7.432538888888889,45.58341666666667],[7.4271,45.5825],[7.426927777777778,45.58312777777778],[7.426766666666667,45.58452777777778],[7.4234027777777785,45.58542222222223],[7.418386111111111,45.58736944444445],[7.4139,45.587900000000005]]},"properties":{"couleur":"#c0562a","jour":"2026-08-14","mode":"marche","source":"mesuree"}},{"type":"Feature","geometry":{"type":"LineString","coordinates":[[7.4138777777777785,45.587900000000005],[7.3617,45.611000000000004]]},"properties":{"couleur":"#8a6a4f","jour":"2026-08-14","mode":"route","source":"mesuree"}},{"type":"Feature","geometry":{"type":"LineString","coordinates":[[7.3617,45.611000000000004],[7.397702777777778,45.595352777777784],[7.391827777777778,45.59425],[7.343299999999999,45.588300000000004]]},"properties":{"couleur":"#c0562a","jour":"2026-08-14","mode":"marche","source":"mesuree"}},{"type":"Feature","geometry":{"type":"LineString","coordinates":[[12.9887,47.5893],[12.9797,47.5225],[12.9847,47.4967]]},"properties":{"couleur":"#3f6d8c","jour":"2026-07-31","mode":"bateau","source":"manuelle"}},{"type":"Feature","geometry":{"type":"LineString","coordinates":[[12.532,46.7575],[12.61,46.79],[12.769,46.829]]},"properties":{"couleur":"#4f7d5e","jour":"2026-08-06","mode":"velo","source":"manuelle"}},{"type":"Feature","geometry":{"type":"LineString","coordinates":[[6.118759,49.212206],[6.118842,49.212412],[6.118889,49.212547],[6.122054,49.211959],[6.122209,49.211956],[6.122382,49.211897],[6.123506,49.211667],[6.123576,49.211652],[6.124131,49.21146],[6.124453,49.211365],[6.124903,49.211369],[6.125041,49.211325],[6.125118,49.211322],[6.125299,49.211234],[6.127067,49.209482],[6.128886,49.207889],[6.129187,49.207626],[6.130081,49.206778],[6.130304,49.206562],[6.130957,49.205853],[6.131316,49.205586],[6.131922,49.205224],[6.132221,49.205091],[6.132501,49.204993],[6.132856,49.204901],[6.133228,49.204838],[6.133569,49.204822],[6.134242,49.204844],[6.134703,49.204884],[6.135217,49.204906],[6.135568,49.204892],[6.136241,49.204806],[6.136562,49.204727],[6.136884,49.204627],[6.137188,49.204503],[6.137477,49.204363],[6.138001,49.204042],[6.13864,49.20351],[6.13878,49.203453],[6.141303,49.201072],[6.142412,49.200013],[6.143209,49.19934],[6.143747,49.198944],[6.144415,49.198502],[6.145193,49.198055],[6.145923,49.197676],[6.147056,49.197175],[6.147753,49.196917],[6.148649,49.196642],[6.149853,49.196327],[6.150018,49.19629],[6.151281,49.196053],[6.151992,49.19595],[6.152832,49.195861],[6.153679,49.195799],[6.154844,49.195771],[6.1556,49.19578],[6.156094,49.195802],[6.156574,49.195833],[6.157505,49.19592],[6.158147,49.196003],[6.158791,49.196108],[6.159612,49.196273],[6.160614,49.196516],[6.161559,49.196792],[6.162259,49.197021],[6.165178,49.198039],[6.166678,49.198562],[6.169266,49.199482],[6.170619,49.199944],[6.171977,49.20036],[6.172645,49.200529],[6.173354,49.200686],[6.174029,49.200816],[6.174787,49.200928],[6.175806,49.201053],[6.176329,49.201106],[6.176999,49.201149],[6.177659,49.201171],[6.178568,49.201179],[6.179561,49.201155],[6.180836,49.201094],[6.181082,49.201082],[6.185812,49.200835],[6.18907,49.200654],[6.191765,49.200486],[6.191966,49.200471],[6.192774,49.200412],[6.194443,49.200236],[6.196481,49.199945],[6.198317,49.199628],[6.201058,49.199157],[6.202572,49.198881],[6.203637,49.198657],[6.204817,49.198413],[6.206179,49.198087],[6.207366,49.197747],[6.208415,49.197422],[6.210303,49.196773],[6.211617,49.196245],[6.213514,49.195378],[6.214245,49.194987],[6.215174,49.194519],[6.216325,49.193894],[6.218495,49.192606],[6.222374,49.190196],[6.223393,49.189616],[6.225044,49.188722],[6.226098,49.188223],[6.226813,49.187903],[6.227912,49.187461],[6.2291,49.187027],[6.229954,49.186747],[6.231924,49.186181],[6.234494,49.185548],[6.235561,49.185299],[6.235733,49.185264],[6.236732,49.185024],[6.238111,49.184647],[6.239196,49.184316],[6.239942,49.184063],[6.240684,49.183774],[6.24205,49.183182],[6.242921,49.182738],[6.243947,49.182151],[6.244691,49.18167],[6.245361,49.181194],[6.245779,49.180867],[6.246403,49.18035],[6.247038,49.17977],[6.247975,49.178738],[6.248542,49.178019],[6.249118,49.177111],[6.24957,49.176251],[6.249908,49.175447],[6.250142,49.174713],[6.25033,49.173813],[6.250472,49.172616],[6.250501,49.171229],[6.250494,49.169856],[6.250537,49.168361],[6.25064,49.167548],[6.250871,49.166517],[6.251239,49.165465],[6.252314,49.162663],[6.252641,49.161616],[6.252905,49.160515],[6.25309,49.159417],[6.253133,49.158086],[6.25304,49.156785],[6.252902,49.15584],[6.25262,49.154751],[6.252204,49.153629],[6.252086,49.153344],[6.251798,49.152645],[6.251434,49.15195],[6.250343,49.150155],[6.248551,49.147324],[6.247975,49.146347],[6.247482,49.14542],[6.247156,49.144672],[6.246745,49.143532],[6.246462,49.142406],[6.24631,49.141499],[6.246249,49.140882],[6.246215,49.140027],[6.246243,49.139169],[6.246417,49.138124],[6.24651,49.137652],[6.246633,49.137177],[6.246868,49.136479],[6.247016,49.136114],[6.247196,49.135753],[6.247527,49.135177],[6.247815,49.134753],[6.248436,49.133977],[6.248815,49.13356],[6.249218,49.133154],[6.25022,49.13219],[6.250815,49.131669],[6.251765,49.130854],[6.252713,49.130093],[6.253209,49.129727],[6.253986,49.129239],[6.254647,49.128889],[6.255347,49.128589],[6.2559,49.128397],[6.256576,49.128224],[6.257261,49.128106],[6.257968,49.128032],[6.258699,49.128003],[6.260074,49.12807],[6.262501,49.128328],[6.2637,49.128414],[6.2644,49.128422],[6.265132,49.128383],[6.266103,49.128246],[6.267216,49.128032],[6.26931,49.1275],[6.269398,49.127476],[6.269937,49.127318],[6.27117,49.126977],[6.272176,49.126737],[6.273217,49.126541],[6.274782,49.126314],[6.275588,49.126228],[6.276386,49.126158],[6.27735,49.126121],[6.278348,49.126112],[6.279752,49.126161],[6.282319,49.126412],[6.284918,49.126731],[6.285999,49.12683],[6.287069,49.126893],[6.288247,49.12693],[6.289428,49.126928],[6.290491,49.12689],[6.294848,49.126625],[6.296546,49.126581],[6.29815,49.126594],[6.300095,49.126724],[6.301819,49.126881],[6.30303,49.127053],[6.304144,49.127234],[6.305261,49.127451],[6.306378,49.127699],[6.308493,49.12827],[6.310545,49.128882],[6.31271,49.129504],[6.314953,49.13012],[6.31846,49.130997],[6.318842,49.131084],[6.321496,49.131692],[6.324078,49.132234],[6.329658,49.133243],[6.333371,49.133822],[6.337202,49.134321],[6.341033,49.134734],[6.34381,49.134974],[6.346662,49.135175],[6.349598,49.13532],[6.35193,49.135424],[6.354252,49.135479],[6.357702,49.135505],[6.361121,49.135465],[6.364346,49.135403],[6.366232,49.13543],[6.368135,49.135537],[6.370569,49.135806],[6.372764,49.136182],[6.374176,49.136494],[6.378741,49.137698],[6.379043,49.137781],[6.382609,49.138755],[6.383855,49.139079],[6.385133,49.13937],[6.386267,49.139573],[6.387413,49.139723],[6.388417,49.139816],[6.38926,49.139869],[6.389972,49.139883],[6.390555,49.139893],[6.391405,49.13987],[6.393158,49.139741],[6.394152,49.139621],[6.395334,49.139424],[6.396509,49.139166],[6.397531,49.13889],[6.398693,49.13855],[6.401184,49.137781],[6.402163,49.137516],[6.403178,49.13727],[6.404961,49.136962],[6.406492,49.136805],[6.407662,49.136743],[6.40861,49.13674],[6.409637,49.136766],[6.410631,49.136834],[6.412015,49.136998],[6.412814,49.137133],[6.413856,49.137356],[6.414853,49.137599],[6.415897,49.137916],[6.417875,49.138636],[6.420352,49.139628],[6.422356,49.140341],[6.423343,49.140642],[6.425252,49.141108],[6.42617,49.141292],[6.427381,49.141499],[6.428518,49.141652],[6.430305,49.141807],[6.431485,49.141865],[6.432645,49.141881],[6.43458,49.141825],[6.435607,49.141742],[6.436634,49.141638],[6.43827,49.141411],[6.443902,49.140451],[6.44504,49.140292],[6.445547,49.140232],[6.447421,49.140052],[6.44921,49.139967],[6.451548,49.139962],[6.453869,49.14006],[6.462712,49.140517],[6.467986,49.140779],[6.468524,49.140806],[6.472512,49.140992],[6.473598,49.14102],[6.475104,49.141005],[6.476229,49.140957],[6.477383,49.140889],[6.47837,49.140795],[6.48029,49.140545],[6.480941,49.140442],[6.481765,49.140293],[6.482966,49.14005],[6.484092,49.139769],[6.485546,49.139354],[6.486286,49.139115],[6.495598,49.135812],[6.498036,49.135033],[6.499432,49.134625],[6.500851,49.134245],[6.502257,49.133893],[6.503679,49.133569],[6.505667,49.13316],[6.506886,49.132935],[6.509785,49.132477],[6.510822,49.132342],[6.513953,49.132015],[6.515871,49.131877],[6.517861,49.131774],[6.520029,49.131732],[6.521896,49.131719],[6.524062,49.131767],[6.524793,49.131799],[6.527485,49.131965],[6.529356,49.132144],[6.531322,49.132372],[6.533413,49.13265],[6.536262,49.133084],[6.539362,49.133586],[6.540441,49.133721],[6.541773,49.133819],[6.54259,49.133838],[6.543407,49.133839],[6.544417,49.133801],[6.544998,49.13376],[6.545941,49.133662],[6.546852,49.133545],[6.547661,49.133416],[6.548651,49.133231],[6.551826,49.132604],[6.55348,49.132331],[6.554973,49.132122],[6.55638,49.132005],[6.558283,49.131925],[6.560091,49.131941],[6.561267,49.132],[6.563053,49.132157],[6.566663,49.132559],[6.567759,49.132656],[6.568707,49.132707],[6.569655,49.132739],[6.572678,49.132757],[6.574418,49.132823],[6.575488,49.132903],[6.576345,49.132999],[6.577428,49.13315],[6.578499,49.133328],[6.593901,49.136629],[6.595048,49.136847],[6.596196,49.137042],[6.597115,49.137156],[6.597937,49.137223],[6.599149,49.137281],[6.60004,49.137276],[6.600954,49.137247],[6.601902,49.137174],[6.602948,49.137058],[6.603957,49.136886],[6.605083,49.136654],[6.605746,49.136491],[6.608663,49.135669],[6.609834,49.135371],[6.61114,49.135093],[6.612297,49.134912],[6.613016,49.134825],[6.614015,49.134742],[6.614614,49.134708],[6.615437,49.134691],[6.616098,49.134696],[6.617071,49.134729],[6.617638,49.134766],[6.618183,49.134821],[6.619704,49.135021],[6.620614,49.135198],[6.621604,49.135423],[6.622129,49.135557],[6.62316,49.135858],[6.62599,49.136764],[6.627934,49.137262],[6.629512,49.137578],[6.631039,49.137746],[6.632645,49.137828],[6.634714,49.13777],[6.635863,49.13767],[6.637131,49.137492],[6.639278,49.137083],[6.643404,49.136175],[6.646894,49.135417],[6.652174,49.13442],[6.656192,49.133742],[6.657172,49.133581],[6.659782,49.133198],[6.662364,49.132849],[6.665382,49.132496],[6.666643,49.132351],[6.668728,49.13212],[6.670391,49.131944],[6.67185,49.131826],[6.673517,49.131775],[6.674512,49.13179],[6.675274,49.131828],[6.676439,49.131915],[6.677528,49.132041],[6.67864,49.132216],[6.679763,49.132437],[6.680907,49.13272],[6.681861,49.133],[6.684306,49.133833],[6.686606,49.134683],[6.687377,49.13492],[6.688002,49.135092],[6.689339,49.135395],[6.690803,49.13562],[6.691914,49.135743],[6.692761,49.13581],[6.693578,49.135839],[6.695589,49.135865],[6.697631,49.135853],[6.701229,49.135819],[6.701948,49.135816],[6.702262,49.135818],[6.704338,49.135828],[6.704534,49.135829],[6.706679,49.135918],[6.716587,49.135999],[6.718921,49.135999],[6.72049,49.136],[6.721187,49.135976],[6.722247,49.135862],[6.723108,49.13572],[6.723417,49.135655],[6.724448,49.135396],[6.726826,49.134695],[6.727978,49.134388],[6.728807,49.134216],[6.729252,49.13414],[6.729664,49.134083],[6.730582,49.133999],[6.731063,49.133971],[6.731947,49.133958],[6.7325,49.133977],[6.733341,49.134043],[6.734173,49.134152],[6.735035,49.1343],[6.736516,49.134625],[6.749441,49.137746],[6.750633,49.138038],[6.751714,49.138289],[6.752658,49.138483],[6.753552,49.138644],[6.755092,49.138829],[6.755881,49.138895],[6.756677,49.138936],[6.757777,49.138948],[6.758876,49.138913],[6.759882,49.138843],[6.76108,49.138709],[6.761811,49.138605],[6.762549,49.138476],[6.763467,49.13828],[6.764441,49.138033],[6.765211,49.137808],[6.765911,49.137575],[6.773142,49.134941],[6.773961,49.134658],[6.774614,49.134473],[6.775531,49.134247],[6.776106,49.134141],[6.77665,49.134064],[6.777943,49.133964],[6.778601,49.133947],[6.779817,49.133979],[6.781054,49.134091],[6.781802,49.134194],[6.783168,49.134443],[6.784038,49.134631],[6.785077,49.134878],[6.78735,49.135457],[6.791076,49.136488],[6.792393,49.136871],[6.793068,49.137034],[6.794497,49.137283],[6.795724,49.137415],[6.797172,49.137539],[6.79885,49.1377],[6.800279,49.137853],[6.801801,49.138064],[6.802784,49.138223],[6.803993,49.138447],[6.806287,49.138974],[6.808186,49.139429],[6.808946,49.139555],[6.809745,49.139634],[6.810304,49.139656],[6.810717,49.139653],[6.811121,49.139632],[6.811594,49.139581],[6.812486,49.139428],[6.812996,49.139307],[6.813387,49.139189],[6.814627,49.13871],[6.815017,49.138545],[6.816508,49.137863],[6.817159,49.137498],[6.817708,49.137163],[6.818316,49.136733],[6.818771,49.136378],[6.819712,49.135501],[6.820522,49.134481],[6.821167,49.133349],[6.821584,49.132019],[6.822046,49.129353],[6.822198,49.128692],[6.822508,49.127797],[6.823037,49.126703],[6.823886,49.125401],[6.825024,49.124118],[6.825863,49.123331],[6.82668,49.122657],[6.828514,49.12139],[6.830469,49.120313],[6.832654,49.119334],[6.839963,49.116664],[6.843259,49.115242],[6.845538,49.114023],[6.8508,49.111032],[6.853729,49.109355],[6.857478,49.107215],[6.861814,49.104728],[6.863035,49.103987],[6.864518,49.10294],[6.865798,49.101859],[6.866423,49.101272],[6.867259,49.100386],[6.868309,49.099114],[6.86928,49.0976],[6.87363,49.088664],[6.874114,49.087739],[6.874527,49.087003],[6.875234,49.085963],[6.87573,49.085302],[6.876319,49.084634],[6.877289,49.083614],[6.878453,49.082597],[6.879341,49.081888],[6.880198,49.081278],[6.88109,49.080696],[6.882376,49.079942],[6.884088,49.079082],[6.886634,49.078023],[6.887995,49.077559],[6.889304,49.077156],[6.892698,49.076329],[6.896584,49.075288],[6.897166,49.075127],[6.897369,49.075071],[6.898982,49.074664],[6.900351,49.074276],[6.909037,49.071218],[6.911267,49.07048],[6.91323,49.069972],[6.91459,49.069696],[6.915347,49.069572],[6.916557,49.069399],[6.917818,49.069273],[6.91864,49.069212],[6.920008,49.069151],[6.920316,49.069143],[6.923866,49.069046],[6.925927,49.068887],[6.928239,49.06856],[6.93053,49.068076],[6.932627,49.06746],[6.934364,49.066826],[6.935746,49.066225],[6.937453,49.06533],[6.940254,49.063585],[6.941813,49.062673],[6.942556,49.062309],[6.943691,49.061818],[6.944165,49.061634],[6.944908,49.061366],[6.945612,49.061146],[6.947511,49.060647],[6.948711,49.060409],[6.950151,49.06018],[6.951725,49.060025],[6.954393,49.059936],[6.958107,49.059867],[6.959683,49.059811],[6.961176,49.059672],[6.96345,49.059271],[6.964884,49.058917],[6.966814,49.058242],[6.96826,49.057604],[6.96977,49.056695],[6.971105,49.055693],[6.974087,49.053204],[6.975876,49.052002],[6.977357,49.051161],[6.978517,49.050601],[6.980008,49.049969],[6.981548,49.049408],[6.983113,49.048925],[6.984447,49.048584],[6.986369,49.048207],[6.987596,49.04802],[6.988921,49.047858],[6.992205,49.047514],[6.994028,49.047343],[6.996436,49.047069],[6.997493,49.046911],[6.99855,49.046714],[6.999361,49.046541],[7.000149,49.046348],[7.000819,49.046136],[7.001694,49.045834],[7.002699,49.045418],[7.003005,49.045292],[7.006859,49.043447],[7.00781,49.043094],[7.010545,49.042255],[7.012543,49.041885],[7.014747,49.041645],[7.016874,49.04155],[7.018739,49.041575],[7.019553,49.041603],[7.021187,49.041709],[7.0223,49.041821],[7.023735,49.041998],[7.025366,49.042222],[7.025451,49.042234],[7.025824,49.04229],[7.025949,49.042309],[7.029174,49.042767],[7.03,49.042884],[7.031021,49.043024],[7.031311,49.043066],[7.032687,49.043247],[7.032843,49.043266],[7.034675,49.043453],[7.036749,49.043561],[7.038153,49.043579],[7.040003,49.043526],[7.042508,49.043304],[7.044883,49.042967],[7.046302,49.042683],[7.048312,49.042198],[7.051098,49.041348],[7.052697,49.040765],[7.054126,49.040214],[7.055443,49.039626],[7.05765,49.038566],[7.058928,49.037865],[7.060262,49.037046],[7.061295,49.03636],[7.061444,49.036244],[7.062484,49.035434],[7.063671,49.034388],[7.064541,49.033506],[7.065775,49.031966],[7.066533,49.030823],[7.06715,49.029636],[7.067696,49.028348],[7.068309,49.026743],[7.070149,49.02173],[7.070635,49.020256],[7.070844,49.019421],[7.070919,49.019047],[7.071052,49.018397],[7.071173,49.017392],[7.071236,49.015764],[7.071102,49.013538],[7.071,49.012345],[7.070793,49.009635],[7.070775,49.009398],[7.070615,49.007598],[7.070489,49.006643],[7.070339,49.00586],[7.070278,49.005602],[7.070022,49.004588],[7.069385,49.002811],[7.068775,49.001546],[7.068435,49.000922],[7.068068,49.000305],[7.067251,48.999089],[7.065802,48.997094],[7.064623,48.995486],[7.063576,48.993762],[7.062683,48.991978],[7.062258,48.990862],[7.06191,48.989733],[7.06163,48.9884],[7.061469,48.987086],[7.061424,48.986065],[7.061451,48.985022],[7.061636,48.983566],[7.061986,48.981897],[7.06217,48.981305],[7.062467,48.980425],[7.062853,48.979493],[7.063327,48.978503],[7.063666,48.977813],[7.064207,48.976875],[7.065215,48.975278],[7.066318,48.973758],[7.068218,48.971466],[7.068689,48.970956],[7.069149,48.970459],[7.070097,48.969491],[7.071698,48.968097],[7.072512,48.967417],[7.073354,48.966743],[7.074931,48.965562],[7.076671,48.964379],[7.077883,48.963611],[7.079164,48.962846],[7.080652,48.961988],[7.084444,48.959847],[7.086113,48.95886],[7.086732,48.958474],[7.088271,48.957459],[7.089754,48.956377],[7.090689,48.955635],[7.09161,48.95485],[7.092496,48.95404],[7.093163,48.953387],[7.094163,48.95233],[7.094815,48.951584],[7.095329,48.950951],[7.095801,48.950332],[7.095888,48.950222],[7.09627,48.949705],[7.097028,48.948596],[7.099103,48.945412],[7.099849,48.944348],[7.100671,48.943284],[7.101542,48.942302],[7.102378,48.941455],[7.103229,48.940685],[7.104136,48.939915],[7.105123,48.939148],[7.106139,48.938424],[7.107265,48.937687],[7.109081,48.936613],[7.110364,48.935891],[7.111099,48.935478],[7.112429,48.934655],[7.113081,48.934203],[7.113708,48.933731],[7.114376,48.933182],[7.114952,48.932632],[7.115041,48.932545],[7.115617,48.931933],[7.116189,48.93124],[7.116541,48.930759],[7.116836,48.93031],[7.117303,48.929504],[7.117714,48.928608],[7.117974,48.92788],[7.118224,48.926954],[7.118811,48.923557],[7.119052,48.922377],[7.119411,48.920887],[7.119464,48.920697],[7.119701,48.919863],[7.120492,48.917426],[7.120675,48.916874],[7.12082,48.91645],[7.121027,48.915849],[7.121259,48.915212],[7.121427,48.914781],[7.122127,48.912736],[7.123676,48.90822],[7.124363,48.906116],[7.124659,48.905024],[7.124772,48.904576],[7.125058,48.903106],[7.125185,48.902371],[7.125314,48.901412],[7.125459,48.899962],[7.125523,48.898785],[7.125532,48.897895],[7.125502,48.897155],[7.125405,48.896141],[7.125216,48.894856],[7.124895,48.893373],[7.124561,48.892138],[7.124305,48.891393],[7.123961,48.890586],[7.123404,48.889401],[7.12305,48.888695],[7.122382,48.887484],[7.122315,48.887371],[7.12163,48.886145],[7.120922,48.884743],[7.120303,48.883261],[7.119872,48.881898],[7.119728,48.881293],[7.119511,48.88007],[7.119419,48.879208],[7.119379,48.877787],[7.119399,48.87721],[7.119501,48.876107],[7.119671,48.875037],[7.120245,48.872267],[7.12027,48.872153],[7.120582,48.870214],[7.120703,48.868896],[7.120726,48.868021],[7.120721,48.86716],[7.12069,48.866503],[7.120412,48.862859],[7.120355,48.861497],[7.120407,48.860014],[7.120582,48.858449],[7.120865,48.856987],[7.121039,48.856323],[7.12126,48.855593],[7.121284,48.855501],[7.121562,48.854749],[7.121999,48.853734],[7.123529,48.850433],[7.124117,48.849255],[7.124437,48.848667],[7.124853,48.847993],[7.125262,48.847381],[7.126214,48.846161],[7.127153,48.845086],[7.128121,48.844099],[7.129549,48.842823],[7.130298,48.842224],[7.131653,48.841229],[7.140085,48.835538],[7.141209,48.83472],[7.141409,48.834578],[7.14163,48.834402],[7.142603,48.833623],[7.143673,48.832681],[7.145064,48.831254],[7.146407,48.829619],[7.147209,48.828444],[7.147541,48.827883],[7.148109,48.826812],[7.148294,48.826429],[7.148463,48.826119],[7.150038,48.822635],[7.151203,48.820136],[7.151738,48.819193],[7.152018,48.818756],[7.152593,48.817953],[7.15342,48.816945],[7.154083,48.816239],[7.154574,48.815755],[7.155103,48.815272],[7.155926,48.814575],[7.156735,48.813956],[7.157332,48.813531],[7.158136,48.813001],[7.158915,48.81253],[7.159601,48.812146],[7.160739,48.811565],[7.161183,48.811343],[7.161934,48.811005],[7.162959,48.810576],[7.163799,48.810258],[7.164826,48.809902],[7.1653,48.809751],[7.167236,48.809189],[7.169481,48.808591],[7.170704,48.808248],[7.171666,48.80794],[7.172638,48.807591],[7.173423,48.807271],[7.174137,48.806958],[7.174825,48.806622],[7.174976,48.806543],[7.175932,48.806035],[7.179747,48.803863],[7.181746,48.802808],[7.182689,48.802327],[7.183984,48.801717],[7.186698,48.800528],[7.188291,48.799906],[7.190052,48.799269],[7.191292,48.798864],[7.192582,48.798453],[7.194045,48.798031],[7.196217,48.79746],[7.198458,48.796915],[7.199387,48.796706],[7.203318,48.795778],[7.20619,48.795024],[7.207123,48.794746],[7.207822,48.79453],[7.209192,48.794059],[7.210082,48.793734],[7.211883,48.793018],[7.212958,48.792534],[7.21309,48.792473],[7.213728,48.792178],[7.214755,48.791674],[7.216111,48.790963],[7.216907,48.790519],[7.217843,48.789956],[7.218814,48.78933],[7.220058,48.788467],[7.221172,48.787625],[7.222015,48.786935],[7.223608,48.785516],[7.225163,48.783887],[7.22579,48.783193],[7.227487,48.781221],[7.227906,48.780752],[7.22843,48.78023],[7.228552,48.780121],[7.229104,48.779646],[7.22968,48.779204],[7.229852,48.77908],[7.230745,48.778493],[7.231559,48.778024],[7.232677,48.777482],[7.23329,48.777219],[7.234513,48.776759],[7.235196,48.776546],[7.235868,48.77636],[7.236589,48.776188],[7.2373,48.776045],[7.238502,48.775834],[7.238624,48.775818],[7.239613,48.775682],[7.24065,48.775559],[7.241906,48.775461],[7.242771,48.775414],[7.243724,48.775386],[7.244553,48.775379],[7.245952,48.775409],[7.246788,48.775442],[7.247915,48.775507],[7.249758,48.775658],[7.249928,48.775669],[7.250837,48.775741],[7.252969,48.775882],[7.254975,48.77599],[7.256765,48.776028],[7.259338,48.775997],[7.262253,48.775877],[7.262413,48.775864],[7.264309,48.775711],[7.266275,48.775497],[7.268034,48.775274],[7.269742,48.775003],[7.270785,48.774812],[7.272472,48.774466],[7.273604,48.77421],[7.276598,48.773499],[7.27747,48.77331],[7.278434,48.773128],[7.279432,48.772969],[7.280289,48.772873],[7.281171,48.77281],[7.282429,48.772776],[7.283353,48.772785],[7.283915,48.772809],[7.286166,48.772952],[7.288244,48.773054],[7.28987,48.77308],[7.29146,48.773034],[7.293018,48.772938],[7.294698,48.772766],[7.29571,48.772628],[7.29699,48.77242],[7.298242,48.77216],[7.300087,48.771709],[7.302744,48.770969],[7.303384,48.770815],[7.303996,48.770695],[7.304699,48.770591],[7.305472,48.770516],[7.30606,48.770488],[7.306879,48.770488],[7.30729,48.770503],[7.308133,48.770577],[7.309072,48.770712],[7.310066,48.770892],[7.311405,48.77111],[7.312342,48.77121],[7.312851,48.771234],[7.313559,48.771241],[7.314362,48.77121],[7.316252,48.771095],[7.317124,48.771072],[7.317936,48.771097],[7.318675,48.771172],[7.319178,48.771256],[7.319771,48.771391],[7.320464,48.771589],[7.321244,48.771854],[7.322642,48.772364],[7.323184,48.772543],[7.323774,48.772707],[7.324488,48.772878],[7.324773,48.772929],[7.325446,48.773008],[7.325745,48.773029],[7.326466,48.773041],[7.327111,48.773003],[7.32771,48.77294],[7.328306,48.772843],[7.329251,48.772624],[7.330302,48.772339],[7.33177,48.771916],[7.332736,48.771606],[7.333697,48.77123],[7.334282,48.770976],[7.334961,48.770649],[7.335391,48.770423],[7.336204,48.769949],[7.336912,48.769484],[7.337728,48.768856],[7.338136,48.768505],[7.338658,48.768008],[7.340937,48.76567],[7.341514,48.765131],[7.342277,48.764552],[7.343155,48.764005],[7.346772,48.762056],[7.347867,48.761494],[7.348306,48.761299],[7.349231,48.760953],[7.34974,48.7608],[7.350408,48.760649],[7.35126,48.76051],[7.351457,48.760485],[7.351943,48.760436],[7.353392,48.760383],[7.357015,48.76034],[7.359517,48.760307],[7.360934,48.760339],[7.361664,48.760387],[7.362313,48.760461],[7.363169,48.760596],[7.36374,48.760719],[7.364511,48.760917],[7.364962,48.761052],[7.365818,48.761364],[7.366291,48.761567],[7.366767,48.761793],[7.367564,48.76223],[7.367892,48.762435],[7.369563,48.763548],[7.37053,48.764136],[7.371134,48.764442],[7.371983,48.764805],[7.372123,48.764864],[7.373348,48.765383],[7.375975,48.766473],[7.377609,48.767193],[7.378785,48.767742],[7.38109,48.768915],[7.383505,48.770208],[7.384995,48.771029],[7.385354,48.771236],[7.386809,48.771993],[7.388732,48.772923],[7.390786,48.773859],[7.390849,48.773888],[7.392554,48.774581],[7.393882,48.775081],[7.395465,48.775636],[7.396643,48.77601],[7.397743,48.776336],[7.399134,48.776694],[7.400227,48.776942],[7.401304,48.777151],[7.402593,48.777367],[7.403722,48.777518],[7.404396,48.777592],[7.405302,48.777674],[7.406409,48.777745],[7.40803,48.777795],[7.408165,48.777797],[7.409248,48.777796],[7.410442,48.777755],[7.411851,48.777663],[7.412482,48.777604],[7.414607,48.777354],[7.418259,48.776847],[7.419456,48.776717],[7.420588,48.776624],[7.422641,48.776534],[7.426241,48.776489],[7.42722,48.776463],[7.428652,48.776395],[7.430087,48.776273],[7.430283,48.776253],[7.431613,48.776089],[7.43295,48.775879],[7.433993,48.775675],[7.434864,48.775488],[7.435996,48.775219],[7.439292,48.77439],[7.440115,48.774204],[7.440968,48.774023],[7.441764,48.773876],[7.443379,48.773629],[7.444354,48.773514],[7.44545,48.773413],[7.446905,48.773324],[7.448284,48.773284],[7.4531,48.773284],[7.454208,48.773255],[7.455803,48.773163],[7.456665,48.773088],[7.457701,48.772971],[7.458487,48.772864],[7.459314,48.772734],[7.460469,48.772524],[7.461661,48.772264],[7.461806,48.77223],[7.466028,48.771149],[7.467325,48.770831],[7.468334,48.770605],[7.469367,48.770396],[7.470314,48.770225],[7.471415,48.770046],[7.472374,48.769915],[7.473579,48.769775],[7.474511,48.769685],[7.475364,48.769622],[7.477224,48.769527],[7.477361,48.769524],[7.478482,48.769505],[7.480076,48.769517],[7.481713,48.76958],[7.482698,48.769645],[7.482842,48.769655],[7.483974,48.769745],[7.489685,48.770417],[7.490184,48.770468],[7.491404,48.770589],[7.49216,48.770645],[7.492819,48.770687],[7.494199,48.770743],[7.495853,48.770763],[7.497343,48.770733],[7.498234,48.770691],[7.500004,48.770574],[7.50186,48.770396],[7.503027,48.770265],[7.505563,48.769979],[7.507722,48.769756],[7.509268,48.769615],[7.511682,48.769448],[7.513311,48.769369],[7.515519,48.769323],[7.516899,48.769324],[7.51802,48.769342],[7.520316,48.769419],[7.528218,48.76986],[7.530642,48.76991],[7.53311,48.769886],[7.534473,48.769837],[7.535763,48.769779],[7.53747,48.769663],[7.538978,48.769534],[7.540266,48.769399],[7.54163,48.769242],[7.546854,48.768539],[7.548308,48.768358],[7.549701,48.768209],[7.551468,48.768046],[7.553138,48.767931],[7.554436,48.767858],[7.555805,48.767811],[7.558229,48.767781],[7.558433,48.767785],[7.560177,48.76781],[7.561824,48.767863],[7.566614,48.76808],[7.568427,48.768137],[7.569643,48.76816],[7.570475,48.76816],[7.572112,48.76813],[7.573017,48.768093],[7.573315,48.768082],[7.574475,48.768017],[7.576033,48.767903],[7.57977,48.767593],[7.580884,48.767516],[7.58191,48.767462],[7.583593,48.767445],[7.58421,48.767455],[7.584938,48.767475],[7.586605,48.767571],[7.587459,48.767649],[7.588396,48.767759],[7.590064,48.767998],[7.593072,48.768507],[7.595325,48.768881],[7.597073,48.769152],[7.598756,48.769316],[7.601092,48.769457],[7.601953,48.769525],[7.602038,48.769532],[7.602131,48.769539],[7.60492,48.76974],[7.605462,48.769775],[7.60555,48.769783],[7.60695,48.769904],[7.608853,48.769974],[7.610219,48.770044],[7.61152,48.770131],[7.612811,48.770254],[7.612919,48.770264],[7.618451,48.77081],[7.620852,48.77099],[7.622818,48.771083],[7.623089,48.771092],[7.624638,48.771124],[7.626072,48.771121],[7.626198,48.771119],[7.627064,48.771102],[7.628245,48.771052],[7.630663,48.770914],[7.632687,48.770727],[7.633828,48.770599],[7.636638,48.770196],[7.63792,48.769974],[7.639559,48.769654],[7.640806,48.769377],[7.642179,48.769052],[7.644433,48.768435],[7.644683,48.768361],[7.646471,48.767808],[7.647997,48.767269],[7.649593,48.766674],[7.653917,48.764941],[7.655181,48.764476],[7.656741,48.76396],[7.659077,48.763261],[7.660277,48.762883],[7.661457,48.762475],[7.662294,48.762151],[7.663353,48.761698],[7.664184,48.761318],[7.665132,48.760844],[7.665984,48.760372],[7.666892,48.759829],[7.670851,48.757284],[7.672155,48.756501],[7.673698,48.755629],[7.677105,48.753815],[7.678587,48.752964],[7.67928,48.752528],[7.679386,48.752463],[7.680491,48.751687],[7.681251,48.751099],[7.681888,48.750553],[7.682464,48.750024],[7.682946,48.749552],[7.683499,48.748958],[7.684096,48.748272],[7.684419,48.747868],[7.68505,48.746979],[7.685525,48.746205],[7.686301,48.744775],[7.686391,48.744584],[7.686619,48.744067],[7.686972,48.743196],[7.687136,48.742756],[7.687577,48.741414],[7.687938,48.739967],[7.688215,48.738416],[7.688235,48.738303],[7.688459,48.736489],[7.688487,48.73624],[7.68864,48.734783],[7.688839,48.733346],[7.688926,48.732847],[7.688995,48.732466],[7.689349,48.730943],[7.689578,48.730173],[7.689964,48.729038],[7.690217,48.728418],[7.690405,48.727955],[7.690485,48.72775],[7.690609,48.727398],[7.690689,48.727275],[7.691354,48.725952],[7.691895,48.724994],[7.692694,48.723691],[7.6959,48.718665],[7.696011,48.718503],[7.697781,48.715739],[7.699118,48.713679],[7.699851,48.712698],[7.700233,48.712237],[7.700821,48.711574],[7.701841,48.71057],[7.702272,48.710177],[7.703003,48.709573],[7.703737,48.709021],[7.704848,48.708238],[7.706072,48.707453],[7.707433,48.706561],[7.707643,48.70643],[7.710188,48.704812],[7.711061,48.704225],[7.711517,48.703962],[7.714273,48.7022],[7.716729,48.700616],[7.717849,48.699856],[7.718802,48.699174],[7.719738,48.698456],[7.720714,48.697643],[7.720879,48.697496],[7.721366,48.697072],[7.721927,48.696544],[7.722398,48.696065],[7.723872,48.694517],[7.724657,48.693585],[7.725386,48.692612],[7.72573,48.69214],[7.726567,48.690875],[7.727565,48.689244],[7.727649,48.689095],[7.728186,48.688178],[7.72938,48.685944],[7.729589,48.685526],[7.729719,48.685174],[7.729835,48.684682],[7.729861,48.684463],[7.729942,48.683132],[7.730015,48.682735],[7.7301,48.68243],[7.730252,48.682049],[7.730435,48.681689],[7.730654,48.681366],[7.73096,48.680977],[7.731205,48.680714],[7.731607,48.680352],[7.731894,48.68013],[7.732894,48.679401],[7.733372,48.679005],[7.733704,48.678671],[7.733936,48.6784],[7.734119,48.67815],[7.73437,48.677734],[7.735007,48.676301],[7.735253,48.675668],[7.735501,48.674936],[7.735656,48.674457],[7.735851,48.673714],[7.736105,48.672613],[7.736284,48.671519],[7.736481,48.669648],[7.736552,48.668745],[7.736595,48.667665],[7.736818,48.665221],[7.737104,48.661431],[7.737163,48.659936],[7.737159,48.659167],[7.73716,48.659089],[7.73711,48.658372],[7.737005,48.657403],[7.736888,48.656748],[7.736659,48.655811],[7.736431,48.654996],[7.736105,48.654065],[7.735765,48.653175],[7.735706,48.653031],[7.735589,48.652692],[7.735559,48.652623],[7.734325,48.649413],[7.733612,48.647596],[7.732468,48.644715],[7.732054,48.643784],[7.731827,48.643359],[7.731508,48.642758],[7.731184,48.642196],[7.730483,48.641171],[7.730148,48.640739],[7.729445,48.639905],[7.729089,48.639522],[7.728084,48.638451],[7.72608,48.636379],[7.725506,48.63572],[7.725228,48.63535],[7.724818,48.63473],[7.724619,48.634392],[7.724245,48.633628],[7.72402,48.633037],[7.723892,48.632635],[7.723777,48.632198],[7.723699,48.631771],[7.723625,48.630989],[7.72363,48.630233],[7.723666,48.629848],[7.723833,48.628905],[7.723985,48.628379],[7.724301,48.627502],[7.725629,48.624213],[7.725809,48.62371],[7.72609,48.622571],[7.726155,48.6222],[7.7262,48.621752],[7.726264,48.6208],[7.726312,48.619164],[7.726355,48.617965],[7.726437,48.614608],[7.726498,48.613521],[7.726664,48.611703],[7.726886,48.609645],[7.727079,48.607875],[7.727163,48.607344],[7.727326,48.606655],[7.727456,48.606305],[7.727625,48.605927],[7.727842,48.605518],[7.72806,48.605183],[7.728312,48.604823],[7.729065,48.603993],[7.729496,48.603625],[7.729986,48.60324],[7.730431,48.602945],[7.730892,48.60266],[7.732511,48.601812],[7.732686,48.601724],[7.733602,48.601257],[7.733702,48.601162],[7.7353,48.600306],[7.735985,48.599946],[7.737074,48.599415],[7.738582,48.598688],[7.739669,48.598143],[7.739989,48.597948],[7.740339,48.597692],[7.740764,48.597338],[7.741019,48.597079],[7.741302,48.596714],[7.741436,48.596506],[7.741808,48.595766],[7.742046,48.595186],[7.742117,48.594823],[7.742133,48.594602],[7.742114,48.594259],[7.742013,48.593844],[7.741809,48.59313],[7.741717,48.592702],[7.741711,48.59218],[7.741721,48.591896],[7.741769,48.591769],[7.741938,48.591598],[7.742025,48.591542],[7.742244,48.591434],[7.742377,48.591392],[7.742543,48.59135],[7.742691,48.591333],[7.742881,48.591327],[7.743174,48.591368],[7.743361,48.591427],[7.743494,48.591494],[7.743636,48.591581],[7.743687,48.591616],[7.743804,48.591634],[7.744098,48.591588],[7.744238,48.591575],[7.745439,48.591238],[7.745882,48.591116],[7.746225,48.591019],[7.746541,48.590932],[7.747546,48.590651],[7.748227,48.59046],[7.749076,48.590222],[7.749591,48.590078],[7.750585,48.589799],[7.751602,48.589515],[7.752604,48.589235],[7.753183,48.589073],[7.753811,48.588897],[7.75397,48.588853],[7.754516,48.588701],[7.754786,48.588623],[7.754929,48.588581],[7.755572,48.588402],[7.755901,48.588311],[7.756522,48.588137],[7.757126,48.587967],[7.758468,48.58759],[7.758613,48.587548],[7.758737,48.587515],[7.759116,48.587413],[7.759269,48.58737],[7.759449,48.587319],[7.760292,48.587081],[7.761054,48.586867],[7.761437,48.586759],[7.761631,48.586704],[7.762016,48.586594],[7.76211,48.586569],[7.762221,48.58649],[7.763027,48.586241],[7.763265,48.586178],[7.763859,48.586045],[7.764014,48.586043],[7.764263,48.585972],[7.765406,48.585651],[7.766802,48.585259],[7.768738,48.584714],[7.769522,48.584494],[7.769718,48.584429],[7.770392,48.58408],[7.771234,48.583639],[7.771453,48.583513],[7.772104,48.583169],[7.772243,48.583097],[7.77238,48.583022],[7.773192,48.58258],[7.77385,48.582254],[7.774719,48.581791],[7.775786,48.581223],[7.777007,48.58059],[7.777221,48.580482],[7.77754,48.580374],[7.77786,48.580325],[7.779057,48.580429],[7.779298,48.580432],[7.779466,48.580383],[7.781336,48.579338],[7.782679,48.578594],[7.782984,48.578411],[7.783137,48.578279],[7.783476,48.578077],[7.783807,48.577949],[7.783687,48.577757],[7.783664,48.577533],[7.783709,48.57743],[7.783723,48.577385],[7.784299,48.575487],[7.784437,48.575],[7.784744,48.573903],[7.78493,48.573072],[7.785034,48.572605],[7.785062,48.572564],[7.785214,48.572442],[7.785433,48.57221],[7.78547,48.57208],[7.785527,48.572016],[7.785345,48.571808],[7.785286,48.571712],[7.785255,48.571592],[7.785352,48.57133],[7.785412,48.57123],[7.785502,48.571104],[7.785733,48.570872],[7.785869,48.570763],[7.786421,48.570409],[7.786719,48.570219],[7.787485,48.569775],[7.788022,48.569498],[7.788805,48.569134],[7.789068,48.569071],[7.789809,48.569029],[7.790256,48.568953],[7.790621,48.568798],[7.790699,48.56875],[7.790742,48.568651],[7.790813,48.56859],[7.79091,48.568546],[7.791056,48.568524],[7.791221,48.568547],[7.791353,48.568617],[7.791422,48.568714],[7.791427,48.568785],[7.791534,48.56894],[7.791744,48.569067],[7.792807,48.569602],[7.793265,48.569813],[7.793647,48.570006],[7.793894,48.570095],[7.794066,48.570182],[7.794273,48.570307],[7.795704,48.571018],[7.795817,48.571075],[7.796069,48.571193],[7.797428,48.571843],[7.79782,48.572121],[7.798314,48.572344],[7.798556,48.572453],[7.79864,48.572493],[7.79936,48.572845],[7.800028,48.573208],[7.800284,48.573288],[7.801866,48.573708],[7.803765,48.574216],[7.804045,48.574294],[7.804694,48.574661],[7.805349,48.575036],[7.805732,48.575245],[7.806015,48.575374],[7.806384,48.575506],[7.806695,48.575609],[7.807259,48.575791],[7.807415,48.57584],[7.807938,48.576001],[7.808787,48.576276],[7.809097,48.576348],[7.809434,48.576411],[7.81008,48.576501],[7.810699,48.576565],[7.811645,48.576574],[7.811774,48.576569],[7.812174,48.576536],[7.81312,48.576436],[7.813842,48.576285],[7.814322,48.576177],[7.814805,48.576105],[7.816104,48.575929],[7.816345,48.575928],[7.816645,48.57592],[7.81759,48.575829],[7.818701,48.575743],[7.819176,48.575709],[7.821868,48.575503],[7.822331,48.575507],[7.822817,48.575558],[7.823202,48.575614],[7.825194,48.575989],[7.82542,48.576031],[7.825528,48.576051],[7.826436,48.576182],[7.826844,48.576218],[7.827556,48.576238],[7.828199,48.576214],[7.82871,48.576169],[7.829257,48.576089],[7.829392,48.576019],[7.829584,48.575917],[7.82964,48.575855],[7.829671,48.57574],[7.829651,48.575671],[7.829594,48.57559],[7.829356,48.575453],[7.829654,48.575496],[7.830254,48.575636],[7.830501,48.575641],[7.830715,48.575614],[7.830923,48.575564],[7.831348,48.575438],[7.831619,48.575306],[7.832187,48.57499],[7.832771,48.574565],[7.833355,48.574054],[7.834869,48.572467],[7.83571,48.571739],[7.836523,48.571125],[7.837591,48.570457],[7.838407,48.57001],[7.839361,48.569579],[7.840393,48.569187],[7.841444,48.568846],[7.846216,48.567455],[7.847224,48.567138],[7.848292,48.566755],[7.848953,48.566485],[7.84985,48.566076],[7.850533,48.565718],[7.851515,48.565128],[7.852205,48.564652],[7.852978,48.564076],[7.856238,48.561409],[7.857244,48.560665],[7.85817,48.559959],[7.859076,48.55929],[7.860234,48.558508],[7.8619,48.557432],[7.863365,48.556533],[7.864823,48.555682],[7.866838,48.554572],[7.868273,48.553841],[7.870634,48.552699],[7.872059,48.552067],[7.874161,48.551181],[7.876489,48.550238],[7.880174,48.548948],[7.883619,48.547889],[7.885024,48.547493],[7.887592,48.546839],[7.888599,48.546593],[7.88887,48.54643],[7.888931,48.546376],[7.889002,48.546259],[7.889008,48.546136],[7.889188,48.546288],[7.889332,48.546345],[7.889414,48.54635],[7.889836,48.546308],[7.891273,48.546017],[7.892262,48.545817],[7.897517,48.544813],[7.899063,48.544483],[7.8996,48.544354],[7.900514,48.544092],[7.901789,48.543638],[7.902206,48.543445],[7.903163,48.542964],[7.903946,48.542496],[7.905142,48.541697],[7.906656,48.540768],[7.907473,48.540325],[7.9087,48.539792],[7.910588,48.539074],[7.911258,48.538776],[7.911694,48.538559],[7.912235,48.538261],[7.91258,48.538034],[7.913356,48.537416],[7.914273,48.536576],[7.91493,48.536061],[7.915545,48.535694],[7.915939,48.535486],[7.916654,48.535165],[7.917415,48.53491],[7.918313,48.534684],[7.918694,48.534609],[7.91948,48.534495],[7.919981,48.534447],[7.920457,48.534421],[7.921188,48.534418],[7.923335,48.534486],[7.927006,48.534639],[7.928323,48.534691],[7.928492,48.534698],[7.929534,48.534739],[7.931212,48.534794],[7.933038,48.534822],[7.934209,48.53482],[7.935239,48.534792],[7.93581,48.534767],[7.936957,48.534689],[7.937664,48.534625],[7.939543,48.534401],[7.941962,48.534083],[7.943765,48.533882],[7.945445,48.533715],[7.947054,48.533547],[7.948631,48.533499],[7.95005,48.533374],[7.952365,48.53311],[7.952635,48.533077],[7.953152,48.533012],[7.95433,48.532834],[7.955839,48.532567],[7.956964,48.532328],[7.957739,48.532148],[7.95935,48.53175],[7.962175,48.531086],[7.962896,48.530918],[7.964971,48.530547],[7.965608,48.530445],[7.967218,48.530205],[7.96843,48.530056],[7.969268,48.529978],[7.970184,48.529897],[7.971608,48.529801],[7.972549,48.529754],[7.973347,48.529729],[7.974291,48.529713],[7.974953,48.529714],[7.976786,48.529738],[7.977669,48.529774],[7.979257,48.529866],[7.980245,48.529946],[7.982339,48.530181],[7.983503,48.530365],[7.985852,48.530855],[7.987171,48.531175],[7.98845,48.531498],[7.989885,48.531839],[7.990943,48.532064],[7.991545,48.532173],[7.992148,48.532281],[7.992552,48.53234],[7.993543,48.532473],[7.994518,48.532582],[7.999117,48.53294],[8.000181,48.533061],[8.00125,48.533213],[8.002483,48.533388],[8.003763,48.533572],[8.006281,48.533964],[8.007462,48.534186],[8.008265,48.534382],[8.009025,48.534599],[8.009727,48.534821],[8.010227,48.535009],[8.010843,48.535259],[8.011087,48.535374],[8.011358,48.5355],[8.012313,48.535975],[8.013747,48.536913],[8.014534,48.537475],[8.015871,48.538343],[8.016694,48.538805],[8.017884,48.539375],[8.01849,48.539619],[8.019177,48.539883],[8.020528,48.540326],[8.02112,48.540488],[8.021825,48.54065],[8.022879,48.540868],[8.023434,48.540964],[8.023996,48.541048],[8.024591,48.541114],[8.02543,48.541193],[8.026241,48.541247],[8.027141,48.541279],[8.027948,48.541275],[8.028632,48.541252],[8.029788,48.541154],[8.030385,48.541079],[8.031022,48.540982],[8.031725,48.540845],[8.033194,48.540506],[8.036909,48.539494],[8.048827,48.536194],[8.050038,48.535877],[8.050704,48.53576],[8.051896,48.535627],[8.052249,48.535571],[8.052626,48.535486],[8.052869,48.535414],[8.053234,48.535277],[8.053555,48.535121],[8.05408,48.534793],[8.054003,48.534703],[8.053998,48.534651],[8.05406,48.534556],[8.054192,48.534502],[8.054348,48.534509],[8.054416,48.534535],[8.055497,48.533654],[8.056173,48.533143],[8.05741,48.53228],[8.058131,48.53183],[8.058848,48.531409],[8.059475,48.531068],[8.060765,48.530435],[8.061419,48.530143],[8.062206,48.529811],[8.062312,48.529904],[8.062487,48.529997],[8.062958,48.530243],[8.063925,48.530739],[8.065623,48.531599],[8.066251,48.531928],[8.06651,48.532045],[8.067197,48.532387],[8.06774,48.532699],[8.068136,48.532913],[8.06832,48.532982],[8.06854,48.53301],[8.068762,48.532985],[8.06898,48.532907],[8.070982,48.531919],[8.073018,48.530926],[8.073423,48.530713],[8.074487,48.530079],[8.075316,48.529612],[8.075579,48.529482],[8.0765,48.529033],[8.076676,48.528924],[8.07726,48.52865],[8.077763,48.528398],[8.078051,48.528249],[8.077908,48.528086],[8.077762,48.527793],[8.077579,48.527151],[8.077563,48.527127],[8.077547,48.527099],[8.077346,48.526769],[8.077337,48.526748],[8.077353,48.526655],[8.077474,48.526421],[8.077865,48.52611],[8.078215,48.525728],[8.078542,48.525543],[8.07946,48.525109],[8.080293,48.524714],[8.080683,48.524545],[8.080886,48.524445],[8.081401,48.524127],[8.081675,48.523979],[8.081989,48.523834],[8.082452,48.523679],[8.082574,48.523627],[8.082722,48.523524],[8.082817,48.523425],[8.082866,48.523327],[8.082895,48.5231],[8.082893,48.522738],[8.082987,48.522376],[8.083054,48.52226],[8.08343,48.521812],[8.083606,48.521549],[8.083689,48.521375],[8.083737,48.521275],[8.08379,48.521055],[8.083789,48.520848],[8.083759,48.520584],[8.083666,48.520294],[8.084118,48.52022],[8.08426,48.520199],[8.084482,48.520183],[8.084706,48.520197],[8.085268,48.520309],[8.085509,48.520334],[8.085812,48.520336],[8.086191,48.520277],[8.086309,48.520242],[8.086481,48.520174],[8.086739,48.520029],[8.087177,48.519582],[8.087377,48.519461],[8.087627,48.519389],[8.087789,48.519372],[8.087921,48.519382],[8.088099,48.519425],[8.088232,48.519496],[8.088137,48.519653],[8.088329,48.519852],[8.088486,48.519896],[8.088896,48.51989],[8.08919,48.519812],[8.090039,48.519614],[8.091386,48.519285],[8.091478,48.519262],[8.094618,48.518554],[8.094885,48.518498],[8.097497,48.517958],[8.098445,48.517797],[8.099344,48.517663],[8.101541,48.517439],[8.103422,48.517345],[8.103973,48.517301],[8.104568,48.517245],[8.10664,48.517],[8.10714,48.516973],[8.10796,48.516983],[8.108456,48.517024],[8.109401,48.517141],[8.110402,48.517384],[8.11081,48.517517],[8.111639,48.517753],[8.112452,48.517891],[8.112778,48.517916],[8.11321,48.517935],[8.113648,48.51793],[8.114082,48.517896],[8.11541,48.517671],[8.116667,48.517412],[8.117432,48.517226],[8.118444,48.516939],[8.118793,48.51683],[8.119193,48.516658],[8.119265,48.51662],[8.119592,48.516431],[8.119805,48.516283],[8.120264,48.515939],[8.120711,48.515687],[8.121344,48.515461],[8.121647,48.515396],[8.122291,48.515301],[8.122557,48.51527],[8.123362,48.515157],[8.123819,48.515066],[8.124161,48.514979],[8.124687,48.514809],[8.124981,48.51469],[8.125477,48.514433],[8.126603,48.513791],[8.126728,48.513711],[8.127363,48.513301],[8.129317,48.511774],[8.12974,48.511487],[8.1304,48.511096],[8.131226,48.510642],[8.132238,48.509977],[8.132614,48.509752],[8.133087,48.509534],[8.133355,48.509434],[8.134321,48.509119],[8.134895,48.508914],[8.135241,48.508764],[8.135518,48.508617],[8.135683,48.508508],[8.135922,48.508307],[8.136139,48.508073],[8.136312,48.507797],[8.136453,48.507493],[8.136568,48.507148],[8.136623,48.506928],[8.136692,48.506578],[8.136739,48.505797],[8.136718,48.505397],[8.136649,48.504904],[8.136524,48.504524],[8.136297,48.504012],[8.136234,48.503761],[8.136216,48.503455],[8.136282,48.503212],[8.136383,48.502993],[8.136635,48.502674],[8.137239,48.502058],[8.138431,48.500994],[8.138776,48.500602],[8.138979,48.500319],[8.139173,48.499965],[8.139486,48.499199],[8.139762,48.49856],[8.139995,48.498139],[8.140289,48.497692],[8.140674,48.49719],[8.140963,48.49679],[8.141124,48.496518],[8.141239,48.496273],[8.141366,48.496028],[8.141403,48.495929],[8.141588,48.495403],[8.141619,48.495322],[8.141661,48.495188],[8.14171,48.495027],[8.141892,48.494319],[8.142057,48.493405],[8.142091,48.493134],[8.14217,48.492514],[8.142253,48.492089],[8.142339,48.491912],[8.142475,48.491749],[8.142633,48.491618],[8.142884,48.491504],[8.143118,48.491443],[8.144171,48.491271],[8.144556,48.491188],[8.144893,48.491093],[8.146013,48.490693],[8.146207,48.490606],[8.146432,48.490479],[8.14659,48.490356],[8.147288,48.489699],[8.147632,48.489396],[8.147861,48.489191],[8.148098,48.488985],[8.148422,48.488694],[8.148671,48.48846],[8.148814,48.488316],[8.148899,48.488232],[8.149699,48.487342],[8.15003,48.486893],[8.150334,48.486372],[8.15055,48.485918],[8.150753,48.485568],[8.151201,48.484911],[8.152091,48.483883],[8.152446,48.483393],[8.152552,48.483143],[8.152639,48.482828],[8.152654,48.482671],[8.152652,48.482293],[8.152512,48.481817],[8.15245,48.481491],[8.152486,48.481234],[8.15257,48.48099],[8.153045,48.480153],[8.153204,48.479882],[8.153317,48.479623],[8.153409,48.479404],[8.153465,48.47928],[8.153595,48.478976],[8.153777,48.478559],[8.153877,48.478315],[8.154117,48.477743],[8.154421,48.477072],[8.154836,48.476229],[8.155283,48.475494],[8.155682,48.47493],[8.155917,48.474645],[8.156384,48.474203],[8.156503,48.474078],[8.156407,48.474041],[8.156359,48.473975],[8.156386,48.473889],[8.156432,48.473856],[8.156571,48.473831],[8.156619,48.473567],[8.156698,48.473456],[8.156905,48.473294],[8.157033,48.473226],[8.157158,48.473183],[8.157291,48.473163],[8.157885,48.473029],[8.158046,48.47298],[8.158554,48.472805],[8.159306,48.472543],[8.15951,48.472474],[8.159616,48.472438],[8.159698,48.472409],[8.159796,48.472376],[8.159952,48.472323],[8.160249,48.472224],[8.160405,48.472178],[8.160553,48.472152],[8.160954,48.472133],[8.161707,48.472131],[8.161848,48.47213],[8.16208,48.472096],[8.162218,48.471986],[8.162515,48.471575],[8.162936,48.470907],[8.16326,48.470279],[8.163478,48.469728],[8.163536,48.469538],[8.163585,48.469228],[8.163583,48.469198],[8.163579,48.469012],[8.163557,48.468707],[8.163504,48.468524],[8.163423,48.468355],[8.163165,48.468021],[8.162285,48.467045],[8.1621,48.466707],[8.162052,48.466551],[8.161919,48.466091],[8.161892,48.465918],[8.161742,48.465451],[8.161722,48.465294],[8.161654,48.465103],[8.161632,48.465009],[8.161552,48.464658],[8.16123,48.463581],[8.161177,48.463321],[8.161143,48.462871],[8.161187,48.462424],[8.161239,48.462194],[8.161427,48.461537],[8.161632,48.460859],[8.161811,48.460287],[8.161836,48.460203],[8.161861,48.460121],[8.161948,48.459856],[8.16199,48.459714],[8.162051,48.459503],[8.162121,48.459287],[8.162199,48.458858],[8.162214,48.458695],[8.162176,48.458158],[8.162167,48.458092],[8.162137,48.457531],[8.162155,48.457352],[8.162196,48.457205],[8.162423,48.456718],[8.16276,48.456186],[8.162774,48.456162],[8.162885,48.455992],[8.163032,48.455785],[8.163386,48.4553],[8.16353,48.455113],[8.163656,48.454933],[8.163761,48.45471],[8.163869,48.454403],[8.16396,48.453942],[8.164031,48.453421],[8.164082,48.452836],[8.164068,48.452553],[8.164029,48.452269],[8.163942,48.451888],[8.163805,48.451439],[8.163737,48.451115],[8.163713,48.450736],[8.163747,48.450021],[8.163808,48.449517],[8.163878,48.449266],[8.164032,48.448972],[8.16422,48.448714],[8.164297,48.448628],[8.164692,48.448274],[8.16498,48.448068],[8.165278,48.447847],[8.16576,48.44749],[8.166003,48.447338],[8.166205,48.447241],[8.166494,48.447134],[8.166886,48.44704],[8.16724,48.446935],[8.167528,48.44683],[8.167745,48.446699],[8.167989,48.446535],[8.168423,48.446171],[8.16929,48.445451],[8.169631,48.445067],[8.16973,48.4449],[8.170331,48.443537],[8.170462,48.443296],[8.170812,48.442786],[8.17096,48.442505],[8.171028,48.442315],[8.171079,48.442081],[8.171122,48.441609],[8.171143,48.440811],[8.171115,48.440517],[8.171094,48.440281],[8.171108,48.440145],[8.171153,48.440009],[8.171241,48.439837],[8.17138,48.439665],[8.171798,48.439247],[8.171903,48.43909],[8.171961,48.438937],[8.171982,48.438598],[8.17186,48.437899],[8.171878,48.437656],[8.17193,48.437437],[8.172008,48.437196],[8.172317,48.436762],[8.172507,48.436572],[8.173448,48.435855],[8.173593,48.435721],[8.173732,48.435557],[8.174046,48.435097],[8.174803,48.433992],[8.175134,48.433486],[8.175295,48.433167],[8.175354,48.432947],[8.175359,48.432857],[8.175382,48.432394],[8.175415,48.432229],[8.175711,48.431672],[8.175994,48.431235],[8.17619,48.430961],[8.176298,48.430848],[8.176391,48.43075],[8.17691,48.430381],[8.177126,48.430263],[8.177415,48.430142],[8.177806,48.430011],[8.178393,48.429903],[8.179484,48.429719],[8.179801,48.429676],[8.180087,48.429658],[8.180586,48.429676],[8.180838,48.429711],[8.181347,48.429834],[8.181717,48.429961],[8.182178,48.430164],[8.182218,48.430109],[8.182218,48.429993],[8.182175,48.429902],[8.182118,48.429816],[8.181812,48.429532],[8.181409,48.429427],[8.181024,48.429443],[8.18083,48.42942],[8.180184,48.429386],[8.180145,48.429163],[8.180958,48.429135],[8.181041,48.429128]]},"properties":{"couleur":"#8a6a4f","jour":"2026-07-24","mode":"route","source":"heritee"}},{"type":"Feature","geometry":{"type":"LineString","coordinates":[[8.181041,48.429128],[8.180958,48.429135],[8.180145,48.429163],[8.180184,48.429386],[8.18083,48.42942],[8.181024,48.429443],[8.181409,48.429427],[8.181812,48.429532],[8.182118,48.429816],[8.182175,48.429902],[8.182218,48.429993],[8.182218,48.430109],[8.182178,48.430164],[8.182994,48.430527],[8.183292,48.430633],[8.183735,48.430738],[8.184136,48.430799],[8.184493,48.430803],[8.184773,48.430782],[8.18504,48.430735],[8.186847,48.430196],[8.186994,48.430147],[8.187169,48.430054],[8.187294,48.429965],[8.187392,48.429879],[8.187493,48.429755],[8.187561,48.429616],[8.18764,48.429311],[8.187652,48.429013],[8.187512,48.428347],[8.187477,48.428175],[8.187472,48.428034],[8.187497,48.427898],[8.187556,48.427771],[8.187646,48.427656],[8.187865,48.427487],[8.18799,48.427418],[8.188181,48.427343],[8.18841,48.427278],[8.188617,48.427253],[8.188956,48.427265],[8.189124,48.427301],[8.18969,48.427507],[8.189887,48.427541],[8.190097,48.427545],[8.190314,48.427541],[8.190548,48.427504],[8.191073,48.427371],[8.192911,48.426778],[8.193204,48.426686],[8.194102,48.426374],[8.194831,48.42602],[8.195013,48.425996],[8.195213,48.425995],[8.195535,48.426031],[8.196436,48.426229],[8.196697,48.426317],[8.19732,48.426603],[8.198236,48.427031],[8.198786,48.427221],[8.199138,48.427302],[8.199474,48.427327],[8.199961,48.42733],[8.200095,48.427329],[8.20037,48.427325],[8.200549,48.427322],[8.200806,48.427321],[8.201004,48.427344],[8.201205,48.427389],[8.201446,48.427463],[8.203067,48.428003],[8.203418,48.428125],[8.203684,48.428224],[8.204336,48.428446],[8.204738,48.428613],[8.205041,48.428768],[8.205535,48.429058],[8.205707,48.429197],[8.206183,48.429399],[8.206684,48.429546],[8.20708,48.429646],[8.207212,48.429676],[8.207241,48.429682],[8.207562,48.429749],[8.207624,48.429763],[8.207755,48.429793],[8.207892,48.429828],[8.208109,48.429883],[8.208324,48.429962],[8.20899,48.430253],[8.210993,48.431098],[8.211301,48.431225],[8.211554,48.431359],[8.211717,48.431479],[8.211827,48.431573],[8.211948,48.431699],[8.212071,48.431918],[8.21215,48.432244],[8.212141,48.432557],[8.21215,48.4327],[8.212227,48.432908],[8.212848,48.433567],[8.213015,48.433701],[8.213229,48.433842],[8.213289,48.433878],[8.213755,48.434132],[8.214093,48.434244],[8.215243,48.434577],[8.215446,48.434684],[8.215657,48.434885],[8.216129,48.435297],[8.216268,48.435473],[8.216422,48.435712],[8.216566,48.435858],[8.216668,48.435922],[8.217336,48.436227],[8.217655,48.436394],[8.217818,48.436516],[8.218459,48.437113],[8.219788,48.438373],[8.219998,48.438522],[8.221287,48.439303],[8.221387,48.439391],[8.221638,48.439643],[8.221948,48.439896],[8.222449,48.44025],[8.222858,48.440474],[8.223067,48.440597],[8.223214,48.440742],[8.22324,48.440787],[8.223251,48.440969],[8.22323,48.44131],[8.223265,48.441477],[8.223385,48.441676],[8.223649,48.441934],[8.223845,48.442081],[8.224182,48.442286],[8.224384,48.442383],[8.224641,48.442486],[8.225044,48.442616],[8.22525,48.442663],[8.225426,48.44269],[8.225808,48.442699],[8.226163,48.442668],[8.22654,48.442616],[8.226917,48.442608],[8.22703,48.442622],[8.22722,48.442686],[8.227379,48.442807],[8.227638,48.44311],[8.227779,48.443267],[8.228066,48.443504],[8.228493,48.443742],[8.229224,48.444088],[8.229442,48.444229],[8.229513,48.444309],[8.22957,48.444495],[8.229554,48.444813],[8.229538,48.445391],[8.229465,48.445789],[8.22946,48.445972],[8.229493,48.446397],[8.229509,48.446516],[8.229551,48.446844],[8.229646,48.447251],[8.229789,48.447646],[8.230035,48.448212],[8.23007,48.448306],[8.230109,48.448539],[8.230121,48.448807],[8.230145,48.448884],[8.230263,48.449063],[8.230418,48.449179],[8.230562,48.449242],[8.230873,48.449303],[8.231011,48.449309],[8.231186,48.449287],[8.231445,48.4492],[8.231747,48.449099],[8.231995,48.449059],[8.232243,48.449074],[8.23297,48.449177],[8.23332,48.449241],[8.233679,48.449343],[8.234254,48.449539],[8.234469,48.449604],[8.234909,48.449742],[8.235031,48.449767],[8.235732,48.449891],[8.236064,48.449952],[8.236453,48.450026],[8.236742,48.450126],[8.237258,48.450369],[8.237689,48.450575],[8.237986,48.450716],[8.238234,48.450852],[8.238307,48.450894],[8.238387,48.450999],[8.238436,48.451181],[8.238396,48.451694],[8.238415,48.451787],[8.238466,48.451888],[8.238586,48.452048],[8.238727,48.452188],[8.238877,48.452302],[8.23909,48.45242],[8.239344,48.452513],[8.239493,48.452549],[8.239592,48.452553],[8.239725,48.45254],[8.240649,48.452299],[8.240708,48.452283],[8.24074,48.452275],[8.241008,48.452207],[8.241399,48.452118],[8.242742,48.452017],[8.243155,48.451942],[8.244253,48.451691],[8.244444,48.451642],[8.245094,48.451497],[8.245479,48.451427],[8.246352,48.451292],[8.246536,48.451237],[8.246749,48.45114],[8.247617,48.450662],[8.247753,48.450617],[8.247918,48.450599],[8.248868,48.450587],[8.249768,48.450424],[8.251163,48.450257],[8.25158,48.450144],[8.251767,48.450061],[8.251929,48.449957],[8.252035,48.449849],[8.252268,48.449543],[8.252411,48.449413],[8.252617,48.449263],[8.252749,48.449187],[8.253468,48.448856],[8.25417,48.448583],[8.254415,48.44851],[8.254869,48.448432],[8.255337,48.4484],[8.25579,48.448402],[8.256078,48.44842],[8.25622,48.448446],[8.256302,48.448479],[8.256389,48.448559],[8.256415,48.448626],[8.256403,48.448692],[8.256332,48.448772],[8.256232,48.448813],[8.256088,48.448835],[8.255272,48.448874],[8.255086,48.44892],[8.25489,48.448999],[8.254422,48.449284],[8.254091,48.449514],[8.253933,48.449644],[8.253875,48.449737],[8.253838,48.449847],[8.25383,48.449985],[8.253867,48.450097],[8.254127,48.450533],[8.254345,48.451041],[8.254425,48.451179],[8.254522,48.451293],[8.254639,48.451397],[8.254838,48.451523],[8.255269,48.451731],[8.255601,48.451843],[8.25586,48.451959],[8.256244,48.452174],[8.25635,48.45219],[8.256415,48.452171],[8.25645,48.452135],[8.256462,48.452087],[8.256441,48.452053],[8.25639,48.452019],[8.256034,48.451883],[8.25588,48.451745],[8.255495,48.451301],[8.255193,48.450998],[8.255159,48.45092],[8.255177,48.450867],[8.255218,48.450849],[8.255311,48.450847],[8.255412,48.450889],[8.255643,48.451139],[8.255798,48.451277],[8.256118,48.451454],[8.256658,48.451681],[8.257333,48.451925],[8.257787,48.452113],[8.258045,48.452258],[8.258226,48.452382],[8.258334,48.45249],[8.258409,48.45261],[8.258456,48.452741],[8.258457,48.452857],[8.258412,48.452966],[8.258345,48.453081],[8.25806,48.453282],[8.257429,48.453582],[8.25732,48.453614],[8.256846,48.45367],[8.256499,48.453746],[8.255791,48.453945],[8.255727,48.453991],[8.255712,48.454041],[8.255769,48.4541],[8.255924,48.454103],[8.256172,48.454025],[8.25674,48.453878],[8.256937,48.453865],[8.256998,48.453877],[8.257044,48.453905],[8.257063,48.453939],[8.257013,48.454006],[8.256678,48.454066],[8.25653,48.454113],[8.256376,48.454207],[8.256345,48.454276],[8.256338,48.454326],[8.256416,48.454538],[8.256467,48.454887],[8.256331,48.456124],[8.256281,48.456238],[8.256218,48.456322],[8.256097,48.456408],[8.255893,48.456507],[8.255584,48.456609],[8.254628,48.456827],[8.254239,48.456955],[8.254127,48.457017],[8.254096,48.457098],[8.254102,48.45716],[8.254184,48.457273],[8.254569,48.457595],[8.25474,48.457712],[8.254919,48.457822],[8.255214,48.457931],[8.25674,48.458157],[8.257865,48.4584],[8.257966,48.458394],[8.258033,48.458345],[8.258024,48.458288],[8.257976,48.458248],[8.257701,48.458209],[8.257359,48.458122],[8.256387,48.45771],[8.256317,48.457659],[8.256288,48.457612],[8.25629,48.457557],[8.256327,48.457516],[8.256382,48.457491],[8.256464,48.457481],[8.256558,48.457499],[8.256848,48.45764],[8.257017,48.457694],[8.257239,48.457739],[8.258516,48.457969],[8.258819,48.45805],[8.25914,48.458162],[8.260359,48.458712],[8.26098,48.459087],[8.261092,48.459188],[8.261142,48.459352],[8.261124,48.459559],[8.260987,48.460395],[8.260751,48.461068],[8.260376,48.461889],[8.260198,48.46247],[8.260238,48.462826],[8.260334,48.463117],[8.260612,48.463398],[8.26097,48.463699],[8.261737,48.464282],[8.262583,48.464794],[8.263789,48.465541],[8.264,48.4657],[8.264554,48.466366],[8.264903,48.467012],[8.265178,48.467601],[8.265562,48.468519],[8.265657,48.469077],[8.265575,48.469775],[8.265489,48.469935],[8.265318,48.470156],[8.26489,48.470553],[8.263916,48.471196],[8.263672,48.471422],[8.263643,48.47164],[8.26387,48.471938],[8.26443,48.472593],[8.264632,48.472823],[8.26509,48.473601],[8.265419,48.474046],[8.265677,48.474289],[8.266031,48.47448],[8.267697,48.475098],[8.268176,48.475285],[8.2689,48.475633],[8.269211,48.475823],[8.270862,48.476834],[8.271258,48.47708],[8.271882,48.477477],[8.274668,48.479166],[8.274841,48.479268],[8.27495,48.479335],[8.275034,48.479387],[8.275334,48.479571],[8.275987,48.479967],[8.27609,48.480029],[8.276311,48.480153],[8.276394,48.4802],[8.276475,48.480245],[8.276785,48.480379],[8.277049,48.480446],[8.277311,48.480493],[8.27745,48.480504],[8.277798,48.480498],[8.277941,48.480482],[8.278125,48.480456],[8.27832,48.480414],[8.278639,48.480293],[8.279665,48.479827],[8.280725,48.479376],[8.28132,48.479184],[8.282761,48.478824],[8.283226,48.478707],[8.287582,48.477638],[8.289732,48.477112],[8.290355,48.476967],[8.290916,48.476807],[8.291182,48.476706],[8.291623,48.476491],[8.29283,48.475783],[8.293343,48.475482],[8.293567,48.475355],[8.293929,48.475138],[8.295082,48.474461],[8.29544,48.47426],[8.295608,48.474161],[8.295855,48.474024],[8.296124,48.473865],[8.296616,48.473608],[8.29705,48.473408],[8.297399,48.473272],[8.297781,48.473139],[8.298613,48.472849],[8.299911,48.4724],[8.300386,48.472235],[8.302917,48.471366],[8.303247,48.471268],[8.303878,48.471134],[8.30418,48.471095],[8.304513,48.471083],[8.305324,48.471097],[8.30554,48.471111],[8.308248,48.4713],[8.308617,48.471316],[8.30924,48.471303],[8.309582,48.471273],[8.31,48.471215],[8.311927,48.470827],[8.312442,48.470777],[8.313234,48.470771],[8.313643,48.470776],[8.314338,48.47078],[8.314509,48.470781],[8.315831,48.470789],[8.316664,48.470799],[8.316836,48.470799],[8.317013,48.470802],[8.317215,48.470805],[8.317645,48.470788],[8.317897,48.470743],[8.318128,48.470669],[8.31843,48.470502],[8.318593,48.47034],[8.318753,48.470103],[8.319092,48.469501],[8.319595,48.468613],[8.320779,48.466448],[8.321143,48.465982],[8.321468,48.465689],[8.32186,48.465427],[8.322776,48.464989],[8.324162,48.464355],[8.324827,48.464015],[8.325475,48.463745],[8.325756,48.463653],[8.326167,48.463558],[8.326446,48.463517],[8.327023,48.463499],[8.330144,48.463607],[8.331284,48.463579],[8.333259,48.463508],[8.334007,48.463455],[8.334324,48.463412],[8.33483,48.463318],[8.336644,48.462833],[8.337057,48.46277],[8.337403,48.462742],[8.337776,48.462746],[8.338162,48.462779],[8.33967,48.463042],[8.340066,48.463076],[8.340455,48.463087],[8.340879,48.463069],[8.341276,48.46303],[8.341649,48.462966],[8.342008,48.462881],[8.343139,48.462484],[8.344043,48.462265],[8.344427,48.462206],[8.345146,48.462144],[8.34547,48.462129],[8.346116,48.462129],[8.347205,48.462218],[8.348043,48.462292],[8.348461,48.46228],[8.348703,48.462273],[8.349134,48.462222],[8.349655,48.462101],[8.350101,48.461937],[8.350491,48.461751],[8.350867,48.461519],[8.351202,48.461236],[8.351776,48.46069],[8.352118,48.460399],[8.352464,48.460186],[8.352574,48.460138],[8.352803,48.460037],[8.353182,48.459946],[8.353723,48.459929],[8.354181,48.459986],[8.354588,48.460162],[8.355045,48.460435],[8.355695,48.460896],[8.356448,48.461313],[8.35747,48.461731],[8.358014,48.461974],[8.358587,48.462195],[8.359056,48.46231],[8.359449,48.462351],[8.35973,48.462356],[8.362361,48.462224],[8.364373,48.462047],[8.365924,48.461873],[8.367166,48.461609],[8.368968,48.461154],[8.369897,48.460868],[8.370786,48.460518],[8.371595,48.460157],[8.372015,48.459942],[8.373893,48.459005],[8.374267,48.458727],[8.37442,48.458599],[8.374695,48.45834],[8.37478,48.458246],[8.375153,48.457833],[8.375525,48.457534],[8.375879,48.457288],[8.376408,48.457014],[8.377043,48.456742],[8.377739,48.456513],[8.378231,48.456385],[8.379268,48.456208],[8.380973,48.456007],[8.383069,48.455751],[8.383495,48.455665],[8.383818,48.455561],[8.386835,48.454223],[8.388716,48.453344],[8.389014,48.453199],[8.39023,48.452615],[8.392142,48.451742],[8.392483,48.451613],[8.392766,48.451533],[8.393118,48.451463],[8.394443,48.451271],[8.394824,48.451215],[8.395234,48.451162],[8.395524,48.45112],[8.395998,48.451071],[8.396361,48.451067],[8.396677,48.451108],[8.396888,48.451159],[8.397078,48.45123],[8.397306,48.451349],[8.398208,48.451929],[8.398552,48.452172],[8.398841,48.452425],[8.400135,48.453706],[8.400721,48.454163],[8.401704,48.454705],[8.402055,48.454866],[8.402588,48.455078],[8.404805,48.455749],[8.405349,48.45598],[8.405615,48.456105],[8.406551,48.456627],[8.407379,48.457145],[8.407492,48.457229],[8.407609,48.457319],[8.407864,48.45759],[8.40801,48.457802],[8.408101,48.458051],[8.408229,48.4586],[8.408266,48.458746],[8.408378,48.458982],[8.408551,48.459253],[8.408959,48.459683],[8.409152,48.459826],[8.409396,48.459957],[8.409534,48.46002],[8.410289,48.460343],[8.410583,48.460511],[8.411106,48.460747],[8.411845,48.46103],[8.411996,48.461051],[8.412065,48.460965],[8.412205,48.460935],[8.412301,48.460957],[8.412368,48.461007],[8.412388,48.461074],[8.412658,48.461166],[8.412892,48.461245],[8.413087,48.46131],[8.414131,48.461653],[8.414714,48.461869],[8.415276,48.462078],[8.415804,48.462241],[8.416146,48.46234],[8.416561,48.462469],[8.416722,48.462518],[8.417071,48.462623],[8.417455,48.462736],[8.417358,48.462813],[8.417283,48.46291],[8.41708,48.46321],[8.416814,48.463614],[8.416298,48.464327],[8.416615,48.464369],[8.416872,48.46443],[8.417219,48.464513],[8.417308,48.464534],[8.41767,48.464626],[8.418082,48.46473],[8.418233,48.464771],[8.418488,48.464816],[8.419492,48.465098],[8.419936,48.465162],[8.420357,48.465272],[8.420814,48.465363],[8.421223,48.465447],[8.421764,48.465528],[8.421845,48.465535],[8.42202,48.46555],[8.422273,48.465571],[8.423158,48.465558],[8.423458,48.465545],[8.423621,48.465536],[8.42689,48.465402],[8.427629,48.465318],[8.428108,48.465237],[8.428908,48.465046],[8.429644,48.464829],[8.430238,48.464634],[8.430839,48.464393],[8.431187,48.464237],[8.431791,48.46391],[8.432109,48.463716],[8.432474,48.463467],[8.433847,48.462375],[8.434016,48.462234],[8.434441,48.461867],[8.43452,48.461796],[8.434869,48.461505],[8.435332,48.461177],[8.435538,48.461056],[8.435943,48.460849],[8.436257,48.460705],[8.436689,48.460544],[8.437241,48.460382],[8.437956,48.460234],[8.438275,48.460181],[8.438765,48.460128],[8.439199,48.460107],[8.439329,48.460105],[8.439785,48.460105],[8.440194,48.460135],[8.440633,48.460195],[8.441098,48.460277],[8.442316,48.460601],[8.448545,48.46177],[8.450384,48.462111],[8.451222,48.462284],[8.451859,48.462461],[8.452358,48.462625],[8.45308,48.462916],[8.457516,48.46503],[8.457898,48.465181],[8.458471,48.465368],[8.459177,48.465539],[8.459892,48.465656],[8.463952,48.46623],[8.464337,48.466272],[8.464772,48.466297],[8.465355,48.466303],[8.465978,48.466273],[8.466648,48.466196],[8.467446,48.466054],[8.467809,48.465978],[8.469227,48.46568],[8.470183,48.465478],[8.470725,48.465398],[8.471367,48.465347],[8.471736,48.465343],[8.472426,48.465366],[8.472827,48.465411],[8.473327,48.465493],[8.473784,48.465589],[8.474105,48.46568],[8.474816,48.465938],[8.475194,48.466104],[8.475484,48.466272],[8.475832,48.466494],[8.476104,48.46668],[8.47631,48.466847],[8.476521,48.467052],[8.47685,48.467433],[8.477104,48.46782],[8.477216,48.468029],[8.477307,48.46828],[8.477547,48.469242],[8.478008,48.471259],[8.478113,48.471734],[8.478246,48.472297],[8.478334,48.472744],[8.478484,48.473313],[8.478665,48.473875],[8.47882,48.474244],[8.479763,48.476237],[8.480506,48.477723],[8.480814,48.478291],[8.481004,48.478635],[8.481243,48.47908],[8.48139,48.479148],[8.481713,48.479578],[8.481778,48.479622],[8.481841,48.479645],[8.481994,48.479642],[8.482171,48.479544],[8.482118,48.479191],[8.482129,48.478985],[8.482261,48.478762],[8.482368,48.478664],[8.482456,48.478605],[8.482608,48.478534],[8.48301,48.478412],[8.483466,48.47835],[8.483684,48.478343],[8.484968,48.478396],[8.486912,48.478494],[8.487738,48.478515],[8.488163,48.478508],[8.48891,48.478455],[8.489345,48.47839],[8.490105,48.478232],[8.490852,48.478016],[8.491553,48.477745],[8.492321,48.477408],[8.492797,48.477172],[8.493452,48.476856],[8.4939,48.476653],[8.494577,48.476384],[8.49546,48.476103],[8.496408,48.475894],[8.498003,48.475647],[8.499048,48.475465],[8.499781,48.475286],[8.500897,48.474949],[8.501714,48.474653],[8.503276,48.474024],[8.504614,48.473444],[8.505519,48.473015],[8.505903,48.472823],[8.506465,48.472528],[8.507128,48.472174],[8.507217,48.472128],[8.507598,48.471929],[8.508118,48.471647],[8.509228,48.471009],[8.510148,48.470526],[8.51056,48.470327],[8.51099,48.470144],[8.511521,48.46995],[8.512065,48.469781],[8.512685,48.469626],[8.513217,48.469525],[8.513819,48.469433],[8.514326,48.469388],[8.514932,48.469353],[8.515534,48.469352],[8.51679,48.469419],[8.517014,48.469429],[8.518511,48.469539],[8.519686,48.469575],[8.520687,48.469532],[8.521168,48.469489],[8.521525,48.469437],[8.522151,48.469339],[8.523075,48.469133],[8.523473,48.469028],[8.523828,48.468919],[8.52457,48.46866],[8.52524,48.468354],[8.525789,48.468073],[8.527678,48.466934],[8.528377,48.466585],[8.529028,48.46634],[8.529822,48.466107],[8.532364,48.465523],[8.533752,48.465186],[8.534154,48.465067],[8.534852,48.464802],[8.535687,48.464416],[8.537786,48.463263],[8.538382,48.462961],[8.539,48.462689],[8.539187,48.462608],[8.539947,48.462301],[8.541096,48.461919],[8.541644,48.46176],[8.542407,48.461566],[8.544194,48.461176],[8.544648,48.46111],[8.54546,48.461063],[8.547064,48.461097],[8.547862,48.461105],[8.54842,48.461114],[8.549847,48.461112],[8.551404,48.461043],[8.55195,48.461014],[8.553665,48.460879],[8.556387,48.460565],[8.55878,48.460201],[8.559969,48.45998],[8.561866,48.459582],[8.563611,48.459187],[8.564384,48.458977],[8.56504,48.45878],[8.565483,48.458612],[8.566368,48.458242],[8.567059,48.457875],[8.567542,48.457567],[8.567927,48.457252],[8.568127,48.457051],[8.568298,48.45684],[8.568464,48.456591],[8.568592,48.456341],[8.56871,48.455988],[8.568762,48.455758],[8.568785,48.455375],[8.568743,48.454942],[8.568635,48.454247],[8.568628,48.453983],[8.568663,48.453695],[8.56873,48.453394],[8.568869,48.453044],[8.569034,48.452742],[8.569191,48.452514],[8.569424,48.452257],[8.56981,48.45192],[8.570155,48.451657],[8.570545,48.451435],[8.571305,48.451102],[8.571787,48.450947],[8.572204,48.450848],[8.572695,48.450768],[8.573193,48.450717],[8.573778,48.450684],[8.574722,48.450681],[8.577798,48.450715],[8.57952,48.450693],[8.579922,48.450677],[8.586258,48.450324],[8.588229,48.450189],[8.592132,48.449947],[8.593837,48.449759],[8.594878,48.449616],[8.600141,48.448796],[8.600949,48.448693],[8.601841,48.448614],[8.602705,48.448567],[8.603453,48.448552],[8.604147,48.448579],[8.604734,48.448621],[8.60524,48.448681],[8.606063,48.448813],[8.607466,48.449075],[8.607949,48.449167],[8.608361,48.449243],[8.609409,48.449454],[8.609792,48.449517],[8.61012,48.449557],[8.610417,48.449569],[8.610636,48.449568],[8.61124,48.449525],[8.612284,48.449369],[8.613756,48.449125],[8.614841,48.448964],[8.615988,48.448829],[8.616651,48.44874],[8.618356,48.448469],[8.618695,48.448428],[8.619043,48.448408],[8.620377,48.448352],[8.620825,48.448403],[8.621387,48.448522],[8.621669,48.448611],[8.622121,48.448789],[8.622328,48.448842],[8.622531,48.448843],[8.622677,48.448818],[8.622928,48.448725],[8.623127,48.448673],[8.623298,48.448668],[8.623484,48.448693],[8.62417,48.448852],[8.624558,48.448891],[8.625061,48.448979],[8.625119,48.449018],[8.625311,48.449067],[8.626592,48.449351],[8.626929,48.449396],[8.627687,48.449445],[8.628863,48.449452],[8.629136,48.449477],[8.62944,48.449526],[8.630115,48.44965],[8.631592,48.449833],[8.632987,48.450033],[8.633795,48.450176],[8.636085,48.4507],[8.637163,48.450909],[8.637722,48.451],[8.639298,48.451202],[8.6397,48.451231],[8.641086,48.45137],[8.642412,48.451483],[8.643244,48.451518],[8.645159,48.451563],[8.647246,48.45159],[8.647906,48.451573],[8.649083,48.451485],[8.649708,48.451482],[8.650023,48.451513],[8.650864,48.451665],[8.651546,48.451813],[8.65227,48.451998],[8.652561,48.45205],[8.65282,48.452078],[8.654566,48.452177],[8.655022,48.452186],[8.655443,48.452158],[8.655658,48.452135],[8.656114,48.452042],[8.65651,48.451924],[8.656835,48.45179],[8.657966,48.451258],[8.658117,48.451224],[8.658273,48.451219],[8.658455,48.45123],[8.658925,48.451304],[8.661631,48.451694],[8.662017,48.451742],[8.662336,48.451764],[8.663103,48.451775],[8.663489,48.451768],[8.665056,48.45166],[8.665812,48.451654],[8.666247,48.45169],[8.667084,48.45182],[8.668111,48.452017],[8.668688,48.452165],[8.669224,48.452332],[8.670243,48.452735],[8.670384,48.452778],[8.67053,48.452802],[8.670813,48.4528],[8.67299,48.452563],[8.673364,48.452509],[8.673648,48.45245],[8.674626,48.452189],[8.674919,48.452143],[8.675179,48.452131],[8.675399,48.45215],[8.675583,48.452159],[8.675832,48.452205],[8.675884,48.452186],[8.676002,48.452185],[8.676098,48.452229],[8.676126,48.452264],[8.676299,48.452308],[8.676521,48.452304],[8.676805,48.452276],[8.676973,48.452245],[8.677104,48.452193],[8.677218,48.452125],[8.6773,48.452051],[8.677392,48.451939],[8.67745,48.45179],[8.677552,48.451528],[8.677749,48.451246],[8.677877,48.450942],[8.67791,48.450811],[8.678007,48.450563],[8.678253,48.450215],[8.678854,48.449707],[8.679366,48.449291],[8.68016,48.448814],[8.680418,48.44869],[8.681531,48.448178],[8.682317,48.447788],[8.682469,48.447672],[8.68264,48.447576],[8.683595,48.447192],[8.684382,48.446934],[8.68461,48.446825],[8.684752,48.446721],[8.684895,48.446538],[8.68503,48.446455],[8.685428,48.446303],[8.685604,48.446268],[8.685876,48.446234],[8.686162,48.446231],[8.686463,48.446182],[8.687811,48.44591],[8.688536,48.445723],[8.688761,48.445669],[8.689647,48.445465],[8.690423,48.445392],[8.690469,48.445311],[8.690519,48.4453],[8.690517,48.445218],[8.690473,48.445156],[8.6906,48.44511],[8.690669,48.445049],[8.690783,48.444987],[8.690829,48.444921],[8.690849,48.44455],[8.690912,48.444324],[8.690937,48.444221],[8.690681,48.444208],[8.690427,48.444193],[8.690447,48.443893],[8.690452,48.443749],[8.690447,48.443589],[8.691102,48.443553],[8.691001,48.44334],[8.690786,48.442906],[8.690685,48.442737],[8.690899,48.442697],[8.691024,48.442676],[8.691681,48.442564],[8.691879,48.442527],[8.692027,48.442497],[8.6922,48.442395],[8.692739,48.441852],[8.692823,48.441786],[8.692941,48.441714],[8.693036,48.441678],[8.693121,48.441656],[8.693301,48.441641],[8.69352,48.441659],[8.694429,48.4419],[8.694967,48.442065],[8.695474,48.442266],[8.696944,48.442833],[8.697462,48.443073],[8.697715,48.443202],[8.698026,48.443393],[8.698441,48.443723],[8.698612,48.443893],[8.698633,48.443916],[8.698876,48.444156],[8.69922,48.4445],[8.699447,48.4447],[8.699721,48.44488],[8.699931,48.444969],[8.700155,48.445035],[8.700391,48.445076],[8.700806,48.445092],[8.701057,48.445068],[8.701227,48.445035],[8.701365,48.444993],[8.701522,48.444914],[8.701756,48.44468],[8.701907,48.444572],[8.702036,48.444518],[8.702204,48.444479],[8.702593,48.444437],[8.702574,48.444277],[8.702494,48.443844],[8.70233,48.443015],[8.702298,48.442513],[8.702318,48.442083],[8.702428,48.441685],[8.702581,48.441367],[8.702851,48.441022],[8.703208,48.44068],[8.703484,48.440455],[8.703893,48.440175],[8.704434,48.439901],[8.704707,48.439773],[8.705103,48.439623],[8.705479,48.439525],[8.706675,48.439142],[8.707064,48.438955],[8.707952,48.438493],[8.708915,48.437961],[8.709853,48.437494],[8.71037,48.437266],[8.710867,48.437069],[8.71139,48.436883],[8.711987,48.436692],[8.713235,48.436362],[8.713861,48.436231],[8.714516,48.436116],[8.71512,48.436032],[8.715851,48.435955],[8.717063,48.435864],[8.717546,48.435849],[8.718259,48.435822],[8.7192,48.43581],[8.723072,48.435833],[8.724527,48.43582],[8.725342,48.435796],[8.727176,48.43569],[8.728001,48.435611],[8.729472,48.435434],[8.729927,48.435366],[8.73,48.435356],[8.730868,48.435211],[8.73176,48.435043],[8.732766,48.434815],[8.734249,48.434431],[8.735185,48.434164],[8.736938,48.433587],[8.740736,48.432259],[8.742628,48.431597],[8.743062,48.43146],[8.743648,48.431289],[8.744174,48.431145],[8.744827,48.430968],[8.744984,48.430929],[8.745571,48.430786],[8.745828,48.430724],[8.74645,48.430577],[8.747245,48.430413],[8.748191,48.430253],[8.748362,48.430236],[8.748642,48.430241],[8.748865,48.430294],[8.749086,48.430413],[8.749238,48.430569],[8.749323,48.430763],[8.749494,48.431157],[8.749519,48.43136],[8.749506,48.43146],[8.74943,48.431628],[8.749346,48.431728],[8.748984,48.432064],[8.748801,48.432307],[8.748758,48.432461],[8.748757,48.432554],[8.748777,48.432643],[8.748872,48.432847],[8.748896,48.432999],[8.750193,48.434725],[8.750317,48.434893],[8.751439,48.436289],[8.752185,48.437154],[8.753304,48.438349],[8.754475,48.439508],[8.755774,48.440686],[8.757074,48.441782],[8.757788,48.442366],[8.760263,48.444299],[8.760977,48.444844],[8.761912,48.445532],[8.770097,48.451882],[8.771665,48.453147],[8.773025,48.454195],[8.773726,48.454756],[8.775509,48.456189],[8.777417,48.4578],[8.777813,48.458158],[8.779265,48.459533],[8.780526,48.46081],[8.781293,48.461642],[8.782038,48.462489],[8.783327,48.464063],[8.784659,48.465797],[8.784787,48.465971],[8.787308,48.469451],[8.787913,48.47025],[8.788605,48.471119],[8.78988,48.472576],[8.790688,48.473404],[8.79122,48.473915],[8.792354,48.474919],[8.79331,48.475705],[8.794118,48.476313],[8.795019,48.476959],[8.796782,48.4781],[8.797815,48.478705],[8.798625,48.479155],[8.800052,48.479896],[8.801251,48.480463],[8.802373,48.480966],[8.803984,48.481613],[8.805885,48.482296],[8.806993,48.482655],[8.808413,48.483077],[8.809045,48.48325],[8.810365,48.4836],[8.813761,48.484452],[8.815814,48.485009],[8.816565,48.485227],[8.818038,48.485692],[8.819654,48.486261],[8.821386,48.486941],[8.822949,48.487622],[8.823629,48.487942],[8.825381,48.488826],[8.826538,48.489475],[8.827616,48.490122],[8.828387,48.49061],[8.829593,48.491434],[8.830688,48.492247],[8.831451,48.492854],[8.832638,48.493863],[8.833211,48.494378],[8.834319,48.495415],[8.836269,48.49731],[8.838767,48.499706],[8.8401,48.5009],[8.840558,48.501289],[8.842559,48.5029],[8.844515,48.504333],[8.845524,48.505021],[8.847016,48.505999],[8.849007,48.507205],[8.851088,48.508379],[8.853498,48.509611],[8.855315,48.510473],[8.856247,48.510891],[8.857426,48.511397],[8.859021,48.512054],[8.861147,48.512862],[8.863213,48.513579],[8.864429,48.51398],[8.869998,48.515734],[8.872163,48.516455],[8.874389,48.517275],[8.876185,48.518019],[8.877137,48.51845],[8.878116,48.518942],[8.879037,48.519443],[8.880324,48.520191],[8.881621,48.521023],[8.882767,48.521837],[8.883231,48.522195],[8.883856,48.522691],[8.884954,48.523626],[8.885806,48.524451],[8.88637,48.52505],[8.887293,48.526118],[8.888033,48.527083],[8.888738,48.528134],[8.889107,48.528745],[8.889351,48.529182],[8.889832,48.530139],[8.890522,48.531915],[8.890744,48.532636],[8.890833,48.532935],[8.891004,48.533618],[8.891119,48.534218],[8.891201,48.534833],[8.891333,48.536144],[8.891345,48.537033],[8.891264,48.538282],[8.891128,48.53929],[8.89104,48.539783],[8.890778,48.540866],[8.890328,48.54246],[8.889924,48.543785],[8.889474,48.545456],[8.889207,48.546891],[8.889068,48.547975],[8.888986,48.549467],[8.889035,48.550743],[8.889219,48.552266],[8.889347,48.552915],[8.889612,48.553999],[8.889671,48.554196],[8.890079,48.555404],[8.890549,48.556554],[8.890926,48.557334],[8.891531,48.558431],[8.892029,48.559222],[8.892794,48.560322],[8.893432,48.561165],[8.895268,48.563438],[8.89626,48.564715],[8.896876,48.565585],[8.897089,48.565899],[8.897417,48.566408],[8.897791,48.567038],[8.898309,48.568032],[8.89866,48.568809],[8.898952,48.569551],[8.899037,48.569791],[8.899216,48.570304],[8.899416,48.571],[8.899523,48.571399],[8.899746,48.572485],[8.899883,48.573535],[8.899947,48.574692],[8.899932,48.575694],[8.899885,48.576384],[8.899761,48.577431],[8.899743,48.577563],[8.899693,48.577894],[8.899343,48.579989],[8.899177,48.58094],[8.899111,48.581318],[8.898825,48.583021],[8.897994,48.587825],[8.897967,48.587993],[8.897622,48.590045],[8.897174,48.592674],[8.896587,48.596233],[8.896508,48.596708],[8.896358,48.597959],[8.896188,48.599694],[8.896163,48.600037],[8.896122,48.601336],[8.896132,48.601723],[8.896404,48.603756],[8.896666,48.604987],[8.896958,48.605958],[8.897139,48.606367],[8.897485,48.607048],[8.897752,48.607515],[8.898407,48.60851],[8.898845,48.6091],[8.899259,48.609601],[8.899969,48.61042],[8.900539,48.611039],[8.901177,48.611624],[8.901884,48.612235],[8.903607,48.613626],[8.905553,48.61517],[8.906863,48.616292],[8.907428,48.616812],[8.908093,48.617466],[8.908618,48.618011],[8.909267,48.618751],[8.909701,48.619274],[8.910305,48.620088],[8.910577,48.620473],[8.911112,48.621352],[8.911514,48.622036],[8.9118,48.622578],[8.911945,48.622858],[8.912662,48.624334],[8.913075,48.625316],[8.914116,48.627912],[8.914492,48.628996],[8.915048,48.630461],[8.915396,48.631231],[8.9156,48.631646],[8.915829,48.63209],[8.91609,48.632567],[8.916625,48.633294],[8.916997,48.633712],[8.917297,48.63401],[8.917622,48.634284],[8.918023,48.634586],[8.918447,48.634876],[8.918952,48.63518],[8.920032,48.635762],[8.921855,48.636652],[8.924041,48.637649],[8.92762,48.639162],[8.928527,48.639577],[8.929996,48.640293],[8.930912,48.640738],[8.931471,48.641055],[8.932564,48.64173],[8.934252,48.642873],[8.935234,48.64357],[8.936209,48.644241],[8.937208,48.64485],[8.937702,48.645121],[8.93822,48.645375],[8.939401,48.645888],[8.939931,48.646086],[8.9415,48.6466],[8.943052,48.64712],[8.94396,48.647459],[8.94454,48.647698],[8.945517,48.648149],[8.946301,48.64855],[8.946877,48.648874],[8.948145,48.649663],[8.948657,48.650023],[8.949154,48.650378],[8.951643,48.652241],[8.952699,48.652977],[8.953124,48.65325],[8.954067,48.653795],[8.956096,48.655009],[8.957161,48.655715],[8.958125,48.656458],[8.959013,48.65726],[8.959457,48.657659],[8.959862,48.658084],[8.960177,48.658447],[8.960941,48.65946],[8.961233,48.659912],[8.961482,48.660357],[8.961751,48.660852],[8.961998,48.661363],[8.962387,48.662336],[8.962727,48.663451],[8.96296,48.664322],[8.963149,48.665217],[8.963264,48.665919],[8.963387,48.667084],[8.96345,48.667987],[8.963483,48.669006],[8.963544,48.671537],[8.963581,48.672344],[8.963647,48.673102],[8.963807,48.674289],[8.963935,48.674934],[8.964097,48.675591],[8.964346,48.676378],[8.964525,48.676843],[8.964731,48.677312],[8.965012,48.67785],[8.965256,48.678275],[8.965624,48.678833],[8.966141,48.679489],[8.966583,48.679971],[8.966969,48.680356],[8.967578,48.680872],[8.968233,48.681394],[8.968867,48.681843],[8.969576,48.682302],[8.970358,48.68273],[8.971184,48.683128],[8.972324,48.683592],[8.973172,48.68389],[8.97469,48.684368],[8.975073,48.684569],[8.97533,48.684654],[8.977728,48.685309],[8.978018,48.685395],[8.97951,48.685862],[8.980759,48.686319],[8.981607,48.68666],[8.982516,48.687065],[8.983395,48.6875],[8.984495,48.688105],[8.985269,48.688569],[8.988109,48.690473],[8.989027,48.691036],[8.98987,48.691503],[8.990783,48.691939],[8.991435,48.692216],[8.992102,48.69247],[8.992994,48.692755],[8.994185,48.693072],[8.994921,48.693227],[8.995753,48.693371],[8.996395,48.693466],[8.997057,48.693539],[8.997546,48.693576],[8.998065,48.69361],[8.998898,48.693639],[8.999847,48.693651],[9.000895,48.693643],[9.001719,48.693614],[9.002315,48.693587],[9.003951,48.693642],[9.004409,48.693614],[9.004585,48.693583],[9.00504,48.693467],[9.005345,48.693455],[9.008794,48.693745],[9.009588,48.693849],[9.010477,48.693998],[9.011137,48.694126],[9.012404,48.694428],[9.013283,48.694682],[9.014159,48.694955],[9.015006,48.695248],[9.016111,48.695662],[9.01718,48.696114],[9.019044,48.696995],[9.022302,48.698644],[9.023748,48.699354],[9.02512,48.69999],[9.025497,48.700201],[9.025789,48.70044],[9.026146,48.70069],[9.026471,48.700851],[9.026693,48.70093],[9.027084,48.701052],[9.027824,48.701299],[9.028718,48.701567],[9.029358,48.701734],[9.030603,48.702029],[9.031803,48.702292],[9.032095,48.702343],[9.034134,48.702641],[9.034852,48.702733],[9.036633,48.70295],[9.038164,48.703102],[9.038669,48.703147],[9.039046,48.703199],[9.039506,48.70333],[9.039848,48.703499],[9.039993,48.703544],[9.041185,48.703669],[9.042284,48.703785],[9.043534,48.703964],[9.044308,48.704106],[9.045327,48.70434],[9.045932,48.704507],[9.047025,48.704861],[9.047566,48.705069],[9.048013,48.705265],[9.048668,48.705581],[9.04934,48.70595],[9.049988,48.706359],[9.050326,48.706585],[9.050917,48.707029],[9.05144,48.707473],[9.051916,48.707933],[9.052362,48.708456],[9.052762,48.708988],[9.053089,48.709524],[9.05338,48.710079],[9.053521,48.710409],[9.053682,48.710885],[9.053856,48.711619],[9.053923,48.712131],[9.05395,48.712686],[9.053922,48.714022],[9.053963,48.71503],[9.054006,48.715359],[9.054208,48.715584],[9.054307,48.715969],[9.054503,48.716577],[9.054732,48.717103],[9.05504,48.717686],[9.055391,48.718222],[9.0558,48.71875],[9.056236,48.719236],[9.056722,48.719699],[9.057032,48.719957],[9.057878,48.720585],[9.058738,48.721158],[9.059637,48.721711],[9.061081,48.722558],[9.06293,48.723579],[9.063838,48.724055],[9.063974,48.72409],[9.064332,48.724229],[9.064829,48.724392],[9.065406,48.724524],[9.065648,48.724564],[9.066222,48.724623],[9.06778,48.724731],[9.068725,48.724794],[9.069117,48.72482],[9.070019,48.72482],[9.070315,48.7248],[9.07062,48.724757],[9.07092,48.724693],[9.071205,48.724607],[9.071741,48.724388],[9.072612,48.723938],[9.073486,48.723434],[9.073719,48.723307],[9.073921,48.723194],[9.07419,48.723141],[9.074213,48.723125],[9.074687,48.722801],[9.079525,48.719762],[9.083392,48.717339],[9.084454,48.716695],[9.085828,48.715975],[9.086665,48.715592],[9.087564,48.715224],[9.088482,48.714891],[9.089167,48.714666],[9.090349,48.714328],[9.095354,48.71309],[9.096263,48.712865],[9.100144,48.711918],[9.101731,48.711573],[9.10331,48.711263],[9.104708,48.710991],[9.106061,48.710727],[9.114556,48.709068],[9.1154,48.708908],[9.11705,48.708653],[9.118964,48.708447],[9.119851,48.708381],[9.120866,48.708329],[9.121971,48.708305],[9.122208,48.708301],[9.123016,48.708303],[9.123892,48.708326],[9.125355,48.708403],[9.126481,48.708498],[9.129875,48.708879],[9.133585,48.709293],[9.135282,48.709454],[9.136787,48.709535],[9.138763,48.709564],[9.139723,48.709545],[9.141389,48.70945],[9.141991,48.7094],[9.143624,48.709212],[9.145057,48.709012],[9.145493,48.708853],[9.146586,48.708634],[9.147891,48.708436],[9.149997,48.708145],[9.151887,48.707875],[9.153763,48.707613],[9.15869,48.70692],[9.161619,48.706516],[9.161792,48.706439],[9.162347,48.706311],[9.163843,48.705885],[9.165132,48.705509],[9.166472,48.705134],[9.16682,48.705066],[9.167318,48.70504],[9.167664,48.705056],[9.167989,48.705104],[9.168759,48.705251],[9.169123,48.705256],[9.169551,48.705198],[9.170124,48.705073],[9.170932,48.704878],[9.171654,48.704673],[9.172809,48.704302],[9.173987,48.703874],[9.174487,48.703643],[9.174939,48.703373],[9.175576,48.70296],[9.175863,48.702806],[9.176171,48.702666],[9.177758,48.702055],[9.179079,48.701567],[9.180845,48.70085],[9.181124,48.700811],[9.18147,48.700652],[9.183829,48.699528],[9.1884,48.697345],[9.190162,48.696543],[9.19136,48.696031],[9.19224,48.695675],[9.193233,48.695311],[9.193961,48.69506],[9.194791,48.694804],[9.196046,48.694442],[9.197783,48.694011],[9.199013,48.693751],[9.200452,48.693491],[9.201867,48.693277],[9.202508,48.693199],[9.20377,48.693067],[9.2045,48.693005],[9.206537,48.69288],[9.207526,48.692844],[9.209227,48.692811],[9.210281,48.692806],[9.212365,48.692827],[9.21433,48.692888],[9.217082,48.693037],[9.219293,48.69321],[9.221474,48.693428],[9.22292,48.6936],[9.225069,48.693895],[9.227224,48.694235],[9.230075,48.69474],[9.240904,48.696785],[9.242779,48.697114],[9.243736,48.697254],[9.245182,48.697423],[9.246399,48.697524],[9.247257,48.697571],[9.248599,48.697613],[9.250055,48.697606],[9.25153,48.697546],[9.252985,48.697436],[9.254436,48.69727],[9.255865,48.697055],[9.25729,48.69679],[9.259002,48.696438],[9.261361,48.69597],[9.262228,48.69582],[9.263182,48.695676],[9.264633,48.695504],[9.264978,48.695469],[9.265502,48.695424],[9.266769,48.695343],[9.268276,48.695277],[9.280935,48.694816],[9.282794,48.694726],[9.283157,48.694708],[9.283938,48.694664],[9.287214,48.694439],[9.289597,48.694235],[9.29262,48.693924],[9.294442,48.693714],[9.296354,48.693465],[9.296849,48.693384],[9.302953,48.692572],[9.303678,48.692456],[9.304965,48.692217],[9.306323,48.691921],[9.307269,48.691675],[9.308635,48.691275],[9.309766,48.690891],[9.310661,48.690553],[9.311454,48.690237],[9.312763,48.689673],[9.314872,48.688748],[9.319961,48.68652],[9.324141,48.684699],[9.328528,48.682753],[9.338993,48.678182],[9.34153,48.67708],[9.341633,48.677033],[9.343677,48.676131],[9.344157,48.675884],[9.347286,48.67453],[9.355379,48.671006],[9.355964,48.670749],[9.357046,48.67027],[9.360353,48.668808],[9.362211,48.668006],[9.363964,48.667236],[9.364678,48.666916],[9.365585,48.666518],[9.367276,48.665779],[9.367885,48.665508],[9.369632,48.664717],[9.370535,48.664277],[9.3714,48.663833],[9.371852,48.663585],[9.372369,48.663287],[9.373466,48.662599],[9.374423,48.661945],[9.375327,48.6613],[9.377903,48.659461],[9.379241,48.658578],[9.380114,48.658065],[9.381148,48.6575],[9.382321,48.656927],[9.383584,48.656383],[9.385034,48.655828],[9.386116,48.655468],[9.387989,48.654932],[9.388593,48.654779],[9.389766,48.654527],[9.391731,48.654148],[9.394153,48.653675],[9.400574,48.652432],[9.402773,48.651998],[9.407892,48.65099],[9.408783,48.650797],[9.410277,48.650441],[9.410802,48.650309],[9.412331,48.649878],[9.413791,48.649419],[9.415154,48.64895],[9.415603,48.648791],[9.417411,48.648074],[9.418822,48.647455],[9.420308,48.646737],[9.421552,48.646091],[9.422224,48.645736],[9.423877,48.644839],[9.429156,48.641994],[9.430365,48.641354],[9.431086,48.640966],[9.433246,48.639799],[9.435358,48.638653],[9.440084,48.636112],[9.441112,48.635606],[9.441555,48.63539],[9.442292,48.635037],[9.443906,48.634345],[9.445244,48.633818],[9.445722,48.633648],[9.447303,48.633101],[9.448496,48.632729],[9.449332,48.632486],[9.450731,48.632108],[9.452241,48.631757],[9.452745,48.631643],[9.453936,48.631398],[9.454922,48.631224],[9.455297,48.631153],[9.455973,48.631047],[9.457311,48.630857],[9.459594,48.630591],[9.460507,48.630498],[9.461112,48.630452],[9.462106,48.630406],[9.46316,48.630355],[9.465943,48.630264],[9.475683,48.629858],[9.497313,48.62892],[9.505742,48.628579],[9.506294,48.62856],[9.510326,48.628376],[9.512931,48.62828],[9.514927,48.62827],[9.515982,48.628295],[9.517063,48.628352],[9.517653,48.628396],[9.519367,48.628584],[9.520672,48.628766],[9.521813,48.628951],[9.530288,48.63042],[9.533283,48.630953],[9.535795,48.63137],[9.537634,48.631655],[9.538765,48.631813],[9.540513,48.632024],[9.542759,48.632312],[9.546408,48.632777],[9.549475,48.633165],[9.550848,48.63331],[9.551901,48.633398],[9.552734,48.633429],[9.553936,48.633444],[9.554501,48.633443],[9.555586,48.633411],[9.556849,48.633327],[9.557574,48.63327],[9.55838,48.633163],[9.559512,48.632996],[9.560858,48.632743],[9.561993,48.632481],[9.562924,48.632237],[9.563853,48.631964],[9.564717,48.631672],[9.565564,48.631359],[9.566963,48.630787],[9.567163,48.630701],[9.567765,48.630421],[9.568637,48.630022],[9.569648,48.629593],[9.570519,48.629286],[9.571421,48.629007],[9.572105,48.628835],[9.574721,48.628291],[9.575999,48.627963],[9.57654,48.627795],[9.577034,48.627617],[9.577566,48.62741],[9.578112,48.62717],[9.578648,48.626908],[9.579192,48.626615],[9.580053,48.626078],[9.58053,48.62574],[9.581026,48.625337],[9.581493,48.624915],[9.581801,48.624604],[9.582183,48.624174],[9.583352,48.622751],[9.583771,48.622304],[9.5842,48.621896],[9.584879,48.621326],[9.585398,48.620934],[9.585964,48.620564],[9.586531,48.620248],[9.587126,48.619961],[9.587767,48.61967],[9.589128,48.619157],[9.590256,48.618833],[9.591057,48.618652],[9.593827,48.618133],[9.594295,48.618028],[9.594788,48.617907],[9.595615,48.61767],[9.596608,48.617331],[9.597325,48.617047],[9.598702,48.61641],[9.599693,48.615953],[9.600797,48.615536],[9.602023,48.615171],[9.602516,48.615047],[9.60299,48.614953],[9.603788,48.614807],[9.604523,48.614701],[9.605661,48.614585],[9.607579,48.614436],[9.611455,48.614164],[9.61306,48.614029],[9.614414,48.613884],[9.615919,48.613672],[9.616723,48.613521],[9.617418,48.613373],[9.618471,48.613105],[9.619561,48.612793],[9.621111,48.612252],[9.621716,48.612001],[9.623082,48.611414],[9.624204,48.6109],[9.626932,48.609662],[9.628833,48.608777],[9.630355,48.608094],[9.634737,48.606067],[9.635174,48.605845],[9.635895,48.605444],[9.636744,48.604941],[9.637131,48.60469],[9.637947,48.604154],[9.638727,48.603569],[9.63893,48.603411],[9.63962,48.602858],[9.640319,48.602221],[9.64129,48.601247],[9.641449,48.601078],[9.641907,48.600568],[9.642527,48.599885],[9.643254,48.599075],[9.645336,48.596706],[9.647002,48.594857],[9.648345,48.593282],[9.648955,48.592516],[9.649257,48.592114],[9.650912,48.589758],[9.651251,48.58932],[9.651691,48.588782],[9.652157,48.588283],[9.652575,48.587905],[9.652967,48.587584],[9.653416,48.587254],[9.653944,48.586915],[9.654357,48.586679],[9.65478,48.586458],[9.655401,48.586177],[9.656154,48.585889],[9.656731,48.58569],[9.658118,48.585265],[9.659445,48.584871],[9.659746,48.584779],[9.661035,48.584392],[9.661602,48.584221],[9.662804,48.583857],[9.663214,48.583695],[9.663557,48.583535],[9.664001,48.583296],[9.664421,48.583],[9.664812,48.58264],[9.665013,48.582422],[9.665257,48.582091],[9.665418,48.581788],[9.665526,48.581514],[9.665647,48.581031],[9.665671,48.58059],[9.665652,48.580369],[9.665615,48.58016],[9.665501,48.579777],[9.665225,48.579246],[9.66499,48.578936],[9.664687,48.57861],[9.664322,48.578305],[9.663873,48.577982],[9.662235,48.576846],[9.660233,48.575321],[9.659596,48.574867],[9.659261,48.574684],[9.659011,48.574572],[9.658613,48.574423],[9.656827,48.573956],[9.65626,48.57378],[9.653983,48.572989],[9.653497,48.572797],[9.652994,48.572574],[9.651642,48.571857],[9.650403,48.571216],[9.649313,48.570651],[9.648735,48.570314],[9.648198,48.569937],[9.647801,48.569593],[9.647522,48.569285],[9.64725,48.568904],[9.647086,48.5686],[9.646646,48.567623],[9.646434,48.567314],[9.646323,48.567184],[9.646029,48.566916],[9.645681,48.566686],[9.645291,48.566496],[9.644867,48.566342],[9.644404,48.566228],[9.643917,48.566161],[9.643418,48.566134],[9.642931,48.566137],[9.641978,48.566163],[9.64167,48.566159],[9.641147,48.566125],[9.640673,48.566063],[9.639374,48.565799],[9.638852,48.565703],[9.638446,48.565646],[9.637666,48.565586],[9.636696,48.565544],[9.636464,48.565529],[9.635902,48.565461],[9.635342,48.565344],[9.634898,48.565198],[9.634286,48.564897],[9.633804,48.564613],[9.633239,48.564235],[9.632885,48.563969],[9.63237,48.563479],[9.63221,48.563282],[9.632067,48.563036],[9.631961,48.562804],[9.631854,48.562499],[9.631594,48.561593],[9.631363,48.561015],[9.631071,48.560494],[9.630728,48.55999],[9.630686,48.559928],[9.630401,48.559456],[9.630245,48.55904],[9.630206,48.558734],[9.630201,48.558471],[9.630307,48.557789],[9.630481,48.556982],[9.630618,48.556521],[9.630921,48.555816],[9.631579,48.554819],[9.631837,48.554328],[9.632176,48.553607],[9.632574,48.552887],[9.633061,48.552241],[9.633236,48.552041],[9.633589,48.551695],[9.633909,48.551433],[9.634257,48.551185],[9.635065,48.550722],[9.641632,48.547213],[9.641955,48.54704],[9.64279,48.546584],[9.643218,48.546364],[9.643508,48.54621],[9.643759,48.546076],[9.643961,48.545958],[9.644645,48.545552],[9.645398,48.545051],[9.645741,48.544791],[9.645945,48.544629],[9.646236,48.544387],[9.646876,48.543763],[9.647241,48.543343],[9.647537,48.542964],[9.64796,48.542328],[9.64833,48.541625],[9.649973,48.538336],[9.650249,48.537876],[9.65043,48.537621],[9.650769,48.537192],[9.651056,48.536884],[9.651391,48.53656],[9.651983,48.536064],[9.652657,48.535598],[9.653335,48.535195],[9.654104,48.534817],[9.654946,48.534473],[9.655592,48.534255],[9.656123,48.534104],[9.656491,48.533994],[9.657365,48.533809],[9.658118,48.533691],[9.661874,48.53335],[9.666724,48.532915],[9.668789,48.532661],[9.671134,48.532289],[9.675339,48.531594],[9.677325,48.531292],[9.678416,48.531159],[9.680122,48.53103],[9.682113,48.530958],[9.683129,48.530958],[9.684247,48.530986],[9.689732,48.531245],[9.691146,48.531266],[9.692161,48.531253],[9.693279,48.531205],[9.693896,48.531164],[9.694961,48.531071],[9.695802,48.53098],[9.696882,48.530835],[9.698374,48.530608],[9.698815,48.53054],[9.698949,48.53052],[9.699865,48.530378],[9.702315,48.530008],[9.712055,48.528513],[9.714728,48.528085],[9.717035,48.527732],[9.718595,48.527486],[9.719823,48.527275],[9.721395,48.526981],[9.722377,48.526775],[9.723943,48.526414],[9.725044,48.526129],[9.727675,48.525386],[9.747366,48.519709],[9.74885,48.519349],[9.750335,48.51903],[9.751949,48.518752],[9.752921,48.518621],[9.754346,48.518473],[9.755239,48.518406],[9.757124,48.518322],[9.75912,48.518278],[9.759931,48.518248],[9.761948,48.518236],[9.775464,48.517978],[9.777977,48.518024],[9.779421,48.518085],[9.781116,48.518196],[9.782653,48.518335],[9.784301,48.518521],[9.787322,48.518921],[9.78968,48.519263],[9.792389,48.519673],[9.793402,48.519798],[9.794881,48.519952],[9.796458,48.520095],[9.797855,48.520171],[9.798153,48.520182],[9.799607,48.520215],[9.800729,48.520217],[9.801963,48.520184],[9.803316,48.520119],[9.804634,48.520016],[9.80596,48.519876],[9.807273,48.519714],[9.808713,48.519486],[9.809849,48.519279],[9.811148,48.518987],[9.812498,48.518658],[9.817338,48.517324],[9.819464,48.516682],[9.826038,48.514743],[9.827095,48.514405],[9.828589,48.513845],[9.829722,48.513367],[9.830812,48.512866],[9.831628,48.512454],[9.832435,48.51199],[9.833556,48.511313],[9.834606,48.510604],[9.836483,48.509127],[9.83723,48.508408],[9.83768,48.507936],[9.838373,48.507154],[9.839203,48.506104],[9.839574,48.505538],[9.84038,48.504146],[9.840659,48.503626],[9.842384,48.500062],[9.842765,48.499323],[9.843334,48.498303],[9.843712,48.49768],[9.844003,48.497254],[9.844242,48.496898],[9.844836,48.496105],[9.84553,48.495284],[9.846341,48.494374],[9.847244,48.493465],[9.848444,48.492412],[9.849633,48.491481],[9.850539,48.49084],[9.852071,48.489855],[9.853106,48.489228],[9.855459,48.488052],[9.857987,48.486868],[9.868056,48.482306],[9.873508,48.479842],[9.874735,48.479297],[9.878078,48.477865],[9.881056,48.476729],[9.882804,48.476086],[9.885367,48.475228],[9.892938,48.472972],[9.897686,48.471605],[9.901448,48.47047],[9.90546,48.469313],[9.905875,48.469188],[9.909841,48.467995],[9.911953,48.467335],[9.914178,48.46658],[9.91518,48.466215],[9.915473,48.466103],[9.917623,48.465307],[9.919556,48.464561],[9.920719,48.464141],[9.922636,48.46346],[9.924448,48.462843],[9.926618,48.462179],[9.929374,48.461434],[9.931814,48.460806],[9.934027,48.460212],[9.936423,48.45959],[9.938465,48.459049],[9.941054,48.458396],[9.944113,48.45757],[9.945697,48.457184],[9.94691,48.456937],[9.94876,48.456641],[9.950012,48.456499],[9.950847,48.456433],[9.952224,48.456338],[9.953302,48.456301],[9.95354,48.456296],[9.954996,48.456283],[9.964095,48.456337],[9.96706,48.456369],[9.969088,48.456442],[9.970133,48.456483],[9.973174,48.456693],[9.974434,48.456775],[9.975461,48.456866],[9.97574,48.456894],[9.978113,48.457081],[9.981327,48.457335],[9.981589,48.45736],[9.985077,48.457624],[9.987665,48.457766],[9.989329,48.457825],[9.992039,48.457863],[10.001287,48.457793],[10.01071,48.457691],[10.013123,48.457628],[10.014117,48.457585],[10.017261,48.457398],[10.01992,48.457182],[10.02237,48.456931],[10.024009,48.456733],[10.025426,48.456542],[10.027798,48.456184],[10.04157,48.454083],[10.041976,48.454022],[10.045326,48.453522],[10.046642,48.453362],[10.048281,48.453213],[10.049429,48.453145],[10.050313,48.45311],[10.051651,48.453089],[10.053001,48.4531],[10.053746,48.453111],[10.055327,48.453192],[10.057196,48.453351],[10.059974,48.453655],[10.061987,48.453875],[10.064241,48.454149],[10.065103,48.454262],[10.067297,48.454588],[10.06863,48.45483],[10.070628,48.45522],[10.072608,48.455699],[10.073145,48.455844],[10.073876,48.456043],[10.07531,48.456484],[10.076719,48.456957],[10.07809,48.457455],[10.080655,48.458475],[10.082037,48.459049],[10.08277,48.459372],[10.08617,48.460778],[10.088174,48.461523],[10.09014,48.46216],[10.09175,48.462635],[10.093327,48.463063],[10.095556,48.463585],[10.098168,48.4641],[10.100452,48.464471],[10.102857,48.464758],[10.104193,48.464889],[10.105867,48.465016],[10.106213,48.46504],[10.106686,48.465061],[10.107115,48.465076],[10.109377,48.46514],[10.110228,48.465143],[10.110518,48.465143],[10.11109,48.465141],[10.113442,48.46507],[10.115137,48.464972],[10.116035,48.46491],[10.118893,48.46467],[10.120647,48.464499],[10.122312,48.464338],[10.124067,48.464157],[10.125078,48.464053],[10.127294,48.463834],[10.128692,48.463681],[10.137608,48.462781],[10.144768,48.462033],[10.160717,48.460409],[10.17006,48.459477],[10.179169,48.458542],[10.183729,48.458062],[10.185239,48.457889],[10.186562,48.457703],[10.18766,48.457521],[10.188709,48.457315],[10.18976,48.457071],[10.190771,48.456815],[10.192054,48.45644],[10.193599,48.455934],[10.194951,48.455402],[10.196718,48.454602],[10.197772,48.454065],[10.198786,48.453488],[10.19965,48.452948],[10.200482,48.452391],[10.20113,48.451918],[10.201601,48.451547],[10.201907,48.451292],[10.202631,48.450678],[10.204689,48.448674],[10.20642,48.446813],[10.20738,48.445767],[10.207631,48.4455],[10.210614,48.442346],[10.212251,48.440597],[10.212416,48.44042],[10.213969,48.438778],[10.214277,48.438439],[10.214927,48.437749],[10.217399,48.435159],[10.218584,48.434027],[10.218809,48.433846],[10.219002,48.433679],[10.219711,48.43314],[10.220516,48.432592],[10.221571,48.431957],[10.222551,48.431447],[10.223689,48.430927],[10.224657,48.430549],[10.225711,48.430179],[10.226567,48.429918],[10.226944,48.429814],[10.227849,48.429587],[10.228961,48.429345],[10.229962,48.429174],[10.231124,48.429021],[10.232215,48.428913],[10.233504,48.428846],[10.234981,48.428832],[10.252089,48.429298],[10.252716,48.429317],[10.25558,48.429392],[10.256109,48.429406],[10.272432,48.429876],[10.273035,48.429888],[10.274523,48.429927],[10.279224,48.430058],[10.279853,48.430078],[10.282758,48.430169],[10.28403,48.430239],[10.285043,48.430321],[10.286159,48.430436],[10.287169,48.430574],[10.288431,48.430776],[10.289478,48.430985],[10.290273,48.431161],[10.291429,48.431439],[10.292869,48.431812],[10.295279,48.432458],[10.297528,48.433057],[10.301779,48.434198],[10.305606,48.435248],[10.307858,48.435803],[10.308648,48.435977],[10.309664,48.436175],[10.311152,48.436417],[10.312012,48.436539],[10.312886,48.436654],[10.313806,48.436753],[10.31576,48.4369],[10.316719,48.436945],[10.318579,48.436982],[10.319279,48.436979],[10.319888,48.436974],[10.321677,48.436903],[10.322453,48.436844],[10.324086,48.436686],[10.324583,48.436627],[10.325485,48.436518],[10.326434,48.436371],[10.328136,48.436073],[10.329103,48.435859],[10.330596,48.435505],[10.332608,48.435011],[10.334626,48.434537],[10.3364,48.434153],[10.338598,48.433736],[10.340977,48.433324],[10.343753,48.432913],[10.345427,48.432699],[10.348015,48.432414],[10.349986,48.432241],[10.351451,48.432133],[10.35297,48.432042],[10.354537,48.431958],[10.355781,48.431909],[10.35932,48.431797],[10.359823,48.431787],[10.361102,48.431759],[10.363096,48.43169],[10.364432,48.431637],[10.365436,48.431567],[10.366732,48.431438],[10.36795,48.431276],[10.368856,48.431133],[10.369315,48.431055],[10.371244,48.430637],[10.37165,48.430536],[10.372475,48.430317],[10.373335,48.430067],[10.373806,48.429922],[10.375306,48.429406],[10.37617,48.429073],[10.377955,48.4283],[10.378379,48.428112],[10.381904,48.426523],[10.383895,48.425644],[10.385813,48.424773],[10.390112,48.42275],[10.391885,48.421858],[10.394245,48.420612],[10.394637,48.420407],[10.39741,48.418953],[10.4,48.417558],[10.402631,48.416172],[10.403826,48.415578],[10.4047,48.415171],[10.405585,48.4148],[10.407471,48.414119],[10.407862,48.413999],[10.408545,48.413789],[10.409347,48.413579],[10.410397,48.413326],[10.411374,48.413122],[10.41231,48.412945],[10.413658,48.412745],[10.414972,48.41259],[10.416168,48.412492],[10.417292,48.412436],[10.418475,48.412407],[10.420414,48.412418],[10.421092,48.412428],[10.425076,48.412482],[10.426314,48.412509],[10.430155,48.412564],[10.431611,48.412607],[10.434379,48.412646],[10.436405,48.412671],[10.437795,48.412695],[10.439296,48.412716],[10.443682,48.41277],[10.444484,48.412778],[10.449027,48.412877],[10.451304,48.41297],[10.456305,48.413235],[10.45796,48.413286],[10.460882,48.41327],[10.461514,48.413255],[10.46223,48.413226],[10.464024,48.413112],[10.465178,48.413014],[10.468014,48.412721],[10.471195,48.41237],[10.474211,48.41205],[10.482947,48.411035],[10.488629,48.41043],[10.503429,48.408816],[10.504998,48.408628],[10.506922,48.408368],[10.510464,48.407803],[10.511915,48.407542],[10.51334,48.407244],[10.518945,48.40598],[10.521476,48.40537],[10.522164,48.405203],[10.524428,48.404602],[10.533933,48.401868],[10.536908,48.401026],[10.538273,48.400664],[10.538987,48.400504],[10.540367,48.400244],[10.541272,48.400103],[10.542131,48.399996],[10.542911,48.399924],[10.544647,48.399834],[10.545737,48.399829],[10.54697,48.399876],[10.548142,48.399956],[10.548949,48.400036],[10.550055,48.400182],[10.551113,48.400379],[10.552486,48.400689],[10.55377,48.401027],[10.554905,48.40139],[10.556473,48.402005],[10.557338,48.402406],[10.559124,48.40327],[10.559709,48.403537],[10.560681,48.403938],[10.562246,48.404515],[10.56299,48.404753],[10.56403,48.405055],[10.564812,48.405255],[10.565894,48.405496],[10.567002,48.405711],[10.568342,48.405927],[10.571699,48.406427],[10.573073,48.406651],[10.574791,48.406988],[10.576102,48.407299],[10.579276,48.408075],[10.580606,48.408366],[10.581726,48.408586],[10.583558,48.408899],[10.585424,48.409158],[10.587861,48.409382],[10.590777,48.40968],[10.592485,48.409807],[10.592882,48.409831],[10.593723,48.409867],[10.594196,48.409881],[10.595538,48.409923],[10.598793,48.409892],[10.600957,48.409872],[10.605051,48.409826],[10.607976,48.409753],[10.609936,48.409756],[10.61208,48.409852],[10.612932,48.409924],[10.615606,48.410169],[10.617218,48.410298],[10.618258,48.410349],[10.619143,48.410368],[10.619995,48.410368],[10.621386,48.410337],[10.622868,48.410248],[10.627729,48.409704],[10.628882,48.409599],[10.629974,48.40953],[10.631291,48.409489],[10.632418,48.409486],[10.633829,48.409515],[10.63451,48.409552],[10.636222,48.409691],[10.637469,48.409843],[10.639492,48.410134],[10.642944,48.410633],[10.645229,48.410977],[10.646955,48.411226],[10.65566,48.412488],[10.657006,48.41271],[10.659421,48.413217],[10.661454,48.4138],[10.662477,48.414124],[10.663383,48.414443],[10.665438,48.415312],[10.669385,48.417216],[10.670794,48.417831],[10.671987,48.418274],[10.672749,48.418531],[10.673475,48.418756],[10.674567,48.419045],[10.675297,48.419212],[10.676581,48.419463],[10.67797,48.419683],[10.679436,48.419826],[10.680456,48.419893],[10.681483,48.419928],[10.682621,48.419915],[10.683831,48.419876],[10.684788,48.419801],[10.685944,48.419685],[10.687776,48.419466],[10.688988,48.419318],[10.691277,48.419081],[10.693674,48.418885],[10.696288,48.418701],[10.70156,48.418327],[10.7083,48.417875],[10.711812,48.417608],[10.719171,48.417075],[10.719637,48.417039],[10.721084,48.416941],[10.723988,48.416774],[10.726474,48.416698],[10.728526,48.416673],[10.731507,48.416694],[10.735525,48.416833],[10.739935,48.416999],[10.740676,48.417035],[10.742212,48.417104],[10.744909,48.417199],[10.764341,48.417979],[10.766793,48.418131],[10.768777,48.418282],[10.772102,48.418597],[10.775804,48.419059],[10.777322,48.419231],[10.780427,48.41953],[10.78219,48.419669],[10.783437,48.419743],[10.78637,48.419869],[10.787104,48.419894],[10.788991,48.41993],[10.795808,48.420014],[10.798118,48.42002],[10.800551,48.420005],[10.803357,48.419915],[10.807073,48.419744],[10.809118,48.419616],[10.813189,48.419288],[10.815858,48.419046],[10.817541,48.41888],[10.819986,48.418663],[10.820897,48.418566],[10.821485,48.418506],[10.823792,48.418293],[10.824334,48.418235],[10.833339,48.417465],[10.835995,48.417252],[10.838681,48.417055],[10.840879,48.416863],[10.856208,48.415541],[10.862179,48.415034],[10.864532,48.414846],[10.867874,48.414636],[10.875447,48.414457],[10.876038,48.414443],[10.879043,48.414364],[10.884282,48.414246],[10.887599,48.414159],[10.888227,48.414135],[10.889751,48.414071],[10.892451,48.413897],[10.895349,48.413653],[10.898152,48.413334],[10.89973,48.413118],[10.902402,48.412704],[10.907569,48.411856],[10.908353,48.411734],[10.912626,48.411019],[10.927706,48.408528],[10.929844,48.40817],[10.942364,48.406087],[10.948135,48.405142],[10.95102,48.404659],[10.953704,48.404212],[10.956451,48.403749],[10.959716,48.403238],[10.963192,48.40264],[10.965357,48.402263],[10.967723,48.401884],[10.969132,48.401707],[10.970309,48.401595],[10.971524,48.40151],[10.972497,48.401474],[10.974199,48.401446],[10.977363,48.401505],[10.981465,48.401601],[10.982462,48.401613],[10.984322,48.401564],[10.985163,48.401529],[10.987042,48.401416],[10.98957,48.401236],[10.992406,48.401059],[10.999632,48.400585],[11.012053,48.399735],[11.014086,48.399566],[11.014948,48.399461],[11.016576,48.399211],[11.017377,48.399063],[11.01842,48.398846],[11.019058,48.398694],[11.02081,48.398223],[11.024044,48.397275],[11.025075,48.397005],[11.02616,48.396758],[11.02744,48.396506],[11.028656,48.396311],[11.030449,48.396086],[11.031604,48.395993],[11.032654,48.395928],[11.033715,48.395898],[11.034734,48.395892],[11.036216,48.395924],[11.049019,48.396488],[11.049964,48.39652],[11.050917,48.396534],[11.05244,48.396509],[11.053336,48.396463],[11.05398,48.396424],[11.055576,48.396276],[11.056991,48.396083],[11.057767,48.395953],[11.058812,48.395762],[11.059913,48.395524],[11.061036,48.395244],[11.061608,48.395075],[11.062617,48.394781],[11.06351,48.394485],[11.064271,48.394207],[11.065471,48.393726],[11.06621,48.3934],[11.067637,48.392706],[11.068629,48.392172],[11.069664,48.391557],[11.071666,48.39031],[11.074662,48.388291],[11.075045,48.388025],[11.076586,48.386975],[11.083833,48.38204],[11.085593,48.380862],[11.089686,48.378225],[11.094877,48.374924],[11.100553,48.371365],[11.101529,48.370795],[11.102196,48.370438],[11.103442,48.369843],[11.104334,48.369455],[11.105431,48.369029],[11.1068,48.368553],[11.108271,48.368102],[11.109465,48.367787],[11.111225,48.367407],[11.112603,48.367081],[11.114372,48.36663],[11.115815,48.366219],[11.117328,48.365731],[11.118639,48.365248],[11.119874,48.364719],[11.120826,48.364282],[11.12172,48.36384],[11.122622,48.363349],[11.123455,48.362845],[11.124205,48.362365],[11.125115,48.361756],[11.126079,48.361026],[11.12688,48.360352],[11.127759,48.359551],[11.128833,48.358429],[11.129517,48.357641],[11.130894,48.355925],[11.130982,48.355815],[11.132582,48.353871],[11.133812,48.352433],[11.134633,48.351574],[11.136084,48.350302],[11.137205,48.349439],[11.137785,48.349033],[11.139037,48.348219],[11.139737,48.347801],[11.141002,48.347095],[11.142495,48.34634],[11.145156,48.345135],[11.147404,48.344089],[11.152502,48.341698],[11.153843,48.341017],[11.154951,48.340378],[11.155511,48.340026],[11.156167,48.339587],[11.15697,48.339006],[11.157899,48.338282],[11.158666,48.337608],[11.161015,48.335208],[11.16322,48.332861],[11.163907,48.332205],[11.164486,48.331713],[11.165183,48.33116],[11.166703,48.330038],[11.168785,48.328721],[11.170615,48.327674],[11.172656,48.326613],[11.174442,48.325701],[11.18095,48.322646],[11.181104,48.322577],[11.188081,48.319392],[11.191039,48.31795],[11.193519,48.316639],[11.194234,48.316243],[11.19558,48.315478],[11.19678,48.314746],[11.197266,48.314454],[11.198382,48.313787],[11.199903,48.312797],[11.202358,48.311105],[11.204342,48.309751],[11.206673,48.308149],[11.208521,48.306882],[11.213435,48.303515],[11.21598,48.301815],[11.217612,48.300811],[11.219203,48.299885],[11.220272,48.299319],[11.22133,48.29879],[11.223567,48.297738],[11.225585,48.296884],[11.227311,48.296237],[11.228684,48.295755],[11.229848,48.295372],[11.23047,48.295171],[11.235806,48.29355],[11.24118,48.291959],[11.248861,48.28967],[11.251115,48.288927],[11.253337,48.288122],[11.255766,48.28718],[11.256082,48.287056],[11.258597,48.285975],[11.261031,48.284875],[11.26936,48.280965],[11.272117,48.279677],[11.274078,48.278761],[11.276407,48.277656],[11.277656,48.277056],[11.279309,48.276294],[11.280611,48.275664],[11.281617,48.275113],[11.28265,48.274466],[11.283575,48.273841],[11.284492,48.273161],[11.285496,48.272316],[11.287014,48.270871],[11.287294,48.27061],[11.298407,48.259972],[11.299596,48.258849],[11.300329,48.2582],[11.300929,48.257712],[11.301761,48.257099],[11.302437,48.256636],[11.302932,48.256325],[11.3037,48.255824],[11.304774,48.255221],[11.305241,48.254993],[11.306365,48.254439],[11.336239,48.23986],[11.340804,48.237567],[11.342845,48.236488],[11.344566,48.235537],[11.347194,48.234024],[11.353093,48.230548],[11.353615,48.230239],[11.354989,48.229433],[11.37104,48.219969],[11.378872,48.215351],[11.383535,48.212605],[11.385869,48.211216],[11.386076,48.211127],[11.388275,48.209827],[11.389633,48.209015],[11.390561,48.208484],[11.395911,48.20529],[11.396989,48.204614],[11.402007,48.201321],[11.402229,48.20118],[11.405231,48.199196],[11.405323,48.199136],[11.408301,48.197138],[11.410247,48.195852],[11.41342,48.19376],[11.415249,48.192559],[11.422484,48.187802],[11.428146,48.184054],[11.430202,48.182692],[11.430539,48.182171],[11.430582,48.181981],[11.430596,48.181785],[11.430517,48.181307],[11.430545,48.181017],[11.430616,48.180836],[11.430894,48.180405],[11.43098,48.180222],[11.430984,48.18003],[11.430933,48.179865],[11.430813,48.179689],[11.430619,48.179486],[11.430604,48.179413],[11.428777,48.177716],[11.427178,48.176336],[11.426228,48.175487],[11.425854,48.175175],[11.425774,48.175033],[11.424124,48.173795],[11.423539,48.173377],[11.422374,48.172523],[11.42183,48.17215],[11.421561,48.171949],[11.419544,48.170524],[11.415734,48.168041],[11.411185,48.165294],[11.405134,48.160542],[11.401786,48.157838],[11.399291,48.155654],[11.397597,48.1541],[11.397016,48.15354],[11.396468,48.152943],[11.39589,48.152231],[11.395502,48.151672],[11.395185,48.151173],[11.394939,48.15072],[11.394546,48.1498],[11.394383,48.149355],[11.394176,48.148661],[11.394062,48.148161],[11.393974,48.147608],[11.393924,48.146766],[11.393928,48.146222],[11.393983,48.145518],[11.394078,48.144795],[11.394257,48.144175],[11.394573,48.143256],[11.395532,48.141226],[11.396381,48.13954],[11.396755,48.138847],[11.397841,48.13677],[11.398425,48.135679],[11.400078,48.132683],[11.400845,48.13144],[11.401681,48.130029],[11.401941,48.12965],[11.402376,48.129139],[11.40271,48.128857],[11.403175,48.128533],[11.403522,48.12832],[11.40401,48.128096],[11.404605,48.127899],[11.404925,48.127818],[11.405696,48.127695],[11.40629,48.127656],[11.407131,48.1277],[11.407467,48.127746],[11.408081,48.127884],[11.40838,48.12798],[11.408824,48.128163],[11.409634,48.128596],[11.410263,48.128887],[11.411281,48.129259],[11.41208,48.129446],[11.412912,48.129619],[11.413873,48.129794],[11.415058,48.129973],[11.416137,48.130105],[11.417582,48.130229],[11.419042,48.130305],[11.41995,48.130326],[11.420869,48.130327],[11.421806,48.130291],[11.422482,48.130243],[11.423603,48.130108],[11.424252,48.129998],[11.425005,48.129841],[11.425757,48.129654],[11.426511,48.129433],[11.427548,48.129089],[11.430847,48.127906],[11.431647,48.127628],[11.432369,48.127434],[11.433083,48.127273],[11.43373,48.127166],[11.434636,48.12708],[11.435392,48.127067],[11.436188,48.127097],[11.437041,48.127196],[11.437753,48.127323],[11.439562,48.127736],[11.440219,48.127845],[11.440827,48.127915],[11.441754,48.127964],[11.442313,48.127963],[11.442886,48.127938],[11.443769,48.127852],[11.444563,48.127717],[11.445278,48.127551],[11.445717,48.12743],[11.446241,48.127264],[11.447242,48.126896],[11.44984,48.125832],[11.450689,48.125539],[11.451662,48.125244],[11.452635,48.125004],[11.453462,48.124852],[11.454584,48.124695],[11.456754,48.124471],[11.457583,48.124382],[11.460191,48.124181],[11.464494,48.123894],[11.464879,48.123877],[11.466631,48.123786],[11.468797,48.123681],[11.471879,48.123593],[11.473866,48.123557],[11.47709,48.123523],[11.480311,48.123552],[11.485167,48.123638],[11.486911,48.123662],[11.487952,48.123679],[11.488995,48.123718],[11.490075,48.12379],[11.491113,48.123893],[11.492796,48.124162],[11.493745,48.124348],[11.496124,48.124894],[11.497338,48.125189],[11.498037,48.125229],[11.499644,48.125457],[11.500538,48.125544],[11.501208,48.125588],[11.501979,48.125613],[11.502412,48.125609],[11.502621,48.125591],[11.502612,48.125292],[11.5026,48.124902],[11.50256,48.123643],[11.502508,48.12198],[11.502491,48.121452],[11.502486,48.121286],[11.502479,48.121062],[11.502467,48.120698],[11.50245,48.120157],[11.502426,48.119471],[11.5024,48.118405],[11.502367,48.116968],[11.502354,48.116301],[11.502316,48.115193],[11.502287,48.114065],[11.502271,48.11315],[11.502269,48.113077],[11.502251,48.112555],[11.502252,48.112182],[11.502257,48.112094],[11.50226,48.11203],[11.502286,48.11139],[11.502209,48.109052],[11.502185,48.108366],[11.502125,48.106176],[11.502069,48.105589],[11.501958,48.105377],[11.50101,48.102937],[11.500814,48.102443],[11.500684,48.102237],[11.500381,48.101994],[11.49996,48.101705],[11.499782,48.101549],[11.498805,48.101059],[11.49558,48.09945],[11.490396,48.096833],[11.489502,48.096346],[11.489085,48.096062],[11.488744,48.095789],[11.488388,48.095412],[11.488095,48.095006],[11.487896,48.094634],[11.48777,48.094211],[11.4877,48.09366],[11.487692,48.092476],[11.487734,48.09066],[11.48773,48.090082],[11.487795,48.086463],[11.487811,48.085714],[11.487878,48.081414],[11.487862,48.080674],[11.487782,48.079809],[11.487708,48.079458],[11.487524,48.078658],[11.487354,48.078185],[11.487113,48.077602],[11.486606,48.076583],[11.486328,48.076166],[11.485967,48.075666],[11.485291,48.074852],[11.482126,48.071303],[11.481855,48.07101],[11.478113,48.066763],[11.476806,48.065342],[11.474745,48.063101],[11.474093,48.062445],[11.473846,48.062197],[11.473075,48.061564],[11.472825,48.061372],[11.471803,48.060639],[11.471329,48.060352],[11.471081,48.060188],[11.470566,48.05989],[11.469797,48.059492],[11.468716,48.058981],[11.46578,48.057713],[11.463262,48.056522],[11.462911,48.056356],[11.461155,48.055444],[11.459226,48.054393],[11.458911,48.054211],[11.457154,48.053218],[11.456767,48.052994],[11.454847,48.051756],[11.453396,48.050785],[11.452644,48.050282],[11.449597,48.048023],[11.447043,48.046194],[11.446,48.045579],[11.444248,48.044545],[11.443056,48.043872],[11.442367,48.043522],[11.439604,48.042186],[11.436957,48.040996],[11.435211,48.040056],[11.433681,48.039043],[11.432911,48.038432],[11.432403,48.037975],[11.431533,48.037116],[11.43072,48.036172],[11.430075,48.035227],[11.428689,48.032824],[11.428401,48.032357],[11.428277,48.032158],[11.428135,48.03194],[11.427367,48.030726],[11.426571,48.029614],[11.425533,48.028246],[11.424059,48.026498],[11.423684,48.026054],[11.421321,48.023556],[11.420525,48.022652],[11.419997,48.021985],[11.41963,48.021471],[11.419183,48.02079],[11.418812,48.02015],[11.418575,48.019653],[11.418288,48.01903],[11.417998,48.018301],[11.417854,48.017872],[11.417577,48.016846],[11.417381,48.015658],[11.41733,48.015155],[11.417301,48.014099],[11.417322,48.013578],[11.417426,48.01261],[11.417552,48.011903],[11.417568,48.011823],[11.417811,48.010898],[11.418106,48.00999],[11.418764,48.008557],[11.419239,48.007742],[11.419831,48.00685],[11.420481,48.006],[11.421988,48.004244],[11.423222,48.002972],[11.423404,48.002789],[11.424523,48.001612],[11.425149,48.000925],[11.425557,48.000454],[11.426306,47.999523],[11.427059,47.998458],[11.427363,47.998018],[11.427802,47.997215],[11.428299,47.99613],[11.428657,47.995174],[11.428743,47.994915],[11.428793,47.994739],[11.428942,47.994176],[11.429089,47.993464],[11.429213,47.992652],[11.429254,47.992216],[11.42929,47.991234],[11.429257,47.9904],[11.42918,47.989673],[11.429159,47.989549],[11.428955,47.98846],[11.428701,47.987533],[11.428354,47.986559],[11.427778,47.98536],[11.427116,47.984222],[11.426395,47.983176],[11.425616,47.982215],[11.424306,47.980797],[11.419585,47.97612],[11.418377,47.974869],[11.41732,47.973694],[11.417128,47.973467],[11.416426,47.972652],[11.415815,47.97189],[11.415218,47.971092],[11.414236,47.969683],[11.413467,47.96843],[11.412834,47.967311],[11.412264,47.966105],[11.411885,47.965085],[11.411682,47.964397],[11.411528,47.963757],[11.41137,47.96288],[11.411266,47.961981],[11.411265,47.96175],[11.411264,47.961214],[11.411264,47.960831],[11.411366,47.959559],[11.411454,47.958959],[11.412034,47.955662],[11.412161,47.954378],[11.412167,47.953396],[11.412078,47.952332],[11.411904,47.951269],[11.411614,47.950183],[11.411283,47.949228],[11.411013,47.94858],[11.410107,47.946918],[11.409389,47.945853],[11.40887,47.945179],[11.408309,47.944547],[11.407684,47.943896],[11.405673,47.941851],[11.405152,47.941308],[11.404625,47.940702],[11.404095,47.939983],[11.403409,47.938802],[11.402992,47.937901],[11.402669,47.936956],[11.402478,47.936172],[11.402352,47.935284],[11.402293,47.934476],[11.402338,47.933458],[11.402608,47.931445],[11.402759,47.930116],[11.402772,47.929322],[11.402735,47.928578],[11.402617,47.927765],[11.402431,47.926943],[11.402199,47.926179],[11.401995,47.925662],[11.401736,47.92507],[11.401449,47.924552],[11.401371,47.924391],[11.401222,47.924139],[11.400977,47.923745],[11.400595,47.923202],[11.400128,47.922599],[11.399176,47.92152],[11.398242,47.920513],[11.397208,47.919361],[11.396539,47.918513],[11.395957,47.91766],[11.395521,47.916892],[11.395075,47.915906],[11.394793,47.915109],[11.394567,47.914273],[11.394479,47.91384],[11.39439,47.913224],[11.394313,47.912113],[11.394363,47.911255],[11.394451,47.91057],[11.394599,47.909839],[11.394821,47.909041],[11.395401,47.907489],[11.396063,47.905839],[11.396495,47.904624],[11.396792,47.903387],[11.396924,47.902588],[11.396942,47.902382],[11.396987,47.901779],[11.397015,47.901224],[11.397009,47.900587],[11.39685,47.897676],[11.396878,47.896756],[11.397013,47.89542],[11.397119,47.894815],[11.397357,47.893895],[11.397999,47.891936],[11.398068,47.891747],[11.398649,47.890048],[11.399301,47.887656],[11.39951,47.886639],[11.399731,47.885039],[11.399779,47.882606],[11.399656,47.881248],[11.399386,47.879849],[11.398814,47.877833],[11.398603,47.877224],[11.398157,47.87612],[11.397716,47.875172],[11.397409,47.874589],[11.397263,47.874317],[11.397045,47.873917],[11.396091,47.872391],[11.395517,47.871606],[11.394377,47.870133],[11.39362,47.869107],[11.392998,47.86809],[11.392499,47.867161],[11.39209,47.866249],[11.391845,47.865601],[11.391589,47.864768],[11.391468,47.864261],[11.391249,47.863148],[11.390816,47.861427],[11.390505,47.860481],[11.389981,47.8592],[11.389079,47.857621],[11.388201,47.856452],[11.387302,47.855389],[11.38651,47.85459],[11.385958,47.854068],[11.385454,47.853637],[11.384735,47.853072],[11.38356,47.852217],[11.381058,47.850571],[11.380406,47.850109],[11.379299,47.849231],[11.37916,47.849112],[11.378439,47.848515],[11.377194,47.847247],[11.376191,47.845921],[11.37527,47.844274],[11.374952,47.843569],[11.374851,47.843343],[11.373938,47.841155],[11.373356,47.839939],[11.372404,47.838371],[11.370565,47.836231],[11.370098,47.83575],[11.367775,47.833452],[11.367259,47.832908],[11.365975,47.831474],[11.365077,47.830341],[11.364218,47.829076],[11.363505,47.827936],[11.363497,47.827923],[11.363454,47.827847],[11.362995,47.82704],[11.362615,47.826308],[11.362062,47.825139],[11.361528,47.823805],[11.361133,47.822658],[11.361013,47.822276],[11.360894,47.821851],[11.360528,47.820354],[11.360321,47.819031],[11.360209,47.817932],[11.360171,47.817309],[11.36014,47.815759],[11.360207,47.814641],[11.360316,47.813588],[11.360544,47.811893],[11.360828,47.810239],[11.361081,47.808476],[11.361239,47.806771],[11.361302,47.805218],[11.361175,47.80246],[11.36092,47.800543],[11.360664,47.798946],[11.360418,47.797865],[11.359497,47.794713],[11.358487,47.79226],[11.357683,47.79056],[11.356469,47.788391],[11.355492,47.786745],[11.35298,47.783383],[11.350151,47.780245],[11.34782,47.777998],[11.345582,47.776111],[11.345163,47.775788],[11.344146,47.775002],[11.343396,47.774449],[11.341905,47.773405],[11.340885,47.772695],[11.340713,47.772577],[11.339672,47.771854],[11.338235,47.770843],[11.336909,47.76982],[11.336537,47.769517],[11.335435,47.768533],[11.334636,47.767771],[11.333939,47.766997],[11.333309,47.766253],[11.332657,47.765398],[11.332072,47.764544],[11.331519,47.763665],[11.331027,47.762756],[11.330575,47.76178],[11.330278,47.761049],[11.329948,47.760132],[11.329595,47.75881],[11.329466,47.758195],[11.329338,47.757329],[11.329239,47.756353],[11.329217,47.755441],[11.329242,47.754563],[11.329321,47.753681],[11.329448,47.752775],[11.329634,47.751911],[11.329869,47.750979],[11.3304,47.749384],[11.331014,47.747627],[11.331274,47.746744],[11.331341,47.74646],[11.331491,47.745806],[11.33162,47.745103],[11.331733,47.74424],[11.331771,47.74354],[11.33178,47.742397],[11.33175,47.741756],[11.331644,47.740699],[11.331361,47.739233],[11.331141,47.73841],[11.330873,47.737584],[11.330555,47.736759],[11.330195,47.73594],[11.329703,47.734992],[11.329191,47.734108],[11.328574,47.733181],[11.326754,47.730726],[11.325897,47.729461],[11.325508,47.7288],[11.325247,47.728274],[11.325156,47.728087],[11.325035,47.727825],[11.324774,47.727085],[11.324636,47.726615],[11.324523,47.72613],[11.324418,47.72527],[11.324403,47.724833],[11.324408,47.724661],[11.324417,47.724068],[11.324491,47.72333],[11.324578,47.722895],[11.324676,47.72253],[11.324995,47.721602],[11.325333,47.72082],[11.326549,47.718519],[11.326972,47.717649],[11.327055,47.717472],[11.32723,47.717049],[11.327503,47.716248],[11.327701,47.715559],[11.327935,47.714439],[11.328045,47.713525],[11.328077,47.713045],[11.328095,47.712412],[11.32806,47.711603],[11.327946,47.710585],[11.327637,47.709142],[11.327338,47.70824],[11.326959,47.707305],[11.326378,47.706139],[11.325738,47.705095],[11.324882,47.703889],[11.324816,47.703818],[11.323457,47.702338],[11.321926,47.700927],[11.319756,47.699196],[11.317726,47.697765],[11.315744,47.696546],[11.315153,47.696178],[11.313752,47.695309],[11.311847,47.694068],[11.310974,47.693463],[11.309469,47.692355],[11.308327,47.691449],[11.308201,47.691336],[11.306756,47.690096],[11.304871,47.688361],[11.304224,47.68778],[11.303815,47.687441],[11.303157,47.68693],[11.302173,47.686244],[11.301799,47.686012],[11.301538,47.685845],[11.300735,47.685393],[11.300343,47.685196],[11.298997,47.684564],[11.296269,47.683386],[11.294913,47.682738],[11.293744,47.682089],[11.292993,47.681639],[11.292501,47.681313],[11.29159,47.680671],[11.2905,47.679788],[11.287943,47.67755],[11.287173,47.676916],[11.286389,47.676318],[11.285584,47.675763],[11.284786,47.675255],[11.283594,47.674548],[11.282363,47.673923],[11.281702,47.673618],[11.281135,47.673372],[11.280123,47.672962],[11.274655,47.671033],[11.273239,47.670438],[11.272299,47.669982],[11.270108,47.668877],[11.267562,47.667656],[11.266524,47.667221],[11.265221,47.666701],[11.264291,47.66636],[11.263111,47.665955],[11.261717,47.665519],[11.260328,47.665122],[11.259949,47.66503],[11.258519,47.664689],[11.256864,47.664344],[11.254732,47.663959],[11.250455,47.663377],[11.248915,47.663101],[11.247712,47.662849],[11.246316,47.662505],[11.244555,47.661972],[11.24351,47.661625],[11.242652,47.661318],[11.241679,47.660881],[11.240453,47.660313],[11.240131,47.66016],[11.239235,47.659702],[11.238108,47.659099],[11.236443,47.658111],[11.235676,47.657627],[11.234878,47.657099],[11.234175,47.656588],[11.233649,47.656201],[11.232935,47.655659],[11.232212,47.655065],[11.230599,47.653597],[11.227191,47.649998],[11.226066,47.648918],[11.224662,47.647794],[11.223316,47.646858],[11.220234,47.645059],[11.218724,47.644055],[11.217929,47.643432],[11.217117,47.642693],[11.216295,47.641795],[11.215743,47.641147],[11.21511,47.640231],[11.214693,47.639487],[11.214333,47.63878],[11.214082,47.638059],[11.21329,47.635243],[11.213062,47.634624],[11.212769,47.634008],[11.21252,47.633518],[11.212004,47.632696],[11.210896,47.631393],[11.21024,47.630783],[11.208789,47.629654],[11.208079,47.629173],[11.206861,47.628523],[11.205824,47.628035],[11.204615,47.627554],[11.203254,47.62706],[11.202424,47.626737],[11.201448,47.626315],[11.200554,47.625897],[11.198855,47.625044],[11.197256,47.624077],[11.193867,47.621863],[11.191746,47.620365],[11.191032,47.619832],[11.189714,47.618893],[11.187749,47.617221],[11.186436,47.616071],[11.185279,47.615009],[11.184031,47.613803],[11.183685,47.613477],[11.183299,47.613082],[11.182344,47.612084],[11.181582,47.611256],[11.180521,47.610047],[11.180323,47.609817],[11.179481,47.608801],[11.178664,47.607763],[11.178253,47.6072],[11.17774,47.606501],[11.177201,47.605714],[11.17687,47.605203],[11.176301,47.604191],[11.175978,47.603559],[11.175819,47.60322],[11.175599,47.602649],[11.175413,47.602098],[11.175255,47.601538],[11.175048,47.600672],[11.174943,47.600032],[11.174865,47.599362],[11.174815,47.59825],[11.174819,47.597626],[11.174888,47.59676],[11.174988,47.595963],[11.175384,47.593773],[11.175548,47.592882],[11.175909,47.590963],[11.175963,47.59082],[11.176042,47.590089],[11.176042,47.589863],[11.176006,47.589576],[11.175878,47.589083],[11.17561,47.588429],[11.175522,47.588251],[11.175164,47.587692],[11.175027,47.587512],[11.174826,47.587254],[11.174334,47.586768],[11.174216,47.586672],[11.173183,47.585839],[11.172606,47.585416],[11.172337,47.585185],[11.171699,47.584577],[11.164697,47.577993],[11.163345,47.576693],[11.163088,47.576481],[11.162694,47.576178],[11.161796,47.57568],[11.160501,47.574993],[11.158946,47.574151],[11.158594,47.574007],[11.158185,47.573892],[11.156418,47.573542],[11.155901,47.57342],[11.155475,47.573289],[11.153599,47.572581],[11.15198,47.572013],[11.148485,47.571068],[11.147994,47.570909],[11.147336,47.570647],[11.146575,47.570245],[11.145821,47.570031],[11.145377,47.56981],[11.145058,47.569673],[11.144653,47.569526],[11.144258,47.569409],[11.143828,47.569303],[11.143359,47.569219],[11.142653,47.569144],[11.142163,47.569122],[11.141704,47.569127],[11.141133,47.569165],[11.139569,47.569328],[11.138919,47.569369],[11.138017,47.569365],[11.137139,47.569293],[11.13612,47.569129],[11.135305,47.568916],[11.134555,47.568672],[11.132875,47.568038],[11.129434,47.566707],[11.127839,47.565829],[11.126806,47.565061],[11.126056,47.564244],[11.12562,47.563618],[11.125134,47.562669],[11.124878,47.561763],[11.124818,47.560819],[11.125078,47.559464],[11.12558,47.55839],[11.126569,47.557006],[11.127826,47.555344],[11.128525,47.55436],[11.128911,47.553388],[11.129037,47.552512],[11.128962,47.551849],[11.128805,47.551184],[11.128533,47.550617],[11.128367,47.550348],[11.128138,47.550042],[11.1275,47.549344],[11.127172,47.549051],[11.126499,47.548539],[11.123497,47.546489],[11.123086,47.546142],[11.122581,47.545683],[11.122188,47.545233],[11.122058,47.54507],[11.121355,47.544013],[11.120201,47.542289],[11.119543,47.541578],[11.11918,47.541232],[11.118779,47.540785],[11.118506,47.540415],[11.118287,47.540065],[11.118035,47.539498],[11.117882,47.539071],[11.117771,47.538591],[11.117755,47.538213],[11.117774,47.537818],[11.117859,47.537276],[11.118064,47.536645],[11.118314,47.536146],[11.118558,47.535752],[11.118776,47.53545],[11.119113,47.535042],[11.119917,47.534086],[11.121531,47.531745],[11.121903,47.531151],[11.122241,47.530533],[11.122516,47.52993],[11.122762,47.529284],[11.122903,47.528695],[11.122994,47.528077],[11.12305,47.527455],[11.123064,47.526813],[11.123001,47.526205],[11.122903,47.525574],[11.122769,47.524975],[11.122579,47.524366],[11.122283,47.523721],[11.121967,47.523117],[11.121601,47.522523],[11.120813,47.521426],[11.120278,47.520841],[11.119765,47.520328],[11.119135,47.519801],[11.118512,47.519316],[11.117858,47.51887],[11.117204,47.518466],[11.116528,47.518086],[11.115789,47.517715],[11.115016,47.517382],[11.11342,47.5168],[11.112308,47.516467],[11.111638,47.516294],[11.111422,47.516244],[11.110423,47.515978],[11.109788,47.51576],[11.109536,47.515646],[11.109244,47.515487],[11.108892,47.515247],[11.108584,47.514998],[11.108331,47.514765],[11.108173,47.514584],[11.107996,47.51434],[11.107833,47.514072],[11.107728,47.513839],[11.1076,47.513436],[11.107563,47.51315],[11.107525,47.513007],[11.107455,47.512872],[11.107298,47.512596],[11.107266,47.512476],[11.107282,47.512298],[11.107365,47.512165],[11.107414,47.512087],[11.107685,47.511794],[11.107728,47.511644],[11.107738,47.511474],[11.107569,47.51081],[11.107542,47.510751],[11.10752,47.510707],[11.107195,47.51017],[11.106497,47.509325],[11.106086,47.508858],[11.106007,47.508773],[11.105973,47.508735],[11.105923,47.508681],[11.105509,47.50823],[11.10518,47.507836],[11.104663,47.507159],[11.104246,47.506549],[11.104027,47.50619],[11.103872,47.505912],[11.103756,47.505693],[11.103675,47.505522],[11.103311,47.504657],[11.103243,47.504469],[11.103148,47.504168],[11.102949,47.503561],[11.102698,47.502856],[11.102543,47.502453],[11.102479,47.502284],[11.102389,47.502086],[11.101865,47.500931],[11.101702,47.500568],[11.101487,47.500091],[11.10123,47.499472],[11.101175,47.499425],[11.101152,47.499361],[11.101096,47.499157],[11.101076,47.498864],[11.101128,47.498546],[11.101237,47.49824],[11.101453,47.497803],[11.101632,47.497499],[11.101825,47.497227],[11.102275,47.496686],[11.102381,47.496646],[11.102442,47.496577],[11.102682,47.496323],[11.103034,47.495988],[11.103294,47.495789],[11.103757,47.495387],[11.104055,47.495177],[11.104153,47.495108],[11.104304,47.495002],[11.104807,47.494656],[11.10494,47.49447],[11.105112,47.49434],[11.105239,47.494239],[11.105515,47.494035],[11.105621,47.493953],[11.10602,47.49373],[11.106216,47.493541],[11.106346,47.493409],[11.10639,47.493365],[11.106479,47.49327],[11.107133,47.492541],[11.107501,47.492191],[11.107956,47.491828],[11.108181,47.491678],[11.108412,47.49155],[11.109053,47.491279],[11.109497,47.491102],[11.110274,47.490873],[11.110655,47.490745],[11.111467,47.490524],[11.111996,47.490349],[11.11223,47.490273],[11.112439,47.49018],[11.112647,47.490075],[11.1128,47.489985],[11.112923,47.489903],[11.113223,47.489703],[11.113333,47.489621],[11.113647,47.489337],[11.113765,47.48922],[11.114154,47.488872],[11.11433,47.488685],[11.114505,47.488549],[11.115449,47.48793],[11.115544,47.487865],[11.115938,47.487605],[11.116899,47.486971],[11.117299,47.486694],[11.117472,47.486563],[11.117645,47.486434],[11.117992,47.486126],[11.11816,47.485995],[11.118536,47.485704],[11.119029,47.485313],[11.119548,47.484906],[11.119814,47.484685],[11.119895,47.484732],[11.12007,47.48481],[11.12011,47.484833],[11.120163,47.484762],[11.120211,47.484613],[11.120393,47.484429],[11.120681,47.484226],[11.12089,47.484146],[11.12112,47.484096],[11.1214,47.484073],[11.121666,47.484075],[11.121676,47.484009],[11.121965,47.484014],[11.122305,47.484047],[11.122596,47.484094],[11.122973,47.484177],[11.123383,47.484306],[11.124005,47.484494],[11.124941,47.48471],[11.125355,47.484828],[11.126151,47.485176],[11.12664,47.485328],[11.128082,47.485612],[11.129232,47.485875],[11.129425,47.485905],[11.129922,47.485944],[11.13017,47.485947],[11.130585,47.485922],[11.130981,47.485859],[11.131275,47.485788],[11.131903,47.485677],[11.132181,47.485664],[11.1327,47.485703],[11.132871,47.485692],[11.13302,47.485661],[11.133317,47.485522],[11.13343,47.485436],[11.133656,47.485233],[11.133816,47.485112],[11.133977,47.48502],[11.134326,47.484914],[11.13449,47.484904],[11.134634,47.484905],[11.134816,47.484929],[11.134952,47.484966],[11.135196,47.485083],[11.135479,47.485261],[11.135613,47.485314],[11.135776,47.485348],[11.135973,47.48536],[11.136775,47.485298],[11.136991,47.48528],[11.137872,47.485244],[11.13836,47.485258],[11.1388,47.485289],[11.140037,47.485418],[11.140144,47.485431],[11.140371,47.485459],[11.140689,47.485476],[11.142503,47.485411],[11.142872,47.485411],[11.14358,47.48545],[11.144493,47.485574],[11.146224,47.48587],[11.148515,47.486123],[11.149462,47.486264],[11.150611,47.48642],[11.151426,47.486498],[11.152126,47.486588],[11.152857,47.486755],[11.1535,47.486968],[11.154387,47.487362],[11.154825,47.487531],[11.155179,47.487626],[11.155489,47.48766],[11.156464,47.487687],[11.157174,47.487712],[11.157853,47.487773],[11.158467,47.487851],[11.159132,47.487956],[11.160077,47.488102],[11.160962,47.488182],[11.161624,47.488221],[11.162494,47.488284],[11.163702,47.488403],[11.164215,47.488466],[11.167205,47.488908],[11.168341,47.489041],[11.16895,47.489087],[11.170105,47.489142],[11.171314,47.489157],[11.172181,47.489133],[11.17254,47.489108],[11.173826,47.488983],[11.174921,47.48883],[11.175633,47.488749],[11.177222,47.488651],[11.177356,47.488645],[11.177962,47.488602],[11.178628,47.488519],[11.179363,47.48838],[11.180557,47.488106],[11.181028,47.488],[11.181798,47.487892],[11.182571,47.487838],[11.183082,47.487828],[11.184092,47.487827],[11.184737,47.487801],[11.186056,47.487716],[11.186928,47.487707],[11.18777,47.487761],[11.188351,47.487828],[11.189322,47.487987],[11.18993,47.488069],[11.190706,47.488134],[11.191407,47.488146],[11.192715,47.488067],[11.193257,47.488048],[11.193784,47.488066],[11.194049,47.488089],[11.194374,47.488142],[11.195642,47.488421],[11.196135,47.488489],[11.196475,47.488511],[11.196951,47.488513],[11.198,47.488453],[11.198427,47.488457],[11.198856,47.488484],[11.199185,47.488527],[11.199643,47.488629],[11.200081,47.488755],[11.200407,47.488869],[11.201749,47.489407],[11.202322,47.489604],[11.202791,47.489725],[11.203146,47.489782],[11.204085,47.489874],[11.20461,47.489888],[11.205569,47.489869],[11.206417,47.489776],[11.208814,47.489444],[11.210223,47.489308],[11.210916,47.489277],[11.211453,47.489278],[11.212373,47.489283],[11.214862,47.489428],[11.215647,47.489454],[11.216624,47.489422],[11.217301,47.489355],[11.217835,47.489277],[11.218463,47.489234],[11.219099,47.489231],[11.220103,47.489244],[11.220647,47.489219],[11.221095,47.489163],[11.221549,47.489079],[11.222017,47.488969],[11.222558,47.488802],[11.223084,47.488605],[11.224967,47.487959],[11.225646,47.487661],[11.225882,47.487548],[11.226329,47.487293],[11.227662,47.486422],[11.2284,47.486007],[11.228666,47.485874],[11.229309,47.485593],[11.230466,47.485186],[11.231306,47.484924],[11.231549,47.484837],[11.232146,47.484624],[11.232618,47.484476],[11.232738,47.484438],[11.233841,47.48421],[11.235083,47.48399],[11.23585,47.483863],[11.236326,47.483768],[11.236611,47.483712],[11.236983,47.483642],[11.237554,47.483538],[11.237895,47.483467],[11.238186,47.483401],[11.238703,47.483253],[11.2389,47.483196],[11.239222,47.483103],[11.240174,47.482856],[11.240613,47.482773],[11.24106,47.482704],[11.241443,47.482668],[11.241893,47.482658],[11.242194,47.482684],[11.242521,47.482733],[11.243005,47.482833],[11.243453,47.482976],[11.243737,47.48309],[11.244385,47.483415],[11.244696,47.483619],[11.245845,47.484443],[11.246549,47.484864],[11.247175,47.485145],[11.247646,47.485323],[11.248822,47.485697],[11.249205,47.485834],[11.24985,47.486119],[11.250221,47.486361],[11.250523,47.48661],[11.250667,47.486754],[11.250909,47.487064],[11.251017,47.487224],[11.251153,47.487459],[11.251501,47.488162],[11.251823,47.488913],[11.252277,47.490051],[11.252607,47.490817],[11.252989,47.491216],[11.253236,47.491422],[11.253725,47.491766],[11.253918,47.491907],[11.25398,47.491756],[11.254113,47.49126],[11.254417,47.490595],[11.254468,47.490548],[11.254622,47.490223],[11.254697,47.490004],[11.254918,47.490035],[11.255091,47.490073],[11.255292,47.490321],[11.255458,47.490319]]},"properties":{"couleur":"#8a6a4f","jour":"2026-07-26","mode":"route","source":"heritee"}},{"type":"Feature","geometry":{"type":"LineString","coordinates":[[11.255458,47.490319],[11.255292,47.490321],[11.255091,47.490073],[11.254918,47.490035],[11.254697,47.490004],[11.254622,47.490223],[11.254468,47.490548],[11.254417,47.490595],[11.254113,47.49126],[11.25398,47.491756],[11.253918,47.491907],[11.254057,47.492051],[11.254141,47.492195],[11.254225,47.492347],[11.254284,47.492535],[11.254338,47.49283],[11.254485,47.49315],[11.254896,47.493452],[11.256185,47.494312],[11.256716,47.494686],[11.25713,47.494996],[11.258304,47.495997],[11.259622,47.497183],[11.260453,47.497833],[11.261,47.498206],[11.261464,47.498493],[11.26237,47.498985],[11.262849,47.4992],[11.26293,47.499232],[11.263664,47.499513],[11.264383,47.499738],[11.264775,47.499836],[11.265108,47.499913],[11.265802,47.500033],[11.2664,47.500108],[11.267039,47.500159],[11.267585,47.500169],[11.268076,47.500156],[11.26886,47.500089],[11.269332,47.500026],[11.269727,47.499947],[11.270437,47.499752],[11.270862,47.499611],[11.2717,47.499256],[11.272184,47.498977],[11.27257,47.498722],[11.272915,47.498449],[11.273444,47.497961],[11.273695,47.497704],[11.273836,47.497539],[11.27425,47.496934],[11.27439,47.496681],[11.274668,47.496058],[11.274862,47.495449],[11.274875,47.495646],[11.274815,47.495999],[11.274821,47.496234],[11.274852,47.496428],[11.274897,47.496564],[11.275046,47.49684],[11.27524,47.497022],[11.275495,47.497197],[11.275818,47.49735],[11.275994,47.497461],[11.276109,47.497559],[11.276229,47.497603],[11.27643,47.497642],[11.276777,47.49762],[11.277107,47.497626],[11.277367,47.497688],[11.277477,47.497742],[11.277618,47.497886],[11.277825,47.498573],[11.277992,47.499788],[11.278046,47.500301],[11.278088,47.500622],[11.278133,47.500966],[11.278278,47.502355],[11.278381,47.502908],[11.278434,47.503193],[11.278537,47.503505],[11.278604,47.50377],[11.278612,47.503972],[11.278524,47.504449],[11.278501,47.505128],[11.278454,47.505249],[11.278404,47.505376],[11.278402,47.505707],[11.278397,47.505732],[11.278299,47.50606],[11.278262,47.506282],[11.278272,47.506509],[11.278427,47.507239],[11.278527,47.507654],[11.278945,47.508847],[11.279168,47.509586],[11.280153,47.512134],[11.280576,47.513288],[11.280932,47.514134],[11.281021,47.514325],[11.281244,47.514808],[11.281277,47.514879],[11.281383,47.51512],[11.281498,47.515377],[11.281737,47.515852],[11.281817,47.515978],[11.281951,47.516124],[11.282546,47.516503],[11.282942,47.516851],[11.283153,47.517053],[11.283547,47.517416],[11.283621,47.517507],[11.283668,47.517605],[11.283683,47.517745],[11.28367,47.51785],[11.283636,47.51797],[11.283557,47.518118],[11.283471,47.518269],[11.283185,47.518665],[11.283038,47.518866],[11.282752,47.519355],[11.282562,47.519682],[11.282548,47.519706],[11.282317,47.52004],[11.28195,47.520481],[11.281759,47.520744],[11.281644,47.520924],[11.281622,47.521037],[11.28163,47.521122],[11.281715,47.52136],[11.28176,47.521481],[11.2819,47.521756],[11.282013,47.521923],[11.282176,47.522066],[11.282364,47.522196],[11.282435,47.522239],[11.282989,47.5225],[11.283255,47.522674],[11.283536,47.522928],[11.283832,47.523315],[11.28402,47.523523],[11.284164,47.523676],[11.284315,47.523886],[11.284373,47.52399],[11.284445,47.524145],[11.284534,47.52433],[11.284635,47.52442],[11.284719,47.524468],[11.284815,47.524512],[11.285111,47.524584],[11.28518,47.524625],[11.285241,47.524678],[11.285276,47.52474],[11.285306,47.524903],[11.285398,47.525021],[11.285541,47.525103],[11.285896,47.525257],[11.286138,47.52551],[11.286228,47.525551],[11.286421,47.525641],[11.286477,47.525701],[11.286558,47.525663],[11.286807,47.525594],[11.286984,47.525581],[11.287303,47.52561],[11.287485,47.525605],[11.287622,47.525559],[11.28774,47.525467],[11.287953,47.525228],[11.28806,47.525152],[11.288155,47.525103],[11.288279,47.525072],[11.288374,47.525062],[11.288481,47.525075],[11.288584,47.525115],[11.288974,47.525338],[11.289124,47.525401],[11.289492,47.525495],[11.289843,47.525615],[11.290139,47.525819],[11.290969,47.526208],[11.291319,47.52633],[11.291817,47.526443],[11.292291,47.526681],[11.292509,47.526714],[11.292813,47.526689],[11.293021,47.526656],[11.293299,47.526656],[11.294292,47.526793],[11.294847,47.526822],[11.295143,47.52689],[11.295918,47.527188],[11.296561,47.527392],[11.297094,47.527512],[11.29743,47.527521],[11.297731,47.52748],[11.298336,47.527286],[11.298701,47.527201],[11.298955,47.527181],[11.299043,47.527196],[11.299212,47.527254],[11.300091,47.527673],[11.300582,47.527947],[11.300997,47.528212],[11.301838,47.528905],[11.30192,47.528998],[11.302096,47.529395],[11.302233,47.529547],[11.302305,47.529598],[11.302983,47.52995],[11.303719,47.530242],[11.303895,47.530359],[11.304337,47.530768],[11.30456,47.531066],[11.304646,47.531134],[11.304751,47.531178],[11.304839,47.531192],[11.304985,47.531182],[11.305047,47.531163],[11.305287,47.531035],[11.3055,47.530952],[11.306071,47.530781],[11.306244,47.530754],[11.306566,47.530755],[11.3069,47.530802],[11.307613,47.530978],[11.308375,47.531282],[11.308527,47.531325],[11.308677,47.531352],[11.309096,47.531375],[11.309454,47.531447],[11.309858,47.531623],[11.310181,47.531792],[11.310274,47.531864],[11.3103,47.531907],[11.310292,47.532033],[11.310178,47.532247],[11.310189,47.532316],[11.310296,47.532377],[11.310372,47.532399],[11.310583,47.532375],[11.31075,47.532337],[11.311366,47.532118],[11.311458,47.532096],[11.311588,47.532097],[11.311757,47.532108],[11.31239,47.53217],[11.313623,47.532283],[11.313755,47.532317],[11.314232,47.53253],[11.315359,47.532706],[11.315601,47.532717],[11.315843,47.532701],[11.3164,47.532618],[11.316594,47.532605],[11.31733,47.532596],[11.317692,47.532589],[11.318309,47.532586],[11.318421,47.5326],[11.318533,47.532628],[11.318753,47.532718],[11.319052,47.532937],[11.319166,47.532996],[11.319301,47.533041],[11.321837,47.533476],[11.322991,47.533684],[11.323682,47.533771],[11.324397,47.533825],[11.32482,47.533852],[11.325471,47.533927],[11.325602,47.533954],[11.32577,47.534013],[11.326155,47.534197],[11.326283,47.534223],[11.326976,47.534298],[11.327162,47.534344],[11.328674,47.534836],[11.328834,47.534923],[11.328957,47.535027],[11.329632,47.535708],[11.329759,47.535788],[11.329915,47.535847],[11.331883,47.536189],[11.332128,47.536253],[11.332365,47.536341],[11.334665,47.538093],[11.335086,47.538358],[11.335216,47.538406],[11.335659,47.538502],[11.336039,47.538587],[11.336244,47.53866],[11.336428,47.538762],[11.336803,47.53906],[11.336999,47.539172],[11.337258,47.539262],[11.33748,47.539315],[11.337779,47.539362],[11.33807,47.539379],[11.338199,47.539385],[11.338978,47.539428],[11.339087,47.539446],[11.339238,47.539493],[11.339653,47.539688],[11.339882,47.539751],[11.341451,47.540027],[11.341888,47.540178],[11.342563,47.540322],[11.34336,47.540428],[11.344704,47.540526],[11.344971,47.540573],[11.345292,47.540652],[11.346212,47.540724],[11.347059,47.540852],[11.347237,47.540866],[11.347808,47.540863],[11.348167,47.540938],[11.348813,47.541001],[11.349181,47.541081],[11.349841,47.541314],[11.350034,47.541355],[11.350412,47.541383],[11.351042,47.541352],[11.351199,47.541364],[11.352154,47.541646],[11.352505,47.541688],[11.353019,47.541712],[11.353664,47.54172],[11.353882,47.541754],[11.354126,47.541834],[11.355409,47.54247],[11.356101,47.54279],[11.358105,47.543537],[11.359121,47.544137],[11.359371,47.544261],[11.359685,47.544369],[11.35989,47.544405],[11.360704,47.544545],[11.361027,47.544653],[11.361507,47.544846],[11.361742,47.544884],[11.362075,47.544861],[11.362214,47.544855],[11.364466,47.544951],[11.365559,47.544982],[11.365748,47.545012],[11.366369,47.545272],[11.366704,47.545378],[11.366864,47.545428],[11.36782,47.545723],[11.371185,47.546672],[11.371436,47.546757],[11.37163,47.546844],[11.372332,47.547329],[11.372537,47.547445],[11.372783,47.547549],[11.373287,47.547722],[11.373556,47.547813],[11.37372,47.547849],[11.373999,47.54788],[11.375985,47.547919],[11.377282,47.547962],[11.377609,47.548018],[11.377847,47.548082],[11.378079,47.548164],[11.378791,47.548512],[11.379135,47.548629],[11.37969,47.54872],[11.380039,47.548729],[11.380214,47.548718],[11.380459,47.548686],[11.381016,47.548579],[11.381312,47.548552],[11.381782,47.548561],[11.382264,47.548647],[11.382487,47.54873],[11.382798,47.548892],[11.383108,47.549024],[11.383461,47.549103],[11.383822,47.549151],[11.384289,47.549157],[11.384412,47.549174],[11.384524,47.549211],[11.38471,47.549293],[11.385945,47.550042],[11.386065,47.550091],[11.386871,47.550255],[11.387956,47.550604],[11.388209,47.55065],[11.390072,47.550763],[11.390807,47.550842],[11.392025,47.550852],[11.392511,47.550866],[11.392822,47.5509],[11.393462,47.551056],[11.394293,47.5513],[11.39451,47.551348],[11.39503,47.551526],[11.395454,47.551648],[11.39579,47.551712],[11.396117,47.551755],[11.396959,47.551855],[11.397364,47.551887],[11.400376,47.552078],[11.404186,47.552442],[11.408006,47.552856],[11.409194,47.552967],[11.41043,47.553109],[11.411672,47.55319],[11.412843,47.553241],[11.414084,47.553314],[11.414447,47.55336],[11.41505,47.553485],[11.415311,47.553511],[11.416333,47.553484],[11.41724,47.553501],[11.418159,47.553548],[11.41856,47.553611],[11.419362,47.553595],[11.42,47.55365],[11.420337,47.55365],[11.420976,47.553603],[11.421196,47.553607],[11.422758,47.553726],[11.423183,47.553732],[11.42334,47.553735],[11.423625,47.55376],[11.424074,47.553775],[11.424359,47.553751],[11.424657,47.553688],[11.424819,47.553659],[11.425199,47.553571],[11.425518,47.553521],[11.425833,47.553521],[11.426076,47.553548],[11.426384,47.553624],[11.426735,47.553783],[11.427027,47.553959],[11.427353,47.554195],[11.427649,47.55444],[11.427884,47.554671],[11.428127,47.554953],[11.428256,47.555173],[11.428605,47.556069],[11.428748,47.556262],[11.429041,47.556546],[11.429654,47.557013],[11.429832,47.557129],[11.430488,47.557486],[11.431122,47.557885],[11.431349,47.558002],[11.432087,47.558255],[11.432396,47.558377],[11.432891,47.5585],[11.433311,47.558678],[11.43407,47.559051],[11.434896,47.559501],[11.434984,47.559547],[11.435088,47.559596],[11.435095,47.559599],[11.435113,47.559607],[11.435214,47.559654],[11.435852,47.559924],[11.435937,47.559929],[11.436006,47.5599],[11.436338,47.559577],[11.436472,47.559422],[11.436531,47.559291],[11.436788,47.559277],[11.437074,47.559226],[11.437889,47.559022],[11.439682,47.558557],[11.44066,47.558161],[11.441309,47.557909],[11.441689,47.557793],[11.44206,47.557744],[11.443328,47.557664],[11.443605,47.557615],[11.443774,47.557553],[11.444989,47.557003],[11.4454,47.556866],[11.446166,47.556733],[11.447763,47.556553],[11.448613,47.55653],[11.449221,47.556544],[11.451423,47.556687],[11.451892,47.556739],[11.452585,47.556847],[11.453022,47.556954],[11.453344,47.557053],[11.453935,47.557326],[11.454508,47.557732],[11.454999,47.55819],[11.455195,47.558371],[11.455468,47.558569],[11.455819,47.558783],[11.456173,47.558956],[11.456457,47.559068],[11.456827,47.55918],[11.457353,47.559299],[11.457761,47.559354],[11.458196,47.559381],[11.458825,47.559357],[11.460583,47.559098],[11.461011,47.55907],[11.461663,47.559069],[11.46244,47.559099],[11.462924,47.559086],[11.463238,47.559059],[11.463767,47.558971],[11.464113,47.55888],[11.464916,47.558609],[11.465371,47.558484],[11.465955,47.558382],[11.466322,47.558349],[11.466747,47.558342],[11.467396,47.558387],[11.467899,47.558471],[11.468326,47.558579],[11.469375,47.558958],[11.469783,47.559073],[11.470125,47.559145],[11.47045,47.55919],[11.470923,47.559216],[11.471284,47.559214],[11.472034,47.559128],[11.472588,47.559033],[11.474508,47.558651],[11.475,47.558571],[11.475492,47.558514],[11.476337,47.558472],[11.476957,47.558484],[11.478364,47.55857],[11.479117,47.558602],[11.479722,47.5586],[11.4802,47.55858],[11.482442,47.55842],[11.483544,47.558383],[11.484097,47.55841],[11.484628,47.558465],[11.485916,47.558655],[11.486578,47.558695],[11.487093,47.558668],[11.488093,47.558503],[11.488494,47.558454],[11.488991,47.558421],[11.489493,47.55844],[11.48995,47.558504],[11.491043,47.558699],[11.491544,47.558773],[11.494759,47.559025],[11.495874,47.559098],[11.496665,47.559167],[11.497294,47.559241],[11.49773,47.559317],[11.498298,47.559445],[11.499094,47.559687],[11.499942,47.560018],[11.500348,47.560148],[11.501232,47.560344],[11.50161,47.560396],[11.502368,47.560449],[11.502895,47.560449],[11.503131,47.560434],[11.50363,47.560371],[11.504195,47.560281],[11.504444,47.560256],[11.50506,47.560234],[11.505692,47.560239],[11.506749,47.560261],[11.507744,47.56033],[11.508238,47.560397],[11.50892,47.560514],[11.51052,47.560894],[11.511868,47.561161],[11.512814,47.561326],[11.513298,47.56139],[11.515002,47.561568],[11.515413,47.561639],[11.515741,47.561726],[11.516197,47.561916],[11.516592,47.562117],[11.51695,47.562345],[11.51737,47.562647],[11.518736,47.563862],[11.518944,47.564022],[11.519438,47.564356],[11.520041,47.564688],[11.521585,47.565318],[11.521929,47.56548],[11.522457,47.565765],[11.522961,47.566101],[11.523291,47.566357],[11.524222,47.567139],[11.524622,47.567423],[11.524897,47.567597],[11.525134,47.567724],[11.525577,47.567919],[11.525823,47.568008],[11.526076,47.568086],[11.5264,47.568164],[11.526664,47.568223],[11.527958,47.568384],[11.528407,47.568488],[11.528698,47.568605],[11.529126,47.568841],[11.529473,47.569106],[11.529835,47.569524],[11.530203,47.570127],[11.530488,47.570621],[11.530656,47.570846],[11.530877,47.57109],[11.531175,47.571353],[11.531353,47.571478],[11.531798,47.571717],[11.53205,47.571826],[11.532185,47.571884],[11.532728,47.572078],[11.533479,47.572356],[11.533965,47.572581],[11.534572,47.57291],[11.535269,47.573379],[11.535584,47.573639],[11.536094,47.574144],[11.536487,47.574634],[11.536759,47.57506],[11.53693,47.575408],[11.537122,47.575908],[11.537422,47.576901],[11.53755,47.577203],[11.537803,47.577612],[11.537832,47.577647],[11.53816,47.577977],[11.538268,47.578064],[11.538575,47.578255],[11.538895,47.578403],[11.539202,47.578502],[11.539441,47.578533],[11.539677,47.57853],[11.540286,47.578389],[11.540472,47.57837],[11.540832,47.578386],[11.541277,47.578456],[11.541826,47.578567],[11.542408,47.578733],[11.543193,47.579018],[11.543701,47.579255],[11.543994,47.579372],[11.544133,47.579392],[11.544353,47.5794],[11.544657,47.579386],[11.545093,47.579326],[11.54537,47.579324],[11.545511,47.579347],[11.545653,47.579399],[11.545954,47.579564],[11.54642,47.579945],[11.546553,47.580006],[11.546922,47.580136],[11.547083,47.580237],[11.547221,47.580361],[11.5473,47.580458],[11.547337,47.580543],[11.547372,47.580738],[11.547356,47.580859],[11.547331,47.580953],[11.547227,47.581143],[11.547064,47.581459],[11.547001,47.581624],[11.546956,47.581829],[11.546948,47.582008],[11.546974,47.582435],[11.54701,47.582663],[11.547085,47.5829],[11.547489,47.583863],[11.547548,47.583983],[11.547866,47.584623],[11.548375,47.585334],[11.548439,47.58549],[11.548456,47.585836],[11.548476,47.586088],[11.548295,47.586108],[11.548164,47.586147],[11.547968,47.586264],[11.547896,47.586331],[11.547773,47.586568],[11.547619,47.586686],[11.547388,47.586762],[11.547278,47.586776],[11.546838,47.586785],[11.54653,47.586844],[11.546262,47.586947],[11.546053,47.587073],[11.545902,47.587205],[11.545751,47.587359],[11.545604,47.587523],[11.545413,47.587922],[11.545307,47.588418],[11.545303,47.588612],[11.545317,47.588721],[11.545363,47.588955],[11.545459,47.589186],[11.545607,47.589429],[11.545805,47.589655],[11.546132,47.58992],[11.546673,47.59022],[11.546808,47.590277],[11.546984,47.590338],[11.547443,47.590463],[11.547964,47.590561],[11.54857,47.590604],[11.550323,47.590608],[11.550884,47.590657],[11.551255,47.590723],[11.551669,47.590837],[11.552139,47.59103],[11.552488,47.591176],[11.555037,47.592383],[11.556003,47.592914],[11.556324,47.593113],[11.55668,47.593343],[11.557329,47.593799],[11.558626,47.59489],[11.559273,47.595393],[11.559886,47.595798],[11.5606,47.59622],[11.561599,47.596702],[11.56393,47.597612],[11.564632,47.597929],[11.565367,47.59829],[11.56562,47.598432],[11.566404,47.598926],[11.566893,47.599291],[11.567969,47.60015],[11.5682,47.600282],[11.568425,47.600398],[11.56888,47.60056],[11.56917,47.600625],[11.569664,47.600709],[11.570754,47.600857],[11.571029,47.600913],[11.572019,47.6012],[11.572439,47.601319],[11.572881,47.601427],[11.573196,47.601482],[11.574191,47.601612],[11.574569,47.601671],[11.574993,47.601765],[11.575442,47.601918],[11.575717,47.602042],[11.576161,47.602324],[11.576348,47.602468],[11.576818,47.6029],[11.577058,47.603092],[11.57732,47.603256],[11.57753,47.603361],[11.578521,47.603732],[11.579004,47.603963],[11.579398,47.604256],[11.579839,47.604742],[11.580193,47.605043],[11.580459,47.605209],[11.581151,47.605596],[11.581592,47.605904],[11.582033,47.606334],[11.582203,47.606578],[11.58256,47.607241],[11.582878,47.607875],[11.58341,47.608759],[11.583557,47.60896],[11.584005,47.60949],[11.584283,47.609924],[11.584351,47.610066],[11.584731,47.610924],[11.584835,47.611113],[11.585005,47.611333],[11.585376,47.611651],[11.585615,47.611807],[11.586019,47.612031],[11.586528,47.612281],[11.587121,47.612621],[11.587575,47.613014],[11.587863,47.613327],[11.588173,47.613846],[11.58835,47.614244],[11.588702,47.615172],[11.588941,47.615736],[11.589119,47.616017],[11.589447,47.616392],[11.590819,47.617555],[11.592849,47.619195],[11.594079,47.620271],[11.59431,47.620494],[11.594704,47.620945],[11.595165,47.62168],[11.595356,47.622079],[11.595501,47.6225],[11.595615,47.622989],[11.595662,47.623392],[11.595668,47.623871],[11.595611,47.624375],[11.595543,47.62472],[11.595365,47.625309],[11.595305,47.625518],[11.594569,47.627754],[11.594424,47.628259],[11.5944,47.628344],[11.594249,47.629065],[11.594128,47.630196],[11.594136,47.631026],[11.594173,47.631473],[11.594198,47.631698],[11.594406,47.6331],[11.594484,47.633916],[11.594485,47.634016],[11.594483,47.634179],[11.594475,47.634535],[11.594412,47.635055],[11.59441,47.635097],[11.594162,47.636285],[11.594102,47.636556],[11.594076,47.636723],[11.594055,47.63687],[11.593831,47.638138],[11.593795,47.638376],[11.593739,47.638696],[11.593643,47.639257],[11.593453,47.640004],[11.593214,47.640973],[11.593022,47.641486],[11.592767,47.642],[11.592316,47.642661],[11.591998,47.643047],[11.591552,47.64351],[11.591233,47.643852],[11.590343,47.644631],[11.590074,47.644904],[11.58989,47.64512],[11.589639,47.645437],[11.589407,47.645726],[11.589114,47.64604],[11.588522,47.646572],[11.588153,47.646931],[11.587998,47.647101],[11.587807,47.64742],[11.587703,47.647695],[11.587682,47.648013],[11.587708,47.648185],[11.587719,47.648245],[11.587807,47.648502],[11.587905,47.648683],[11.587931,47.648731],[11.588022,47.648862],[11.588156,47.649038],[11.588269,47.649161],[11.588304,47.649199],[11.588334,47.649231],[11.58853,47.649458],[11.588673,47.649667],[11.588793,47.649864],[11.588871,47.650069],[11.588926,47.650307],[11.588945,47.650387],[11.58893,47.650994],[11.588822,47.651433],[11.588786,47.65158],[11.588678,47.651996],[11.588669,47.652064],[11.588641,47.652611],[11.588645,47.652664],[11.588649,47.652758],[11.588656,47.652845],[11.58869,47.653055],[11.58873,47.653203],[11.589035,47.654255],[11.589119,47.654563],[11.58913,47.654622],[11.589191,47.65512],[11.589191,47.65545],[11.589142,47.655847],[11.58912,47.655939],[11.589077,47.656099],[11.589052,47.656175],[11.588971,47.656403],[11.58872,47.656886],[11.588498,47.657188],[11.588222,47.657511],[11.587975,47.657748],[11.587106,47.658462],[11.586323,47.659073],[11.586134,47.65921],[11.585682,47.659613],[11.585487,47.659811],[11.585251,47.660049],[11.584788,47.660645],[11.584517,47.66109],[11.584311,47.661493],[11.584017,47.662159],[11.583135,47.664412],[11.582889,47.664912],[11.582762,47.665107],[11.582333,47.665644],[11.582159,47.665849],[11.581767,47.666204],[11.581229,47.66658],[11.580869,47.666796],[11.580165,47.66713],[11.579183,47.667557],[11.578628,47.667835],[11.577894,47.668256],[11.577462,47.668578],[11.577009,47.66898],[11.576652,47.669348],[11.576303,47.669801],[11.575554,47.670987],[11.575433,47.671162],[11.575015,47.67169],[11.574682,47.672019],[11.574587,47.672113],[11.573883,47.672751],[11.572893,47.673656],[11.572411,47.674227],[11.57217,47.674567],[11.571984,47.674883],[11.571801,47.67529],[11.571611,47.675799],[11.571548,47.676107],[11.571505,47.676809],[11.571532,47.677227],[11.571671,47.677877],[11.572124,47.679083],[11.572283,47.679608],[11.572393,47.680114],[11.57244,47.6806],[11.572445,47.681107],[11.572378,47.681664],[11.572352,47.681966],[11.572315,47.682515],[11.572354,47.683567],[11.572354,47.684195],[11.572277,47.684666],[11.572221,47.684908],[11.572126,47.685192],[11.571862,47.685774],[11.571621,47.686199],[11.571278,47.686676],[11.570954,47.687055],[11.570182,47.687828],[11.568549,47.689216],[11.567804,47.689861],[11.567314,47.690316],[11.566922,47.690715],[11.566494,47.691224],[11.566048,47.691851],[11.56568,47.692478],[11.565512,47.692818],[11.565493,47.692857],[11.565215,47.693549],[11.565013,47.694145],[11.564554,47.695317],[11.564275,47.695919],[11.563486,47.697241],[11.563333,47.697479],[11.563086,47.697863],[11.562947,47.698069],[11.562412,47.698976],[11.56223,47.699328],[11.561989,47.69987],[11.561869,47.700192],[11.561729,47.700704],[11.561644,47.701176],[11.56159,47.701673],[11.561588,47.70228],[11.561596,47.702483],[11.561691,47.703173],[11.561825,47.70381],[11.562122,47.705045],[11.562381,47.706092],[11.562439,47.706457],[11.562527,47.707182],[11.562524,47.707961],[11.562417,47.70873],[11.562271,47.709487],[11.562039,47.710475],[11.561887,47.711246],[11.561827,47.711608],[11.561767,47.712391],[11.561798,47.713121],[11.561847,47.713489],[11.561912,47.713844],[11.562109,47.714591],[11.562369,47.715278],[11.562754,47.716031],[11.563078,47.716581],[11.563729,47.717451],[11.564127,47.717963],[11.564619,47.718631],[11.565043,47.719315],[11.565335,47.719953],[11.565618,47.720832],[11.565704,47.721287],[11.565774,47.722328],[11.56571,47.723522],[11.565693,47.723992],[11.565713,47.724748],[11.56583,47.72551],[11.566058,47.726331],[11.566293,47.726991],[11.566723,47.728052],[11.566995,47.728744],[11.56723,47.729522],[11.567414,47.730392],[11.567456,47.731279],[11.567412,47.731749],[11.567346,47.732168],[11.567104,47.732948],[11.566737,47.733657],[11.565758,47.735259],[11.565386,47.736012],[11.565244,47.736412],[11.565164,47.736723],[11.565113,47.737061],[11.565093,47.737385],[11.565097,47.737763],[11.565126,47.73806],[11.565186,47.738369],[11.565271,47.738698],[11.56553,47.739417],[11.565704,47.739844],[11.566416,47.741388],[11.566909,47.742514],[11.56695,47.742614],[11.567214,47.743365],[11.567257,47.743593],[11.56731,47.743961],[11.567315,47.744179],[11.567294,47.744367],[11.56726,47.744565],[11.567242,47.744673],[11.567141,47.745075],[11.566825,47.745666],[11.566684,47.745901],[11.566298,47.746405],[11.565715,47.74715],[11.565372,47.747587],[11.565293,47.747714],[11.5652,47.747852],[11.565099,47.747988],[11.564621,47.748627],[11.564362,47.748994],[11.56428,47.749139],[11.564196,47.749371],[11.56417,47.749611],[11.564199,47.749775],[11.564303,47.750078],[11.564341,47.750162],[11.564475,47.750493],[11.564543,47.750744],[11.564579,47.751007],[11.564591,47.751177],[11.564786,47.751546],[11.56494,47.75174],[11.565149,47.751896],[11.565421,47.752031],[11.565655,47.752098],[11.566556,47.752311],[11.566711,47.752393],[11.567359,47.752521],[11.567982,47.752665],[11.568564,47.75282],[11.568995,47.752959],[11.57001,47.753328],[11.57062,47.753527],[11.571253,47.753649],[11.571872,47.753707],[11.572671,47.753731],[11.573265,47.753778],[11.573519,47.753821],[11.573776,47.753894],[11.573962,47.75396],[11.574314,47.75416],[11.574586,47.754403],[11.574951,47.75493],[11.575267,47.75537],[11.575435,47.75555],[11.575714,47.755798],[11.576564,47.756384],[11.576904,47.756686],[11.577189,47.757019],[11.577271,47.757145],[11.577379,47.75734],[11.577458,47.757544],[11.577566,47.757965],[11.577588,47.758341],[11.577581,47.758715],[11.577609,47.758941],[11.577701,47.759162],[11.577851,47.759338],[11.578092,47.759541],[11.578344,47.759672],[11.578603,47.759766],[11.578945,47.75984],[11.579839,47.759918],[11.579964,47.759928],[11.581988,47.760085],[11.582223,47.7601],[11.582801,47.760113],[11.582896,47.760258],[11.583017,47.760534],[11.583037,47.760631],[11.583218,47.760927],[11.583888,47.762014],[11.58403,47.762211],[11.584305,47.762507],[11.58465,47.762775],[11.585159,47.763121],[11.585492,47.76337],[11.585824,47.763481],[11.586154,47.763504],[11.586724,47.763476],[11.587001,47.763496],[11.587214,47.763578],[11.587384,47.763688],[11.587484,47.763822],[11.587548,47.763991],[11.587524,47.764151],[11.587312,47.764559],[11.587289,47.764733],[11.587311,47.764852],[11.587373,47.764991],[11.587452,47.765095],[11.587659,47.765277],[11.589567,47.766497],[11.59064,47.767146],[11.591455,47.767593],[11.592092,47.767928],[11.600733,47.772225],[11.601148,47.772422],[11.601285,47.772498],[11.601363,47.772541],[11.602505,47.773124],[11.603065,47.773441],[11.604895,47.774642],[11.605579,47.775055],[11.606435,47.775542],[11.607211,47.775951],[11.607263,47.775979],[11.608381,47.776534],[11.609638,47.777233],[11.610202,47.777606],[11.610741,47.777988],[11.612069,47.779033],[11.613141,47.779812],[11.613754,47.780219],[11.614627,47.780715],[11.61537,47.781079],[11.616403,47.78152],[11.616721,47.78166],[11.618924,47.782537],[11.622324,47.783842],[11.623061,47.784142],[11.623472,47.784308],[11.623952,47.784522],[11.624437,47.784768],[11.625354,47.785272],[11.625788,47.785539],[11.625844,47.785576],[11.62617,47.785788],[11.627237,47.786574],[11.627734,47.786939],[11.628234,47.787298],[11.629242,47.787932],[11.630144,47.788423],[11.63151,47.789085],[11.632238,47.78946],[11.632822,47.789804],[11.633416,47.790228],[11.633774,47.790532],[11.634077,47.790839],[11.634302,47.791096],[11.635189,47.792454],[11.636286,47.794252],[11.636609,47.794733],[11.637284,47.795571],[11.637746,47.796084],[11.638306,47.796629],[11.638815,47.797072],[11.639422,47.797541],[11.640228,47.798099],[11.641136,47.798644],[11.641913,47.799064],[11.642839,47.799565],[11.642969,47.799633],[11.643398,47.799859],[11.644052,47.800204],[11.644386,47.80038],[11.645826,47.801137],[11.647346,47.801995],[11.647652,47.802184],[11.648639,47.802917],[11.649229,47.803466],[11.649522,47.803779],[11.650322,47.804755],[11.650685,47.805287],[11.650909,47.805697],[11.651189,47.806307],[11.651369,47.806855],[11.651471,47.807272],[11.651538,47.807605],[11.651609,47.80854],[11.651356,47.811201],[11.651322,47.811614],[11.651298,47.811859],[11.651282,47.812196],[11.65127,47.812449],[11.651276,47.81256],[11.651341,47.813384],[11.651499,47.814084],[11.651621,47.814462],[11.651844,47.815036],[11.652208,47.815716],[11.652568,47.816284],[11.652981,47.816852],[11.653833,47.817901],[11.654574,47.818813],[11.655587,47.820061],[11.656267,47.820899],[11.656534,47.821243],[11.656764,47.821609],[11.656911,47.821919],[11.657056,47.822292],[11.657159,47.822697],[11.657192,47.823146],[11.657055,47.823993],[11.656969,47.82421],[11.656921,47.824387],[11.656458,47.825471],[11.656231,47.82621],[11.656079,47.827023],[11.656001,47.827518],[11.655899,47.827976],[11.655769,47.828299],[11.655572,47.828636],[11.655248,47.829099],[11.654979,47.829395],[11.654682,47.829665],[11.653686,47.830444],[11.6532,47.830867],[11.652954,47.831134],[11.652751,47.831391],[11.652585,47.831671],[11.652461,47.831953],[11.652359,47.832385],[11.652323,47.832538],[11.652312,47.832783],[11.652337,47.833099],[11.652481,47.833511],[11.652639,47.833854],[11.652847,47.83419],[11.65311,47.834555],[11.65349,47.834978],[11.653833,47.835302],[11.654269,47.835648],[11.654809,47.836015],[11.655502,47.836398],[11.655958,47.836602],[11.656617,47.836843],[11.657072,47.836995],[11.657731,47.83718],[11.658845,47.837412],[11.659382,47.837551],[11.661757,47.838244],[11.662647,47.838447],[11.664298,47.838788],[11.665189,47.838994],[11.665721,47.839132],[11.666073,47.839259],[11.666467,47.839397],[11.666922,47.839541],[11.667634,47.839736],[11.668097,47.839914],[11.66839,47.840057],[11.668716,47.840268],[11.669022,47.840532],[11.669993,47.841455],[11.670351,47.841924],[11.670544,47.842133],[11.670846,47.842412],[11.671044,47.842564],[11.671308,47.842719],[11.672085,47.843051],[11.672152,47.843082],[11.672734,47.843327],[11.67412,47.843953],[11.674352,47.84406],[11.674986,47.844354],[11.67552,47.844564],[11.675946,47.84471],[11.677063,47.845008],[11.677302,47.845087],[11.677608,47.845255],[11.677854,47.845435],[11.678051,47.845621],[11.678299,47.845933],[11.678428,47.846161],[11.678645,47.846629],[11.6787,47.846754],[11.678889,47.847158],[11.678919,47.847222],[11.679047,47.847432],[11.679138,47.847532],[11.679254,47.847624],[11.6802,47.847995],[11.6806,47.848155],[11.681149,47.848345],[11.681378,47.848464],[11.681553,47.848638],[11.681745,47.848918],[11.681845,47.849112],[11.682212,47.849734],[11.682514,47.85031],[11.682711,47.850627],[11.682814,47.850777],[11.683515,47.851796],[11.684113,47.852619],[11.684497,47.853167],[11.68468,47.853504],[11.684906,47.853994],[11.68517,47.85471],[11.685455,47.855407],[11.685713,47.855838],[11.686136,47.856399],[11.686458,47.856733],[11.687844,47.858064],[11.688387,47.858756],[11.688775,47.859353],[11.689037,47.859889],[11.689224,47.860448],[11.689294,47.860723],[11.689304,47.860803],[11.689387,47.861312],[11.689417,47.861669],[11.689425,47.861756],[11.68948,47.862504],[11.689564,47.863353],[11.68965,47.863773],[11.689753,47.864206],[11.689866,47.864526],[11.690001,47.864862],[11.690325,47.865491],[11.690502,47.865782],[11.690713,47.866104],[11.690874,47.866312],[11.691164,47.866673],[11.691399,47.866922],[11.691852,47.867374],[11.692554,47.86805],[11.692717,47.868207],[11.693027,47.868571],[11.693269,47.868914],[11.693703,47.869731],[11.694148,47.870568],[11.694215,47.87067],[11.694349,47.87084],[11.69464,47.871189],[11.694868,47.871426],[11.695216,47.871713],[11.695465,47.871892],[11.696309,47.872445],[11.696698,47.872752],[11.696819,47.872872],[11.696922,47.872993],[11.697217,47.873442],[11.697538,47.873885],[11.6979,47.874275],[11.698178,47.874502],[11.698677,47.874809],[11.699014,47.875069],[11.699916,47.875748],[11.700869,47.87647],[11.700989,47.876545],[11.70142,47.876643],[11.701236,47.87687],[11.701272,47.876993],[11.701342,47.877329],[11.701315,47.87744],[11.701213,47.877564],[11.700996,47.877699],[11.700949,47.877727],[11.700224,47.878142],[11.700107,47.878226],[11.699961,47.878413],[11.700649,47.878771],[11.700804,47.878846],[11.701559,47.879231],[11.701687,47.879323],[11.70185,47.879498],[11.702125,47.879825],[11.702188,47.879879],[11.702371,47.880081],[11.702447,47.880193],[11.702482,47.880288],[11.70255,47.880455],[11.702637,47.880581],[11.702906,47.880751],[11.70302,47.880759],[11.703113,47.880804],[11.703578,47.880783],[11.703991,47.880757],[11.704366,47.880733],[11.705111,47.880667],[11.706041,47.8806],[11.706987,47.880536],[11.707246,47.880518],[11.707575,47.880512],[11.707807,47.880571],[11.707969,47.880644],[11.708384,47.880819],[11.708694,47.880881],[11.708793,47.880877],[11.708854,47.880896],[11.709164,47.880882],[11.70948,47.880818],[11.710013,47.880745],[11.710205,47.880715],[11.710611,47.880647],[11.710803,47.880609],[11.71104,47.880562],[11.711302,47.880506],[11.711419,47.880481],[11.711769,47.880395],[11.712226,47.88026],[11.712913,47.880049],[11.713487,47.879853],[11.713863,47.879722],[11.714555,47.879482],[11.714982,47.880041],[11.715273,47.880422],[11.715361,47.88045],[11.71589,47.880502],[11.716215,47.880506],[11.716747,47.880492],[11.716987,47.880483],[11.717092,47.880667],[11.717134,47.880951],[11.717238,47.881157],[11.717275,47.881221],[11.717345,47.881323],[11.717443,47.881307],[11.717507,47.881313],[11.717613,47.881361],[11.717694,47.881323],[11.717847,47.881216],[11.717968,47.880769],[11.718005,47.880692],[11.718088,47.880628],[11.718401,47.880476],[11.718649,47.880381],[11.719076,47.880248],[11.719718,47.880073],[11.719787,47.880001],[11.719817,47.87993],[11.719799,47.879774],[11.719824,47.879711],[11.719778,47.879572],[11.719778,47.879496],[11.719849,47.879561],[11.720032,47.880075],[11.722719,47.887693],[11.722923,47.888284],[11.723344,47.889301],[11.723875,47.89043],[11.724172,47.890977],[11.724349,47.891259],[11.724844,47.892014],[11.724994,47.89224],[11.725107,47.892405],[11.725489,47.892752],[11.725767,47.892909],[11.725987,47.892996],[11.726196,47.893053],[11.726432,47.893092],[11.726687,47.893108],[11.727148,47.893067],[11.727519,47.892951],[11.728048,47.892683],[11.728362,47.89261],[11.728544,47.892507],[11.72865,47.89244],[11.729718,47.891857],[11.7303,47.891567],[11.730687,47.891381],[11.732414,47.890633],[11.735596,47.889407],[11.737953,47.888459],[11.738234,47.888346],[11.75351,47.882136],[11.753746,47.882035],[11.762452,47.878511],[11.762743,47.878396],[11.766794,47.876754],[11.766916,47.876705],[11.767777,47.876361],[11.767957,47.876288],[11.771825,47.874722],[11.772927,47.874272],[11.78018,47.871316],[11.781182,47.870925],[11.783146,47.870116],[11.784748,47.869491],[11.788555,47.867955],[11.78915,47.867688],[11.790261,47.86725],[11.791817,47.866636],[11.792877,47.866266],[11.793328,47.866118],[11.794052,47.865908],[11.79495,47.86567],[11.795499,47.865534],[11.795717,47.865489],[11.79739,47.865151],[11.798721,47.864937],[11.80003,47.864785],[11.801445,47.864658],[11.802473,47.864597],[11.805044,47.864571],[11.806272,47.864617],[11.807538,47.86471],[11.811548,47.865089],[11.81296,47.865274],[11.813122,47.865291],[11.814367,47.865425],[11.815432,47.865506],[11.816478,47.865553],[11.81829,47.865579],[11.819425,47.865545],[11.820478,47.865491],[11.821719,47.865384],[11.822986,47.865255],[11.827632,47.864613],[11.829177,47.864375],[11.829886,47.864245],[11.831211,47.863987],[11.837248,47.862517],[11.838404,47.862254],[11.83927,47.862103],[11.840227,47.862003],[11.843562,47.861736],[11.844408,47.861624],[11.845209,47.861467],[11.845612,47.861368],[11.845877,47.861297],[11.846377,47.861147],[11.847438,47.860757],[11.852059,47.858812],[11.854131,47.85796],[11.854278,47.857899],[11.856588,47.856896],[11.857354,47.856506],[11.857893,47.856208],[11.858597,47.855769],[11.858689,47.855707],[11.859607,47.855045],[11.859999,47.854711],[11.863594,47.8514],[11.864567,47.850389],[11.865103,47.849704],[11.865556,47.84906],[11.865779,47.848707],[11.866103,47.848127],[11.866532,47.84722],[11.867546,47.84472],[11.8678,47.844212],[11.868108,47.843667],[11.868409,47.843195],[11.868919,47.84252],[11.869526,47.841841],[11.869753,47.841611],[11.872388,47.838945],[11.873118,47.838404],[11.87335,47.83826],[11.873568,47.838126],[11.874074,47.837812],[11.880388,47.83434],[11.880801,47.834117],[11.889845,47.829231],[11.89079,47.828795],[11.891701,47.828442],[11.892447,47.828221],[11.89322,47.828051],[11.893864,47.827966],[11.894542,47.827902],[11.894982,47.827886],[11.895798,47.827901],[11.896551,47.827964],[11.897416,47.828088],[11.897794,47.828166],[11.897956,47.828199],[11.898606,47.828368],[11.902851,47.829779],[11.903395,47.829941],[11.904203,47.830138],[11.90454,47.830203],[11.905044,47.830289],[11.905886,47.830406],[11.906262,47.830443],[11.907055,47.830478],[11.907927,47.830475],[11.908289,47.830451],[11.908707,47.830428],[11.909382,47.830362],[11.91008,47.830254],[11.911076,47.830044],[11.91155,47.829918],[11.912098,47.829746],[11.912613,47.829564],[11.913034,47.829396],[11.913941,47.828968],[11.914577,47.828632],[11.914664,47.828583],[11.917994,47.826805],[11.918678,47.826435],[11.921147,47.82512],[11.92146,47.824956],[11.923988,47.823606],[11.924191,47.823497],[11.924865,47.823171],[11.925368,47.822959],[11.925872,47.822772],[11.926464,47.822582],[11.927181,47.822394],[11.928138,47.822194],[11.929187,47.822045],[11.929918,47.821994],[11.930531,47.821968],[11.930957,47.821958],[11.931411,47.821974],[11.931892,47.821997],[11.932508,47.82206],[11.932905,47.822107],[11.933673,47.822229],[11.934259,47.822353],[11.934784,47.822486],[11.935712,47.822769],[11.936165,47.82293],[11.936605,47.823109],[11.937468,47.823528],[11.937982,47.82382],[11.940139,47.825133],[11.940578,47.825381],[11.940738,47.825472],[11.941646,47.825961],[11.942252,47.826237],[11.942922,47.826468],[11.943666,47.826696],[11.944394,47.826873],[11.945113,47.827011],[11.946247,47.827152],[11.94711,47.827193],[11.947878,47.82719],[11.948689,47.827157],[11.949446,47.827089],[11.952994,47.82664],[11.957698,47.826018],[11.958643,47.825852],[11.959595,47.825622],[11.96049,47.825347],[11.961438,47.824976],[11.961816,47.82481],[11.963854,47.823875],[11.96552,47.823124],[11.966649,47.822698],[11.967844,47.822346],[11.968971,47.822079],[11.969886,47.821909],[11.970965,47.821758],[11.971956,47.821673],[11.972455,47.821646],[11.973696,47.82163],[11.97417,47.82163],[11.977014,47.821674],[11.981915,47.821776],[11.984426,47.821822],[11.985737,47.821854],[11.988379,47.821882],[11.989567,47.821874],[11.990755,47.821833],[11.991739,47.821778],[11.997844,47.821391],[12.009298,47.820646],[12.011925,47.820471],[12.014952,47.820278],[12.016813,47.820116],[12.018017,47.819954],[12.019418,47.81973],[12.027247,47.818135],[12.028939,47.817883],[12.030499,47.817705],[12.033194,47.817535],[12.042593,47.81708],[12.044523,47.816969],[12.047168,47.816717],[12.049047,47.8165],[12.049358,47.816462],[12.061185,47.815014],[12.063341,47.814753],[12.06452,47.814584],[12.067288,47.814159],[12.069819,47.813799],[12.073361,47.813274],[12.075869,47.812906],[12.078387,47.812536],[12.08917,47.810955],[12.091421,47.810607],[12.092789,47.810432],[12.100301,47.809363],[12.102653,47.809102],[12.10885,47.808539],[12.118959,47.807642],[12.119338,47.807613],[12.119656,47.807581],[12.122676,47.807355],[12.122916,47.807338],[12.123395,47.807304],[12.124928,47.80719],[12.12631,47.807071],[12.128886,47.806849],[12.135917,47.806123],[12.137684,47.805956],[12.13791,47.805935],[12.144485,47.805376],[12.148931,47.805112],[12.151871,47.804937],[12.152239,47.80492],[12.153968,47.804803],[12.155214,47.8047],[12.156611,47.804545],[12.158558,47.804243],[12.160497,47.803942],[12.161666,47.803776],[12.162614,47.803643],[12.16323,47.803557],[12.163378,47.803536],[12.164739,47.803342],[12.165118,47.803288],[12.168888,47.802769],[12.170849,47.802556],[12.171885,47.802488],[12.173573,47.802435],[12.180351,47.802314],[12.180642,47.802309],[12.182589,47.80227],[12.184803,47.802236],[12.185814,47.802144],[12.186845,47.801992],[12.187719,47.801803],[12.188682,47.801535],[12.189483,47.801261],[12.190415,47.800846],[12.191205,47.800437],[12.192886,47.799371],[12.193817,47.798758],[12.194327,47.798402],[12.194888,47.798059],[12.195438,47.797767],[12.195623,47.797681],[12.196355,47.797345],[12.197309,47.796943],[12.197891,47.796749],[12.198293,47.796632],[12.199248,47.796383],[12.200105,47.796192],[12.201182,47.796032],[12.202291,47.795949],[12.203955,47.795916],[12.204632,47.795943],[12.205325,47.795993],[12.206079,47.796074],[12.20637,47.796117],[12.209753,47.796616],[12.21128,47.796749],[12.211816,47.796762],[12.212647,47.796748],[12.214076,47.796624],[12.215897,47.796458],[12.21739,47.796346],[12.218291,47.796336],[12.219229,47.796389],[12.220153,47.796493],[12.226345,47.797429],[12.227752,47.797632],[12.2295,47.79784],[12.231848,47.798047],[12.232237,47.798062],[12.23345,47.798116],[12.235699,47.798149],[12.237004,47.798127],[12.241549,47.797997],[12.241905,47.797983],[12.243724,47.797948],[12.245395,47.797949],[12.247225,47.797971],[12.248424,47.798019],[12.248593,47.798027],[12.249285,47.798065],[12.249642,47.798082],[12.252616,47.798303],[12.252927,47.798331],[12.25547,47.798632],[12.257346,47.798906],[12.259232,47.799231],[12.260783,47.79953],[12.260944,47.799566],[12.262375,47.799861],[12.265258,47.800601],[12.267442,47.801237],[12.273906,47.803301],[12.27523,47.803634],[12.276668,47.803889],[12.277368,47.803983],[12.277903,47.804042],[12.278938,47.804118],[12.27994,47.804134],[12.281685,47.804131],[12.283639,47.804128],[12.283898,47.804128],[12.28666,47.804122],[12.28691,47.804121],[12.290309,47.804119],[12.2911,47.804108],[12.291848,47.804105],[12.292732,47.804091],[12.293799,47.804048],[12.295534,47.803944],[12.297091,47.803822],[12.297748,47.80376],[12.299956,47.803569],[12.300949,47.803474],[12.301445,47.803424],[12.302219,47.803319],[12.302887,47.803194],[12.306872,47.802242],[12.30771,47.80209],[12.308204,47.802027],[12.308628,47.801978],[12.309566,47.801913],[12.310593,47.801894],[12.311044,47.801903],[12.311884,47.801953],[12.312873,47.802063],[12.313517,47.80217],[12.315168,47.802508],[12.326604,47.804959],[12.327053,47.805051],[12.328103,47.805286],[12.328375,47.805337],[12.332201,47.806166],[12.333188,47.806438],[12.333968,47.806686],[12.334742,47.806966],[12.338638,47.808507],[12.339317,47.808747],[12.340544,47.809139],[12.340983,47.809265],[12.34115,47.809315],[12.341806,47.809494],[12.34233,47.809618],[12.34437,47.810141],[12.344789,47.81025],[12.34629,47.810601],[12.350117,47.811405],[12.352176,47.811894],[12.353485,47.812231],[12.353913,47.812365],[12.354855,47.812716],[12.358015,47.814117],[12.358769,47.814396],[12.359446,47.814606],[12.359829,47.814707],[12.360654,47.814888],[12.361956,47.815078],[12.362956,47.815215],[12.36356,47.815295],[12.36448,47.815419],[12.365773,47.815619],[12.366487,47.815757],[12.368108,47.816113],[12.368344,47.816172],[12.368851,47.816315],[12.369747,47.816585],[12.370429,47.816805],[12.371394,47.817159],[12.372017,47.817424],[12.372742,47.81777],[12.374583,47.81873],[12.375786,47.819358],[12.377675,47.820332],[12.378019,47.820524],[12.378392,47.820744],[12.379386,47.821413],[12.379718,47.821663],[12.380467,47.822305],[12.380757,47.822576],[12.381507,47.823319],[12.3824,47.824318],[12.382807,47.8248],[12.383251,47.825417],[12.384056,47.826633],[12.385104,47.82824],[12.385905,47.829458],[12.386316,47.830004],[12.386785,47.830516],[12.387219,47.830932],[12.387794,47.831402],[12.388448,47.831866],[12.388986,47.832183],[12.389218,47.832312],[12.390012,47.832711],[12.390844,47.833065],[12.391321,47.833238],[12.392341,47.833543],[12.392871,47.833674],[12.393498,47.833807],[12.39408,47.833906],[12.394602,47.833974],[12.395543,47.834063],[12.395808,47.834077],[12.396594,47.834101],[12.397627,47.834083],[12.405366,47.83349],[12.406936,47.833399],[12.408269,47.83337],[12.409399,47.833397],[12.41116,47.833509],[12.411343,47.833523],[12.414997,47.833784],[12.415199,47.833799],[12.416454,47.833902],[12.418107,47.833971],[12.419406,47.833964],[12.42066,47.833934],[12.424018,47.83388],[12.427509,47.833824],[12.4277,47.833822],[12.430704,47.833774],[12.432416,47.833754],[12.432662,47.833749],[12.434118,47.833731],[12.434914,47.83374],[12.435732,47.833765],[12.436495,47.833806],[12.438144,47.833938],[12.439643,47.834128],[12.440549,47.834267],[12.440707,47.834295],[12.441561,47.834452],[12.442444,47.834633],[12.443216,47.834813],[12.444224,47.835074],[12.445115,47.835337],[12.445601,47.83549],[12.449141,47.836645],[12.450459,47.836988],[12.451427,47.837189],[12.452202,47.837311],[12.452807,47.837387],[12.453922,47.837489],[12.456794,47.837632],[12.479682,47.83877],[12.48005,47.838782],[12.481315,47.838792],[12.483129,47.838732],[12.48439,47.838651],[12.485148,47.838575],[12.486333,47.838433],[12.487931,47.838173],[12.488697,47.838031],[12.489678,47.83782],[12.489751,47.837802],[12.489838,47.83778],[12.492261,47.837181],[12.492471,47.83713],[12.494849,47.836555],[12.497556,47.835891],[12.497938,47.835797],[12.49993,47.835289],[12.500183,47.83522],[12.502457,47.834667],[12.507799,47.83334],[12.510118,47.832766],[12.514788,47.831617],[12.515554,47.831428],[12.517274,47.83104],[12.518198,47.830859],[12.521163,47.830392],[12.523155,47.830077],[12.525387,47.829718],[12.528551,47.829219],[12.529968,47.829033],[12.530921,47.82893],[12.532315,47.828809],[12.539067,47.828341],[12.540436,47.828233],[12.541973,47.828072],[12.546997,47.82749],[12.547347,47.827463],[12.548031,47.827424],[12.552181,47.827322],[12.552745,47.827274],[12.553263,47.827209],[12.557999,47.82652],[12.558806,47.82642],[12.560322,47.826287],[12.561035,47.826253],[12.561642,47.826233],[12.56275,47.826237],[12.563201,47.826244],[12.563999,47.826271],[12.564506,47.826306],[12.565788,47.826425],[12.573113,47.82735],[12.574073,47.827445],[12.574505,47.827491],[12.579097,47.827948],[12.582135,47.82823],[12.582302,47.828246],[12.582804,47.828303],[12.583907,47.828379],[12.584576,47.828396],[12.585731,47.828368],[12.587626,47.828251],[12.590616,47.828076],[12.592436,47.828005],[12.596178,47.827898],[12.596516,47.827895],[12.597563,47.827899],[12.599432,47.828015],[12.600137,47.828072],[12.600773,47.828127],[12.605671,47.828518],[12.607035,47.828628],[12.608614,47.828699],[12.609749,47.828697],[12.610497,47.828674],[12.611679,47.828603],[12.611912,47.828584],[12.612729,47.828497],[12.614139,47.828279],[12.616394,47.827851],[12.617478,47.827671],[12.617874,47.82762],[12.618803,47.827549],[12.619643,47.827525],[12.6201,47.827532],[12.620896,47.827575],[12.621794,47.82767],[12.628327,47.828815],[12.628961,47.828916],[12.630056,47.829057],[12.631004,47.829146],[12.632147,47.829211],[12.633128,47.829229],[12.633866,47.829228],[12.634797,47.82919],[12.636004,47.829099],[12.637372,47.828961],[12.638806,47.828837],[12.640699,47.82866],[12.642107,47.828473],[12.64235,47.828438],[12.64361,47.82817],[12.644788,47.827861],[12.64508,47.827779],[12.645538,47.827639],[12.646432,47.827368],[12.647001,47.827191],[12.648347,47.826793],[12.648815,47.826652],[12.650685,47.826084],[12.651394,47.825882],[12.652103,47.825701],[12.652707,47.825563],[12.653229,47.825461],[12.654488,47.825269],[12.655455,47.825171],[12.656333,47.825117],[12.656954,47.825095],[12.65845,47.825116],[12.661335,47.825228],[12.66316,47.825317],[12.666569,47.825457],[12.667517,47.825478],[12.668156,47.825469],[12.668413,47.825461],[12.669465,47.825381],[12.670492,47.825241],[12.67445,47.824487],[12.675404,47.824376],[12.67585,47.824346],[12.676888,47.824325],[12.677446,47.824338],[12.678536,47.824417],[12.679264,47.824515],[12.679647,47.824584],[12.680375,47.824741],[12.680912,47.824883],[12.682385,47.825367],[12.682785,47.825511],[12.687392,47.827095],[12.68805,47.827293],[12.688842,47.827479],[12.689498,47.827606],[12.690224,47.827713],[12.692713,47.828014],[12.692863,47.828032],[12.700102,47.8289],[12.700311,47.828918],[12.701792,47.829008],[12.704589,47.829072],[12.704816,47.829075],[12.709518,47.829207],[12.710376,47.829217],[12.712507,47.82925],[12.715994,47.829182],[12.716236,47.829176],[12.719238,47.829087],[12.720336,47.82908],[12.721614,47.829106],[12.722881,47.829172],[12.723528,47.829224],[12.725055,47.829395],[12.725908,47.829512],[12.726082,47.829537],[12.72804,47.829849],[12.730771,47.830291],[12.734737,47.830926],[12.736062,47.831079],[12.737223,47.831148],[12.738245,47.831162],[12.739515,47.83112],[12.740528,47.831036],[12.741549,47.830908],[12.741904,47.830857],[12.742358,47.830778],[12.743441,47.830552],[12.744303,47.83033],[12.744882,47.830155],[12.745657,47.829894],[12.746405,47.829614],[12.747037,47.829338],[12.749986,47.827878],[12.750537,47.827609],[12.751043,47.827374],[12.751569,47.827183],[12.752827,47.826799],[12.7543,47.826502],[12.755007,47.826416],[12.755922,47.826346],[12.756749,47.826326],[12.757686,47.826359],[12.760962,47.826599],[12.76526,47.826893],[12.768323,47.827114],[12.770248,47.827144],[12.771419,47.827116],[12.772532,47.82705],[12.776432,47.82666],[12.7778,47.826561],[12.779115,47.826522],[12.780626,47.826542],[12.78176,47.826599],[12.782258,47.826633],[12.783333,47.82675],[12.784538,47.826916],[12.785291,47.827047],[12.786994,47.827385],[12.787394,47.827457],[12.790958,47.828145],[12.791145,47.82818],[12.793793,47.828684],[12.794322,47.828781],[12.795533,47.828982],[12.79626,47.829078],[12.797526,47.829189],[12.79792,47.829203],[12.801255,47.829172],[12.804943,47.829125],[12.805147,47.829122],[12.807652,47.829089],[12.809343,47.829028],[12.809599,47.829011],[12.810767,47.828881],[12.811711,47.82872],[12.812564,47.828537],[12.812978,47.828431],[12.813936,47.828146],[12.815356,47.827619],[12.815537,47.82755],[12.81705,47.82697],[12.817357,47.826855],[12.818818,47.826302],[12.81941,47.826056],[12.820127,47.825717],[12.820673,47.825425],[12.8211,47.825183],[12.821799,47.824731],[12.823473,47.823424],[12.826128,47.821313],[12.826562,47.820947],[12.827724,47.819966],[12.828525,47.819186],[12.828966,47.818685],[12.829233,47.818382],[12.830913,47.81648],[12.831083,47.816276],[12.833728,47.813231],[12.83389,47.813044],[12.834806,47.812132],[12.835168,47.811815],[12.836055,47.811129],[12.836859,47.810599],[12.839754,47.808856],[12.842423,47.807249],[12.842655,47.80711],[12.846888,47.804561],[12.847574,47.804149],[12.852014,47.801469],[12.8538,47.800393],[12.853879,47.800347],[12.855427,47.799433],[12.855703,47.799269],[12.857769,47.798006],[12.859816,47.796794],[12.860933,47.796067],[12.862672,47.794833],[12.863556,47.794038],[12.866425,47.791225],[12.866528,47.791123],[12.869716,47.787971],[12.870052,47.787634],[12.872157,47.78556],[12.872321,47.785398],[12.872452,47.785269],[12.874111,47.783635],[12.874462,47.783289],[12.87526,47.782613],[12.876,47.782041],[12.876642,47.781574],[12.877376,47.781078],[12.879389,47.779778],[12.880067,47.779339],[12.883823,47.776905],[12.885721,47.775682],[12.885835,47.775609],[12.887935,47.774256],[12.894772,47.769863],[12.895741,47.769291],[12.895998,47.769156],[12.89649,47.76891],[12.896984,47.768703],[12.89769,47.768436],[12.897788,47.768338],[12.898393,47.768091],[12.898861,47.767952],[12.900067,47.767649],[12.90017,47.76757],[12.900998,47.767305],[12.901136,47.767255],[12.901979,47.766932],[12.902144,47.766834],[12.902282,47.766727],[12.902907,47.765975],[12.903027,47.765724],[12.903065,47.765502],[12.902953,47.764905],[12.90295,47.764493],[12.902867,47.764267],[12.902766,47.764143],[12.902575,47.764006],[12.901644,47.763522],[12.901462,47.763369],[12.900776,47.763033],[12.900515,47.762879],[12.900249,47.762699],[12.900107,47.762581],[12.899924,47.762392],[12.899864,47.762315],[12.899643,47.761935],[12.899562,47.76168],[12.899553,47.761645],[12.899499,47.761364],[12.899455,47.760224],[12.899449,47.760108],[12.899443,47.759972],[12.899381,47.758517],[12.899369,47.758234],[12.899343,47.75785],[12.899328,47.757501],[12.899317,47.757343],[12.899308,47.757126],[12.899265,47.756615],[12.899043,47.755733],[12.899023,47.755316],[12.89919,47.754893],[12.899438,47.754498],[12.899822,47.75404],[12.90023,47.753603],[12.900506,47.753355],[12.90143,47.752662],[12.901772,47.752395],[12.902259,47.752024],[12.902811,47.751613],[12.90299,47.751464],[12.903122,47.75136],[12.903392,47.751159],[12.904151,47.750578],[12.905324,47.749683],[12.906099,47.749083],[12.906259,47.748931],[12.906542,47.748599],[12.906744,47.748265],[12.906794,47.748131],[12.906894,47.747668],[12.906799,47.746851],[12.90665,47.746396],[12.906564,47.746132],[12.906311,47.745468],[12.905996,47.744941],[12.905761,47.744629],[12.905599,47.744479],[12.905459,47.744373],[12.905121,47.744192],[12.904552,47.743955],[12.904372,47.743815],[12.903998,47.743655],[12.903467,47.743424],[12.902925,47.743211],[12.902635,47.743112],[12.902401,47.743054],[12.901835,47.74296],[12.901299,47.742898],[12.901084,47.742924],[12.900899,47.742971],[12.900783,47.743068],[12.900714,47.742805],[12.900367,47.742708],[12.900094,47.74259],[12.899818,47.742415],[12.89935,47.742057],[12.899068,47.741915],[12.898703,47.741798],[12.898299,47.741687],[12.898058,47.741605],[12.897812,47.741486],[12.897498,47.741277],[12.896707,47.740628],[12.896523,47.740462],[12.896252,47.740261],[12.895941,47.740079],[12.895379,47.739873],[12.895141,47.739823],[12.894826,47.739781],[12.894506,47.739757],[12.894301,47.739759],[12.893973,47.739794],[12.893723,47.739841],[12.893409,47.739929],[12.892823,47.740117],[12.892302,47.740275],[12.891634,47.740417],[12.890778,47.740494],[12.890242,47.740489],[12.889781,47.740443],[12.88929,47.740338],[12.888927,47.740236],[12.888536,47.740095],[12.888073,47.739887],[12.887142,47.739392],[12.883638,47.737467],[12.882925,47.737068],[12.881838,47.736376],[12.880634,47.735586],[12.880029,47.73516],[12.879654,47.734895],[12.879169,47.734588],[12.878685,47.734325],[12.878161,47.734075],[12.877649,47.733855],[12.876753,47.733479],[12.875777,47.733075],[12.874953,47.732755],[12.873021,47.731943],[12.872454,47.731721],[12.871562,47.731356],[12.870244,47.730771],[12.869513,47.730408],[12.869232,47.73025],[12.868626,47.729869],[12.868015,47.729424],[12.867645,47.729096],[12.867221,47.728642],[12.866832,47.728126],[12.866654,47.727827],[12.866413,47.727333],[12.866329,47.727096],[12.866269,47.726865],[12.866194,47.726373],[12.866171,47.725867],[12.86621,47.725409],[12.866306,47.725003],[12.866377,47.724832],[12.866667,47.724297],[12.867035,47.72384],[12.867366,47.723533],[12.867588,47.723366],[12.867895,47.723163],[12.868436,47.722857],[12.868774,47.722685],[12.869598,47.722291],[12.87031,47.721953],[12.87045,47.721878],[12.871254,47.721391],[12.871555,47.721171],[12.871908,47.720872],[12.872341,47.720465],[12.872691,47.720081],[12.873062,47.719599],[12.873483,47.718957],[12.873873,47.718251],[12.874039,47.717843],[12.874105,47.717533],[12.87412,47.717404],[12.874105,47.717114],[12.87404,47.716826],[12.873816,47.716248],[12.873664,47.71599],[12.873021,47.715088],[12.87274,47.714801],[12.872131,47.71422],[12.871829,47.713977],[12.871603,47.713821],[12.871162,47.713574],[12.870661,47.713356],[12.870021,47.713151],[12.869024,47.712887],[12.868426,47.712655],[12.867648,47.712257],[12.867365,47.712104],[12.867077,47.711949],[12.866143,47.711522],[12.865914,47.711387],[12.865339,47.710975],[12.864839,47.710686],[12.864357,47.710442],[12.863628,47.710154],[12.863081,47.709887],[12.86263,47.709595],[12.862368,47.709397],[12.861733,47.708822],[12.861161,47.708323],[12.860901,47.70813],[12.859845,47.707487],[12.859214,47.707076],[12.858729,47.706694],[12.858267,47.706296],[12.857924,47.706055],[12.857532,47.705855],[12.856927,47.705638],[12.855506,47.70529],[12.855129,47.705178],[12.854859,47.705077],[12.85439,47.704856],[12.854019,47.704606],[12.853786,47.704407],[12.853625,47.704213],[12.853396,47.703849],[12.853274,47.703536],[12.853127,47.702571],[12.85299,47.702105],[12.852895,47.701887],[12.852667,47.701506],[12.852178,47.700901],[12.851662,47.700293],[12.851187,47.699698],[12.850874,47.699214],[12.850347,47.698125],[12.850105,47.697707],[12.849324,47.696576],[12.849184,47.696325],[12.849046,47.695987],[12.848955,47.695701],[12.848876,47.695139],[12.848904,47.694816],[12.848951,47.694603],[12.849141,47.694113],[12.849682,47.693001],[12.849791,47.692693],[12.849858,47.692398],[12.84986,47.692168],[12.849763,47.691495],[12.849673,47.691109],[12.849533,47.690819],[12.84941,47.690642],[12.849296,47.69053],[12.84918,47.690443],[12.848842,47.690263],[12.848626,47.690181],[12.847509,47.689867],[12.847194,47.689737],[12.847052,47.689658],[12.846251,47.689084],[12.846024,47.688899],[12.845843,47.688739],[12.845698,47.688542],[12.845574,47.688264],[12.845471,47.687893],[12.845362,47.687717],[12.845232,47.687577],[12.845157,47.687517],[12.844923,47.68738],[12.844292,47.687062],[12.843786,47.686743],[12.84346,47.686513],[12.843012,47.686155],[12.842166,47.685532],[12.841895,47.68528],[12.841532,47.684884],[12.841298,47.684688],[12.841152,47.684603],[12.840303,47.684209],[12.839631,47.683831],[12.838911,47.683377],[12.837103,47.682146],[12.836781,47.681988],[12.835868,47.681699],[12.835566,47.681567],[12.834145,47.680655],[12.833776,47.680465],[12.833234,47.680245],[12.832493,47.679999],[12.831823,47.679794],[12.831393,47.679615],[12.830301,47.678984],[12.83032,47.678915],[12.830244,47.678758],[12.830239,47.678523],[12.830117,47.678374],[12.830069,47.678247],[12.830124,47.678162],[12.830186,47.678134],[12.830259,47.678125],[12.83034,47.678135],[12.830467,47.678201],[12.830998,47.678654],[12.831067,47.67868],[12.831189,47.678678],[12.83129,47.678638],[12.831314,47.678598],[12.831296,47.678527],[12.831085,47.678385],[12.830934,47.678224],[12.830904,47.677956],[12.830854,47.677827],[12.830752,47.677686],[12.830527,47.677448],[12.830412,47.677277],[12.830365,47.676919],[12.830382,47.676773],[12.830297,47.67667],[12.829758,47.676311],[12.829542,47.676266],[12.8289,47.676303],[12.828713,47.676244],[12.828619,47.676183],[12.828568,47.676083],[12.828588,47.675957],[12.82869,47.675777],[12.828966,47.675532],[12.829021,47.675413],[12.82892,47.674977],[12.828906,47.674788],[12.828816,47.674585],[12.828816,47.674352],[12.828721,47.674166],[12.828597,47.674001],[12.828399,47.67377],[12.8283,47.673705],[12.82809,47.673631],[12.827729,47.673536],[12.826614,47.673307],[12.826746,47.673203],[12.826958,47.673122],[12.827862,47.673004],[12.828138,47.672913],[12.828277,47.672842],[12.828471,47.672698],[12.828541,47.672624],[12.828751,47.672266],[12.828873,47.672111],[12.829131,47.671948],[12.829405,47.671838],[12.830011,47.671666],[12.83018,47.671595],[12.830412,47.671475],[12.830509,47.671406],[12.830607,47.671303],[12.830819,47.670995],[12.830947,47.670735],[12.831393,47.669554],[12.831583,47.669362],[12.832304,47.668963],[12.83264,47.668818],[12.833542,47.668556],[12.834739,47.668108],[12.834966,47.667994],[12.835042,47.667939],[12.835151,47.66782],[12.835533,47.667181],[12.83571,47.666919],[12.835805,47.666829],[12.83599,47.666732],[12.837147,47.666252],[12.838723,47.665669],[12.839055,47.665511],[12.839297,47.665328],[12.839509,47.665148],[12.83989,47.664835],[12.840088,47.664712],[12.840298,47.664628],[12.840868,47.664493],[12.841064,47.664424],[12.84134,47.664279],[12.841501,47.664147],[12.842063,47.663624],[12.842363,47.663458],[12.843422,47.663065],[12.843683,47.662931],[12.844229,47.662588],[12.844724,47.662266],[12.845346,47.661818],[12.845668,47.661507],[12.845968,47.661153],[12.847362,47.659231],[12.848382,47.657937],[12.848688,47.657579],[12.849505,47.656167],[12.849619,47.655889],[12.849738,47.654714],[12.849873,47.653948],[12.849866,47.653827],[12.849835,47.653726],[12.849763,47.653624],[12.849391,47.653291],[12.849262,47.653095],[12.849234,47.652953],[12.849234,47.65281],[12.84928,47.65176],[12.849294,47.651567],[12.849355,47.651321],[12.849985,47.650241],[12.850099,47.649908],[12.850138,47.649614],[12.850132,47.64939],[12.850036,47.648497],[12.850085,47.648057],[12.850221,47.647687],[12.850482,47.647115],[12.850749,47.646024],[12.850819,47.645726],[12.850989,47.645319],[12.851215,47.644877],[12.851508,47.644192],[12.85181,47.643263],[12.852123,47.642346],[12.85224,47.642093],[12.852534,47.641618],[12.853092,47.640808],[12.853241,47.640558],[12.853356,47.64023],[12.85344,47.639637],[12.853463,47.639157],[12.853509,47.638968],[12.853612,47.63873],[12.853957,47.638103],[12.854186,47.637779],[12.854487,47.637475],[12.854937,47.637136],[12.855486,47.636783],[12.855794,47.636609],[12.856171,47.636378],[12.856358,47.636295],[12.856742,47.636167],[12.857484,47.635977],[12.857615,47.635944],[12.857587,47.635712],[12.857601,47.635668],[12.857611,47.635526],[12.857652,47.635415],[12.857736,47.635304],[12.857832,47.635231],[12.858299,47.634976],[12.858451,47.63484],[12.858559,47.634699],[12.858757,47.63433],[12.858864,47.63407],[12.858924,47.63377],[12.858933,47.633347],[12.858958,47.633228],[12.85914,47.632898],[12.859227,47.632792],[12.859984,47.632326],[12.860272,47.632119],[12.860379,47.632063],[12.860605,47.632012],[12.860907,47.632001],[12.861339,47.631944],[12.861609,47.631852],[12.861721,47.631789],[12.862104,47.631504],[12.86219,47.631417],[12.862268,47.631292],[12.862293,47.631078],[12.862347,47.630917],[12.862399,47.630829],[12.862512,47.63069],[12.862819,47.630417],[12.863085,47.63023],[12.864078,47.629731],[12.86495,47.62925],[12.865081,47.629185],[12.865294,47.629109],[12.865943,47.628919],[12.86617,47.628821],[12.866385,47.628699],[12.866548,47.628599],[12.866664,47.628489],[12.866791,47.62817],[12.866911,47.628035],[12.867013,47.627962],[12.867376,47.62777],[12.86794,47.627283],[12.868153,47.627118],[12.868506,47.626881],[12.868914,47.626661],[12.869335,47.626421],[12.869904,47.625951],[12.87014,47.625661],[12.870822,47.624651],[12.87117,47.624237],[12.871318,47.624018],[12.871664,47.623434],[12.871799,47.623165],[12.871922,47.622767],[12.87192,47.62258],[12.871762,47.622177],[12.871708,47.622054],[12.871456,47.621677],[12.871427,47.621368],[12.871332,47.621074],[12.871182,47.620372],[12.871191,47.620178],[12.871245,47.620047],[12.871365,47.619953],[12.871463,47.619921],[12.871951,47.619782],[12.872226,47.619671],[12.872393,47.61958],[12.872964,47.619162],[12.873109,47.619003],[12.873159,47.618917],[12.873368,47.618434],[12.87349,47.61833],[12.873787,47.61823],[12.874035,47.618176],[12.874501,47.618095],[12.874998,47.618028],[12.875162,47.617935],[12.875243,47.617743],[12.875228,47.617316],[12.875192,47.617125],[12.875069,47.616704],[12.875094,47.616558],[12.875216,47.616441],[12.875545,47.616274],[12.875712,47.616162],[12.875858,47.615993],[12.875996,47.615724],[12.876073,47.615623],[12.877024,47.615102],[12.877474,47.614901],[12.877667,47.614796],[12.877788,47.61463],[12.877926,47.614201],[12.878101,47.614018],[12.878444,47.613743],[12.878798,47.613403],[12.878999,47.613081],[12.878987,47.612913],[12.878948,47.612803],[12.878897,47.612734],[12.878768,47.612651],[12.878341,47.612516],[12.878012,47.612455],[12.877288,47.612353],[12.877047,47.612305],[12.876888,47.612251],[12.876804,47.612182],[12.876757,47.61208],[12.876753,47.611629],[12.876707,47.611097],[12.876376,47.61069],[12.876526,47.610315],[12.876761,47.610146],[12.877081,47.610099],[12.87749,47.610146],[12.877908,47.610156],[12.878262,47.610084],[12.878981,47.609975],[12.879422,47.609874],[12.879833,47.609709],[12.880218,47.60949],[12.880558,47.609331],[12.881548,47.609013],[12.882195,47.608885],[12.882696,47.608869],[12.882796,47.608861],[12.882867,47.608836],[12.882923,47.608793],[12.88294,47.608728],[12.882923,47.608578],[12.883118,47.608534],[12.883304,47.608474],[12.883605,47.608324],[12.883869,47.608235],[12.884491,47.608131],[12.885729,47.607924],[12.886466,47.607892],[12.886766,47.60786],[12.887025,47.607808],[12.887322,47.607718],[12.887819,47.607505],[12.888249,47.607324],[12.888564,47.607244],[12.890182,47.607127],[12.89062,47.607134],[12.891515,47.6072],[12.892155,47.60732],[12.892334,47.607336],[12.892625,47.607318]]},"properties":{"couleur":"#8a6a4f","jour":"2026-07-29","mode":"route","source":"heritee"}},{"type":"Feature","geometry":{"type":"LineString","coordinates":[[12.892625,47.607318],[12.893585,47.607261],[12.894089,47.607286],[12.894389,47.607285],[12.89448,47.60727],[12.894898,47.607253],[12.895374,47.607297],[12.895849,47.607388],[12.896223,47.607485],[12.896458,47.60753],[12.89654,47.607545],[12.898179,47.60779],[12.899577,47.607923],[12.899904,47.607895],[12.900163,47.607848],[12.900331,47.607797],[12.900844,47.607543],[12.901534,47.607171],[12.901683,47.607102],[12.901799,47.607064],[12.902602,47.606915],[12.903585,47.606751],[12.904648,47.606554],[12.906174,47.606264],[12.907014,47.606111],[12.907193,47.606067],[12.907602,47.605917],[12.907711,47.605873],[12.908073,47.60579],[12.908391,47.605762],[12.908495,47.605754],[12.908737,47.605736],[12.909379,47.605604],[12.909741,47.60553],[12.909957,47.605515],[12.910372,47.605484],[12.910486,47.605476],[12.910589,47.605509],[12.910805,47.605558],[12.911006,47.605551],[12.912057,47.605252],[12.912361,47.605203],[12.912605,47.605132],[12.912785,47.605079],[12.913271,47.60494],[12.913641,47.604845],[12.914281,47.604749],[12.916302,47.604619],[12.917226,47.604581],[12.918165,47.604521],[12.918327,47.604512],[12.918789,47.604472],[12.919617,47.604306],[12.920562,47.60398],[12.922217,47.603647],[12.923002,47.603401],[12.923359,47.603319],[12.923709,47.603276],[12.924316,47.603241],[12.924687,47.603218],[12.925331,47.603143],[12.925581,47.60311],[12.927367,47.602813],[12.927559,47.602767],[12.92815,47.602544],[12.928363,47.602506],[12.928702,47.602503],[12.928885,47.602539],[12.929093,47.602615],[12.930788,47.603378],[12.932242,47.603734],[12.933506,47.604235],[12.933757,47.604353],[12.935059,47.605004],[12.935192,47.605093],[12.935299,47.605209],[12.935378,47.60535],[12.935495,47.605689],[12.935774,47.606094],[12.935876,47.606179],[12.936718,47.606664],[12.936826,47.606742],[12.938961,47.60857],[12.939154,47.60872],[12.939352,47.608828],[12.940079,47.609129],[12.940267,47.609242],[12.940778,47.609787],[12.941053,47.609935],[12.942919,47.61053],[12.943067,47.610581],[12.943823,47.610843],[12.944062,47.610974],[12.944241,47.611109],[12.944489,47.611391],[12.945278,47.612637],[12.945443,47.612821],[12.945577,47.612925],[12.945748,47.613038],[12.94631,47.613327],[12.946685,47.613497],[12.947056,47.613635],[12.947477,47.613721],[12.947929,47.613783],[12.947993,47.613791],[12.950776,47.614139],[12.950962,47.614147],[12.951653,47.614164],[12.951926,47.614184],[12.952348,47.614282],[12.952697,47.614389],[12.953501,47.614656],[12.955128,47.615155],[12.955374,47.615211],[12.955801,47.615253],[12.956815,47.615232],[12.957128,47.615239],[12.957684,47.615301],[12.957876,47.615349],[12.958284,47.615483],[12.958469,47.615551],[12.959508,47.615949],[12.959977,47.616062],[12.960352,47.616135],[12.960873,47.616275],[12.96253,47.616901],[12.963514,47.617313],[12.963904,47.617415],[12.96429,47.617466],[12.965281,47.617463],[12.965736,47.617393],[12.966205,47.617353],[12.966894,47.617372],[12.967338,47.617402],[12.967715,47.617464],[12.967905,47.617512],[12.968285,47.617659],[12.968574,47.617815],[12.968729,47.617902],[12.969256,47.61816],[12.969685,47.61831],[12.970051,47.618398],[12.970244,47.618424],[12.970558,47.618441],[12.971031,47.618461],[12.971541,47.618537],[12.97288,47.618826],[12.973633,47.619047],[12.975808,47.619787],[12.976231,47.61993],[12.976424,47.620033],[12.976778,47.620205],[12.976916,47.620216],[12.976978,47.620237],[12.977071,47.620307],[12.977615,47.620485],[12.977804,47.620546],[12.978035,47.620655],[12.979686,47.621588],[12.980163,47.621816],[12.980729,47.622016],[12.981365,47.622179],[12.981818,47.622266],[12.98213,47.622345],[12.982607,47.622529],[12.982833,47.622641],[12.983269,47.622943],[12.983425,47.623101],[12.983621,47.623345],[12.983844,47.623765],[12.984048,47.62408],[12.984543,47.624694],[12.984737,47.624913],[12.984902,47.625068],[12.985273,47.625362],[12.985585,47.625566],[12.986263,47.625951],[12.986318,47.625978],[12.986463,47.626047],[12.986623,47.6261],[12.986732,47.626123],[12.987006,47.626145],[12.987308,47.626128],[12.987558,47.626081],[12.987702,47.626033],[12.987938,47.625931],[12.988108,47.625806],[12.988668,47.625266],[12.988978,47.625042],[12.989342,47.624856],[12.989782,47.62471],[12.992198,47.624042],[12.992649,47.62396],[12.992861,47.623945],[12.993334,47.623948],[12.993659,47.623989],[12.994042,47.624074],[12.994441,47.624224],[12.994575,47.624292],[12.994733,47.624384],[12.995006,47.62461],[12.99553,47.625177],[12.995729,47.625355],[12.995962,47.625507],[12.996292,47.625643],[12.996569,47.625724],[12.996888,47.625771],[12.997185,47.625768],[12.997562,47.625736],[12.997821,47.625704],[12.998473,47.625661],[12.998592,47.625657],[12.998776,47.625641],[12.999295,47.62574],[12.999458,47.625726],[12.999561,47.625697],[12.99956,47.62562],[12.999586,47.625544],[12.999615,47.625495],[12.99975,47.625392],[12.999868,47.625346],[12.999986,47.625325],[13.000107,47.625324],[13.000151,47.625329],[13.000344,47.625385],[13.00044,47.625448],[13.000498,47.625511],[13.000534,47.625597],[13.000544,47.625697],[13.000513,47.625788],[13.000459,47.625849],[13.000304,47.625945],[13.000206,47.626058],[13.000211,47.626136],[13.000315,47.626303],[13.00106,47.626978],[13.001432,47.627366],[13.00203,47.628067],[13.002262,47.628327],[13.002479,47.628397],[13.002944,47.628541],[13.003123,47.628651],[13.003556,47.628881],[13.004075,47.629236],[13.004742,47.62968],[13.005105,47.629874],[13.005574,47.630187],[13.006105,47.630598],[13.006574,47.631001],[13.006727,47.631165],[13.0069,47.631421],[13.00702,47.631689],[13.007178,47.632721],[13.007259,47.633093],[13.007416,47.633544],[13.007579,47.633887],[13.007758,47.634148],[13.008049,47.634486],[13.008321,47.634762],[13.008389,47.63483],[13.008542,47.634976],[13.008914,47.635357],[13.009296,47.635703],[13.009503,47.635878],[13.009616,47.635964],[13.010156,47.636301],[13.010609,47.636519],[13.011048,47.636668],[13.011364,47.636739],[13.011913,47.636827],[13.012471,47.636834],[13.013466,47.636813],[13.013799,47.636819],[13.01424,47.636842],[13.014624,47.636888],[13.014773,47.636921],[13.015182,47.637058],[13.0154,47.637162],[13.015692,47.637358],[13.015896,47.637554],[13.015964,47.637632],[13.016105,47.637848],[13.016196,47.638034],[13.016239,47.638179],[13.016278,47.638538],[13.016271,47.638753],[13.016219,47.639064],[13.016113,47.639596],[13.016081,47.639753],[13.016048,47.639947],[13.016034,47.640346],[13.016069,47.640592],[13.016125,47.640788],[13.016216,47.640966],[13.016338,47.641129],[13.016614,47.641373],[13.016881,47.64153],[13.017166,47.641659],[13.017497,47.641778],[13.018395,47.642012],[13.020366,47.64246],[13.020918,47.642589],[13.021629,47.642761],[13.022246,47.642955],[13.022582,47.64309],[13.023155,47.643403],[13.023894,47.643852],[13.024234,47.644032],[13.024598,47.644194],[13.024886,47.644297],[13.025205,47.644391],[13.025608,47.644481],[13.027405,47.644762],[13.028004,47.644915],[13.028556,47.64511],[13.028926,47.64528],[13.029264,47.645475],[13.029568,47.645689],[13.029701,47.645809],[13.02987,47.645961],[13.030087,47.646169],[13.030621,47.646692],[13.031134,47.647144],[13.031518,47.647442],[13.032144,47.647884],[13.03273,47.648249],[13.034067,47.648949],[13.034861,47.649376],[13.035031,47.64947],[13.035429,47.64976],[13.035673,47.649969],[13.036093,47.650399],[13.036273,47.6506],[13.036815,47.651258],[13.036999,47.651456],[13.037337,47.651793],[13.037608,47.65204],[13.037744,47.652157],[13.03789,47.652282],[13.038083,47.652436],[13.038422,47.652689],[13.039105,47.653146],[13.039236,47.65323],[13.039473,47.653382],[13.039929,47.653627],[13.040418,47.653898],[13.04092,47.654198],[13.041164,47.654373],[13.041371,47.654541],[13.041543,47.654714],[13.041706,47.654952],[13.041797,47.655134],[13.041867,47.655361],[13.041891,47.655635],[13.042341,47.655566],[13.042635,47.655553],[13.043075,47.655552],[13.043376,47.655567],[13.043587,47.655626],[13.043833,47.655725],[13.045108,47.656362],[13.045367,47.656473],[13.046105,47.656711],[13.046643,47.656973],[13.046778,47.657025],[13.047237,47.657164],[13.047446,47.657212],[13.048024,47.657262],[13.048162,47.657309],[13.04821,47.657345],[13.04824,47.657405],[13.048259,47.657553],[13.048224,47.658024],[13.048339,47.658326],[13.048388,47.658764],[13.048484,47.658965],[13.048629,47.659134],[13.04908,47.65948],[13.049736,47.660051],[13.050369,47.660725],[13.050575,47.660881],[13.050898,47.661053],[13.051001,47.661107],[13.052403,47.662043],[13.052676,47.662286],[13.052799,47.662413],[13.053085,47.662838],[13.053142,47.66293],[13.053593,47.663481],[13.053888,47.663829],[13.05404,47.664056],[13.054073,47.664148],[13.054178,47.664783],[13.054293,47.665468],[13.054383,47.665719],[13.054846,47.666488],[13.055019,47.666734],[13.05533,47.667118],[13.055516,47.667484],[13.055691,47.667711],[13.055868,47.667847],[13.05703,47.668571],[13.057321,47.668775],[13.057411,47.668869],[13.057832,47.669238],[13.058325,47.66955],[13.060504,47.670503],[13.061374,47.670968],[13.061824,47.671165],[13.062222,47.671299],[13.063363,47.671568],[13.063804,47.671769],[13.064708,47.672247],[13.065023,47.672451],[13.065173,47.672594],[13.065353,47.67282],[13.065511,47.673061],[13.065625,47.673159],[13.06576,47.673234],[13.066855,47.673635],[13.067869,47.674082],[13.068083,47.674175],[13.068318,47.674248],[13.069123,47.674455],[13.06936,47.674557],[13.069501,47.67464],[13.06954,47.674687],[13.069682,47.674807],[13.070275,47.675115],[13.07056,47.675292],[13.071471,47.67574],[13.071651,47.67581],[13.071921,47.675871],[13.072646,47.675973],[13.072927,47.676002],[13.073206,47.67602],[13.073638,47.676043],[13.073919,47.676055],[13.074265,47.676101],[13.074384,47.676118],[13.074724,47.676202],[13.07493,47.67623],[13.075266,47.676213],[13.075693,47.676153],[13.076052,47.676129],[13.076993,47.675991],[13.077302,47.675967],[13.077848,47.675973],[13.078064,47.67599],[13.078126,47.675995],[13.078791,47.676058],[13.079144,47.676067],[13.080061,47.675999],[13.08111,47.675977],[13.081244,47.675992],[13.081327,47.676016],[13.081641,47.67618],[13.082322,47.676583],[13.082394,47.676636],[13.08247,47.676684],[13.082884,47.676719],[13.083038,47.677084],[13.083202,47.677324],[13.083341,47.677451],[13.083457,47.67752],[13.083738,47.677618],[13.083909,47.677647],[13.084217,47.677641],[13.084446,47.67758],[13.084662,47.677487],[13.085098,47.677154],[13.085319,47.677002],[13.085558,47.67691],[13.085812,47.676886],[13.085966,47.676897],[13.086086,47.676925],[13.086316,47.677013],[13.086431,47.677078],[13.086544,47.677168],[13.087098,47.677722],[13.087701,47.678178],[13.087893,47.678353],[13.088145,47.67867],[13.088284,47.678973],[13.088303,47.679201],[13.088226,47.679535],[13.088217,47.679861],[13.088233,47.680079],[13.088209,47.680183],[13.088106,47.680316],[13.087907,47.680458],[13.087783,47.680576],[13.087732,47.680697],[13.087741,47.680767],[13.087781,47.680829],[13.087902,47.680923],[13.088019,47.680968],[13.08813,47.680989],[13.088367,47.680992],[13.088729,47.680928],[13.088875,47.680918],[13.088943,47.680918],[13.089174,47.680927],[13.08938,47.680935],[13.089519,47.680924],[13.089847,47.680856],[13.089895,47.680844],[13.090071,47.680816],[13.090164,47.680819],[13.090266,47.68084],[13.090453,47.68094],[13.090553,47.681051],[13.090566,47.681186],[13.090532,47.681309],[13.090395,47.68172],[13.090307,47.681918],[13.090212,47.682073],[13.089991,47.682361],[13.089769,47.682666],[13.089418,47.683215],[13.088798,47.684006],[13.088619,47.684297],[13.088507,47.684595],[13.088436,47.684737],[13.088245,47.684982],[13.087921,47.68527],[13.087835,47.685374],[13.087731,47.685552],[13.087674,47.685737],[13.087694,47.686288],[13.08764,47.686454],[13.087532,47.686617],[13.087448,47.68669],[13.087326,47.686756],[13.087242,47.686783],[13.087153,47.686788],[13.087055,47.686776],[13.086919,47.686713],[13.087626,47.686122],[13.087829,47.685911],[13.088152,47.685578],[13.088775,47.685152],[13.089026,47.684934],[13.089238,47.684793],[13.089394,47.684728],[13.089725,47.684654],[13.089861,47.684641],[13.090118,47.684656],[13.090866,47.684838],[13.090959,47.684848],[13.091062,47.68484],[13.091368,47.684751],[13.09153,47.684729],[13.091665,47.684768],[13.091758,47.684845],[13.091934,47.68511],[13.09221,47.685306],[13.092303,47.685322],[13.092371,47.68539],[13.092434,47.685376],[13.092434,47.685312],[13.092558,47.6853],[13.093128,47.685147],[13.093192,47.685129],[13.093764,47.684971],[13.094031,47.684851],[13.094596,47.684521],[13.095258,47.68402],[13.095379,47.683931],[13.095825,47.683586],[13.095904,47.683529],[13.095961,47.683489],[13.096145,47.683334],[13.096241,47.683248],[13.096487,47.683043],[13.096533,47.683058],[13.096594,47.683078],[13.096671,47.683049],[13.09674,47.683042],[13.096869,47.683061],[13.097483,47.683252],[13.097697,47.68327],[13.097697,47.683229],[13.097835,47.683237],[13.098205,47.683247],[13.098288,47.683244],[13.098433,47.683237],[13.098707,47.683188],[13.09892,47.683124],[13.099015,47.683091],[13.099051,47.683077],[13.099298,47.682973],[13.099661,47.682807],[13.099728,47.682731],[13.099833,47.682703],[13.099908,47.682711],[13.100012,47.68277],[13.10002,47.682859],[13.100364,47.683207],[13.100539,47.683351],[13.101708,47.684281],[13.101996,47.684439],[13.102207,47.684506],[13.10227,47.684496],[13.102428,47.684534],[13.10249,47.684577],[13.102523,47.684636],[13.102672,47.684716],[13.102864,47.684777],[13.103826,47.685021],[13.104317,47.685164],[13.104837,47.685375],[13.105283,47.685548],[13.10547,47.68562],[13.105661,47.685704],[13.106303,47.686001],[13.106802,47.686252],[13.107889,47.686735],[13.107973,47.68677],[13.108086,47.686793],[13.108172,47.686777],[13.108264,47.686782],[13.108346,47.686809],[13.10841,47.686852],[13.108435,47.686928],[13.10843,47.686983],[13.10857,47.687069],[13.109751,47.687653],[13.10995,47.687711],[13.110819,47.688032],[13.111429,47.688226],[13.111898,47.688346],[13.112221,47.688403],[13.112646,47.688435],[13.113098,47.688403],[13.113451,47.688328],[13.113852,47.688194],[13.114152,47.688137],[13.114693,47.687823],[13.115816,47.687103],[13.116431,47.686652],[13.117019,47.686178],[13.117494,47.685768],[13.118109,47.685181],[13.118705,47.684533],[13.119556,47.683512],[13.120063,47.682861],[13.120675,47.682041],[13.121399,47.680988],[13.122306,47.679518],[13.123247,47.677832],[13.124005,47.676423],[13.124041,47.676355],[13.125742,47.67303],[13.125788,47.672936],[13.126409,47.671684],[13.127039,47.670355],[13.128305,47.66759],[13.128334,47.667516],[13.128758,47.666481],[13.129094,47.665596],[13.129399,47.664709],[13.129744,47.66359],[13.129772,47.663486],[13.13027,47.661752],[13.130535,47.661003],[13.130825,47.66034],[13.131104,47.659814],[13.131147,47.65974],[13.13153,47.659144],[13.132144,47.658386],[13.132435,47.658074],[13.133883,47.656658],[13.133959,47.65658],[13.134675,47.655787],[13.135142,47.655155],[13.135582,47.654383],[13.135767,47.654002],[13.135982,47.653423],[13.136122,47.652924],[13.136288,47.652224],[13.136516,47.650926],[13.136605,47.650289],[13.136688,47.649331],[13.136745,47.647802],[13.136699,47.646453],[13.136607,47.645401],[13.136535,47.644877],[13.136268,47.643365],[13.135963,47.642059],[13.135752,47.641263],[13.135643,47.640887],[13.1353,47.639862],[13.135103,47.639289],[13.134769,47.638417],[13.134165,47.636965],[13.133511,47.635538],[13.132932,47.634408],[13.132444,47.633512],[13.132054,47.632767],[13.13191,47.632433],[13.131804,47.632124],[13.131642,47.63151],[13.13156,47.630948],[13.131545,47.630507],[13.131569,47.630059],[13.131636,47.629553],[13.131773,47.629064],[13.131937,47.628605],[13.132132,47.628167],[13.132172,47.62809],[13.132338,47.627793],[13.132593,47.627409],[13.133021,47.626854],[13.133498,47.626313],[13.134084,47.62572],[13.13479,47.625082],[13.134876,47.624996],[13.136536,47.623562],[13.136994,47.62312],[13.137328,47.622753],[13.137768,47.622184],[13.137965,47.621879],[13.138161,47.62153],[13.13836,47.621114],[13.1386,47.620366],[13.138692,47.619972],[13.138757,47.619312],[13.138739,47.61866],[13.138532,47.61713],[13.138569,47.616511],[13.138624,47.616143],[13.138707,47.615773],[13.138864,47.615291],[13.139008,47.614964],[13.13904,47.614889],[13.139229,47.614524],[13.139401,47.614248],[13.139695,47.613833],[13.139927,47.613549],[13.140302,47.613142],[13.14058,47.612884],[13.141491,47.612122],[13.141774,47.611887],[13.142935,47.610943],[13.143998,47.60999],[13.144755,47.609234],[13.145464,47.608459],[13.146214,47.607555],[13.146899,47.606636],[13.147866,47.605145],[13.147921,47.60505],[13.148151,47.604659],[13.148846,47.603314],[13.149057,47.602888],[13.149922,47.60085],[13.150561,47.599032],[13.150584,47.598947],[13.150867,47.597964],[13.151218,47.596621],[13.151282,47.59634],[13.151692,47.594743],[13.152034,47.593571],[13.152461,47.592321],[13.152606,47.591914],[13.153038,47.590832],[13.153858,47.588992],[13.153902,47.588906],[13.154324,47.58806],[13.154722,47.587318],[13.154966,47.586868],[13.155268,47.586359],[13.155483,47.585984],[13.156332,47.584634],[13.157784,47.58251],[13.157943,47.582275],[13.158103,47.582039],[13.158204,47.581898],[13.159316,47.580283],[13.159627,47.579833],[13.159858,47.579495],[13.160364,47.578837],[13.160918,47.57824],[13.161016,47.578149],[13.161373,47.577823],[13.161984,47.577338],[13.162519,47.576972],[13.163063,47.576635],[13.16458,47.575696],[13.166007,47.574678],[13.167069,47.573738],[13.168011,47.572722],[13.168567,47.571997],[13.16907,47.571222],[13.169496,47.570479],[13.169825,47.569669],[13.17102,47.56633],[13.171135,47.565985],[13.171504,47.564937],[13.171554,47.564797],[13.172409,47.562348],[13.172619,47.561637],[13.172796,47.560948],[13.173112,47.559431],[13.1733,47.557699],[13.174243,47.547084],[13.174319,47.546178],[13.174324,47.546085],[13.17442,47.544994],[13.174458,47.544259],[13.174453,47.54362],[13.174418,47.543045],[13.174361,47.542483],[13.174351,47.542379],[13.174255,47.541772],[13.174146,47.54124],[13.173918,47.540401],[13.173839,47.540134],[13.173509,47.539241],[13.173289,47.538714],[13.172771,47.537699],[13.172589,47.537376],[13.172417,47.537083],[13.172064,47.536535],[13.171578,47.535827],[13.17083,47.534717],[13.170581,47.534338],[13.170224,47.533754],[13.169814,47.532933],[13.169629,47.532471],[13.169477,47.532005],[13.169295,47.531234],[13.169172,47.530467],[13.169044,47.529066],[13.16903,47.528809],[13.168993,47.527849],[13.16899,47.526932],[13.169014,47.526076],[13.169074,47.524179],[13.169138,47.522067],[13.169267,47.518195],[13.169384,47.517214],[13.169443,47.516922],[13.169693,47.51597],[13.169895,47.515405],[13.170081,47.514961],[13.170437,47.514233],[13.171298,47.512624],[13.171454,47.512323],[13.172003,47.511136],[13.172855,47.508824],[13.17327,47.50804],[13.173534,47.507646],[13.173823,47.507259],[13.174191,47.506837],[13.174571,47.506449],[13.175174,47.505924],[13.175863,47.505372],[13.176524,47.504833],[13.176839,47.504549],[13.177457,47.503915],[13.178067,47.50313],[13.178345,47.5027],[13.178636,47.502188],[13.17891,47.50164],[13.179403,47.500535],[13.179823,47.499419],[13.180216,47.498066],[13.180406,47.497212],[13.180687,47.495694],[13.180809,47.495135],[13.180901,47.494833],[13.180966,47.494642],[13.181009,47.494518],[13.181185,47.49408],[13.181575,47.493378],[13.181887,47.492911],[13.18217,47.492537],[13.183458,47.491165],[13.184632,47.490143],[13.185466,47.489556],[13.18678,47.488807],[13.187617,47.488388],[13.187761,47.488317],[13.188374,47.488016],[13.189228,47.487583],[13.190079,47.48712],[13.19063,47.486783],[13.190945,47.486578],[13.191381,47.486267],[13.191944,47.485816],[13.192358,47.48544],[13.192643,47.485159],[13.193168,47.484553],[13.193482,47.484146],[13.193922,47.483453],[13.194436,47.482456],[13.195792,47.479707],[13.196203,47.478856],[13.196537,47.478004],[13.196962,47.476681],[13.197938,47.472709],[13.197964,47.472609],[13.198072,47.472231],[13.198318,47.471639],[13.198462,47.471347],[13.198524,47.471207],[13.19855,47.471158],[13.199054,47.470347],[13.199225,47.470104],[13.199519,47.469743],[13.200197,47.469017],[13.200888,47.468392],[13.201682,47.467716],[13.202233,47.467243],[13.202683,47.466838],[13.203106,47.466389],[13.203454,47.46595],[13.203779,47.465506],[13.204163,47.464914],[13.205373,47.462896],[13.205743,47.462321],[13.206035,47.461919],[13.206355,47.461519],[13.206847,47.460986],[13.20739,47.460475],[13.207977,47.459997],[13.208661,47.459505],[13.209008,47.459283],[13.21133,47.457833],[13.212067,47.457308],[13.212499,47.456953],[13.213118,47.456396],[13.214152,47.455357],[13.215074,47.454387],[13.215835,47.453546],[13.216403,47.452863],[13.216915,47.45217],[13.217239,47.451636],[13.217515,47.451091],[13.217816,47.450212],[13.217957,47.449494],[13.217994,47.449027],[13.217996,47.448727],[13.217944,47.447292],[13.217935,47.446808],[13.217957,47.446353],[13.218102,47.445495],[13.218338,47.444726],[13.218452,47.444436],[13.218692,47.443931],[13.218833,47.443668],[13.219141,47.443177],[13.21948,47.442707],[13.21995,47.44217],[13.220463,47.441644],[13.221499,47.440795],[13.222119,47.440367],[13.222574,47.440097],[13.223301,47.43971],[13.223787,47.439475],[13.224543,47.439154],[13.225703,47.438745],[13.226273,47.438574],[13.226932,47.438399],[13.227608,47.438252],[13.22864,47.438075],[13.229171,47.438005],[13.230249,47.437912],[13.231674,47.437881],[13.232763,47.437917],[13.234559,47.438072],[13.235289,47.43814],[13.235972,47.438176],[13.236618,47.438179],[13.237317,47.438143],[13.237898,47.438088],[13.238333,47.438031],[13.239321,47.437847],[13.240378,47.437554],[13.241024,47.437323],[13.241534,47.437112],[13.24204,47.436875],[13.242353,47.436728],[13.243108,47.436379],[13.243825,47.436105],[13.244205,47.43598],[13.245097,47.43575],[13.245888,47.435604],[13.246462,47.435524],[13.247532,47.435403],[13.249115,47.435246],[13.250427,47.435067],[13.251693,47.43484],[13.253993,47.43437],[13.254877,47.434235],[13.256102,47.434099],[13.256924,47.43406],[13.263636,47.433832],[13.264789,47.433816],[13.267413,47.433899],[13.267944,47.433904],[13.269217,47.433901],[13.270132,47.433858],[13.270974,47.433786],[13.271898,47.433677],[13.272798,47.433534],[13.27343,47.433419],[13.274047,47.433286],[13.274836,47.433081],[13.275602,47.432857],[13.276172,47.432667],[13.278669,47.431768],[13.280121,47.431286],[13.281489,47.430903],[13.282241,47.430727],[13.28302,47.430567],[13.283925,47.43041],[13.284575,47.430314],[13.285663,47.430191],[13.288608,47.429929],[13.289597,47.429824],[13.290782,47.429648],[13.291589,47.429475],[13.291989,47.429379],[13.292777,47.429142],[13.293304,47.428957],[13.293803,47.428755],[13.294645,47.428352],[13.295144,47.428077],[13.29562,47.42779],[13.296206,47.427379],[13.296756,47.42696],[13.298544,47.425544],[13.299393,47.42493],[13.300136,47.424413],[13.300713,47.424053],[13.301679,47.423485],[13.302229,47.42318],[13.304088,47.422245],[13.306039,47.421375],[13.307248,47.420866],[13.308532,47.420368],[13.309168,47.420125],[13.310477,47.419671],[13.311146,47.419456],[13.311833,47.419257],[13.312558,47.419088],[13.313307,47.418954],[13.314065,47.418861],[13.314848,47.418805],[13.315579,47.418797],[13.316133,47.418811],[13.316565,47.418837],[13.317188,47.418903],[13.317878,47.419016],[13.318799,47.4192],[13.318931,47.419228],[13.320593,47.41964],[13.321768,47.419972],[13.322787,47.420282],[13.323624,47.420563],[13.325449,47.421228],[13.326899,47.42181],[13.331078,47.423584],[13.332085,47.423984],[13.332798,47.424228],[13.333762,47.424506],[13.334786,47.424752],[13.335507,47.424897],[13.336152,47.425002],[13.337029,47.425126],[13.338218,47.425262],[13.338904,47.425347],[13.339616,47.425446],[13.339786,47.425473],[13.341019,47.425706],[13.342691,47.426075],[13.34333,47.4262],[13.34396,47.426304],[13.344921,47.426409],[13.345917,47.426448],[13.346801,47.426427],[13.347354,47.426388],[13.347838,47.426339],[13.34878,47.426199],[13.349436,47.426059],[13.350131,47.42588],[13.351136,47.42555],[13.353226,47.42473],[13.354148,47.424433],[13.354813,47.424277],[13.355479,47.424146],[13.356433,47.424025],[13.357272,47.423969],[13.358124,47.423962],[13.361172,47.424028],[13.362772,47.423981],[13.364247,47.423874],[13.366395,47.423588],[13.368671,47.423253],[13.370987,47.422996],[13.3743,47.422709],[13.375513,47.422565],[13.377139,47.422315],[13.377659,47.422224],[13.378734,47.421996],[13.379111,47.421912],[13.380739,47.421484],[13.381566,47.421238],[13.382596,47.420894],[13.383275,47.420633],[13.383822,47.420399],[13.384464,47.420071],[13.385003,47.419748],[13.385457,47.41943],[13.385719,47.419222],[13.386017,47.41897],[13.386269,47.418729],[13.386615,47.418361],[13.386853,47.418061],[13.387098,47.417707],[13.387455,47.417043],[13.387622,47.416634],[13.387737,47.416222],[13.387955,47.414946],[13.388111,47.414179],[13.388256,47.413699],[13.388414,47.41334],[13.388691,47.412832],[13.388913,47.412504],[13.389123,47.41223],[13.389574,47.411724],[13.390265,47.411111],[13.390533,47.410897],[13.391248,47.410325],[13.391732,47.409907],[13.392147,47.409493],[13.392369,47.409225],[13.392747,47.408672],[13.392989,47.408223],[13.393176,47.407737],[13.39333,47.407256],[13.393662,47.405928],[13.393973,47.404504],[13.394237,47.403072],[13.39435,47.402301],[13.394482,47.401442],[13.394546,47.40096],[13.394695,47.399922],[13.394842,47.399179],[13.394894,47.398954],[13.395134,47.398101],[13.395486,47.397135],[13.395841,47.396304],[13.396188,47.395582],[13.396673,47.394668],[13.397535,47.393126],[13.398021,47.392284],[13.398315,47.391779],[13.399131,47.390348],[13.399579,47.389557],[13.399812,47.389133],[13.400358,47.388031],[13.400969,47.386593],[13.40125,47.385751],[13.401458,47.384942],[13.401591,47.384125],[13.401656,47.383291],[13.401633,47.382545],[13.401551,47.381869],[13.401379,47.38115],[13.401309,47.380918],[13.401144,47.380447],[13.400863,47.379857],[13.400465,47.379193],[13.400254,47.378887],[13.399706,47.378179],[13.399266,47.37767],[13.398648,47.377009],[13.397948,47.376283],[13.39739,47.375698],[13.396797,47.375066],[13.396332,47.374538],[13.395987,47.374108],[13.39543,47.373313],[13.395085,47.37267],[13.394896,47.372227],[13.394728,47.371631],[13.394626,47.371161],[13.394571,47.370676],[13.394562,47.370177],[13.394587,47.369711],[13.394698,47.368931],[13.394914,47.368048],[13.39502,47.367713],[13.395327,47.366834],[13.396037,47.365081],[13.396145,47.364816],[13.396343,47.364332],[13.396797,47.363144],[13.39703,47.36247],[13.397314,47.361391],[13.397379,47.361063],[13.397555,47.359995],[13.397608,47.359313],[13.397628,47.359115],[13.397627,47.358192],[13.397568,47.357285],[13.397413,47.356135],[13.397389,47.355996],[13.397176,47.354714],[13.397013,47.353475],[13.396956,47.352737],[13.396924,47.352002],[13.396918,47.351287],[13.396926,47.34905],[13.39684,47.34771],[13.396692,47.346546],[13.396433,47.344698],[13.395787,47.340303],[13.395708,47.339901],[13.395449,47.338901],[13.395217,47.338254],[13.395057,47.337842],[13.394638,47.336868],[13.394272,47.335887],[13.394089,47.335248],[13.393975,47.334744],[13.393886,47.334184],[13.393803,47.333453],[13.393784,47.333],[13.393855,47.332072],[13.393986,47.33132],[13.394607,47.328704],[13.394798,47.327695],[13.394816,47.327558],[13.394901,47.326624],[13.394889,47.325863],[13.394816,47.325046],[13.394353,47.322529],[13.394303,47.321722],[13.394299,47.32139],[13.394387,47.320571],[13.394486,47.320105],[13.39457,47.319765],[13.394788,47.319121],[13.395213,47.31822],[13.39585,47.317107],[13.395944,47.316978],[13.396066,47.316762],[13.396205,47.316488],[13.396453,47.315846],[13.396547,47.315477],[13.396609,47.315112],[13.396642,47.31472],[13.396634,47.31433],[13.396595,47.314017],[13.396518,47.313536],[13.396241,47.312764],[13.395909,47.312146],[13.395275,47.311291],[13.39432,47.3101],[13.393809,47.309453],[13.39346,47.308903],[13.393309,47.308613],[13.393119,47.3082],[13.392981,47.307756],[13.39286,47.307186],[13.392379,47.303555],[13.392212,47.302416],[13.392163,47.301764],[13.392148,47.301039],[13.392206,47.300436],[13.392268,47.29997],[13.392516,47.298956],[13.392656,47.298563],[13.393085,47.297528],[13.393463,47.29675],[13.393774,47.296168],[13.39428,47.295327],[13.394724,47.294669],[13.395232,47.293955],[13.395886,47.29312],[13.39678,47.292064],[13.396903,47.29193],[13.397141,47.291663],[13.397502,47.291271],[13.398766,47.289992],[13.399345,47.289434],[13.399563,47.289217],[13.400384,47.288392],[13.4052,47.283432],[13.405826,47.282853],[13.406733,47.282137],[13.407583,47.281586],[13.409118,47.280656],[13.409684,47.280243],[13.410271,47.279733],[13.410784,47.27917],[13.411113,47.278726],[13.411377,47.278272],[13.411596,47.277817],[13.411747,47.277362],[13.411844,47.276968],[13.411905,47.276571],[13.411969,47.275568],[13.412054,47.274473],[13.412192,47.273596],[13.41241,47.272643],[13.412742,47.271597],[13.413131,47.270647],[13.413626,47.269604],[13.414362,47.268163],[13.414665,47.267452],[13.414834,47.266923],[13.415005,47.266025],[13.415093,47.264266],[13.415174,47.263572],[13.415257,47.263152],[13.415514,47.262311],[13.415862,47.261543],[13.416308,47.260799],[13.416623,47.260367],[13.416966,47.259948],[13.417347,47.259541],[13.417759,47.259149],[13.418575,47.258426],[13.419263,47.257778],[13.419508,47.257512],[13.419772,47.257184],[13.420175,47.256616],[13.420348,47.25631],[13.420846,47.255245],[13.421101,47.254682],[13.421297,47.254243],[13.421726,47.253312],[13.421887,47.253006],[13.422152,47.252573],[13.422397,47.25224],[13.422864,47.251685],[13.423219,47.251331],[13.423615,47.25098],[13.424733,47.2501],[13.425133,47.249747],[13.425579,47.24927],[13.425724,47.249077],[13.425921,47.248793],[13.42615,47.248392],[13.426326,47.247971],[13.426456,47.247554],[13.42653,47.247179],[13.426553,47.246912],[13.426546,47.246435],[13.426481,47.245905],[13.426443,47.245742],[13.426344,47.245387],[13.426284,47.24521],[13.426148,47.244918],[13.425978,47.24461],[13.425574,47.24405],[13.425329,47.243777],[13.425103,47.243558],[13.423912,47.242511],[13.423704,47.242313],[13.42346,47.242044],[13.423008,47.241486],[13.422644,47.240872],[13.422031,47.23947],[13.421088,47.237101],[13.420976,47.23676],[13.420887,47.236423],[13.420835,47.236111],[13.420813,47.235762],[13.420833,47.23539],[13.420873,47.235101],[13.420966,47.234548],[13.429872,47.193026],[13.429997,47.192532],[13.430278,47.1916],[13.430412,47.191234],[13.430735,47.190504],[13.431165,47.189721],[13.431381,47.189368],[13.431616,47.189006],[13.432154,47.188282],[13.432771,47.187568],[13.433453,47.186861],[13.438548,47.181915],[13.439434,47.181051],[13.440442,47.18007],[13.441066,47.179518],[13.441688,47.179088],[13.442211,47.178788],[13.443678,47.178006],[13.444431,47.177583],[13.444778,47.177358],[13.445122,47.177116],[13.445573,47.176757],[13.447946,47.174811],[13.448939,47.174047],[13.449331,47.173798],[13.450053,47.173416],[13.450745,47.173108],[13.451498,47.172845],[13.452176,47.172652],[13.454875,47.172086],[13.455513,47.171926],[13.456476,47.171646],[13.458138,47.17107],[13.458515,47.170926],[13.462146,47.169617],[13.462775,47.169363],[13.463319,47.169072],[13.463739,47.16882],[13.464377,47.168349],[13.4647,47.168069],[13.464979,47.167768],[13.465287,47.167367],[13.465866,47.166534],[13.466183,47.16613],[13.466462,47.165832],[13.466774,47.165541],[13.467176,47.165215],[13.467613,47.164916],[13.468023,47.164678],[13.468429,47.164468],[13.468834,47.164286],[13.46949,47.164039],[13.469944,47.163897],[13.470629,47.163724],[13.471121,47.163626],[13.472161,47.163497],[13.475001,47.163347],[13.476076,47.163273],[13.476753,47.1632],[13.477,47.163167],[13.478063,47.162947],[13.478918,47.162696],[13.479374,47.162534],[13.479832,47.162345],[13.480467,47.162038],[13.480582,47.161975],[13.481044,47.161713],[13.481743,47.161232],[13.481951,47.161062],[13.482631,47.160484],[13.483003,47.160185],[13.483564,47.159809],[13.484204,47.159463],[13.484886,47.159164],[13.485521,47.158943],[13.486166,47.158763],[13.486773,47.158625],[13.487302,47.158527],[13.487881,47.158394],[13.488378,47.15825],[13.489052,47.158004],[13.48944,47.157843],[13.490011,47.157559],[13.491143,47.156892],[13.491677,47.156605],[13.492288,47.156338],[13.492675,47.156196],[13.493517,47.155943],[13.494191,47.155799],[13.494857,47.1557],[13.495537,47.155632],[13.499567,47.155399],[13.50032,47.155351],[13.501509,47.155208],[13.502536,47.154961],[13.503276,47.154672],[13.503692,47.154489],[13.504076,47.154294],[13.504395,47.154103],[13.505004,47.153684],[13.50545,47.153283],[13.505637,47.153101],[13.505919,47.152785],[13.506649,47.151814],[13.506863,47.151597],[13.507272,47.15123],[13.507585,47.15098],[13.507933,47.150749],[13.508952,47.150177],[13.510681,47.149284],[13.511271,47.149006],[13.511771,47.148803],[13.512314,47.14862],[13.515542,47.147617],[13.516745,47.147231],[13.517213,47.147065],[13.51827,47.146644],[13.518896,47.146362],[13.519467,47.14609],[13.520077,47.145735],[13.520725,47.145325],[13.521388,47.144868],[13.523264,47.143376],[13.523834,47.142975],[13.524311,47.142681],[13.524824,47.142417],[13.525347,47.142172],[13.525858,47.141972],[13.526926,47.141622],[13.528854,47.141026],[13.5295,47.140777],[13.530225,47.140453],[13.533184,47.139083],[13.534078,47.138709],[13.534705,47.138494],[13.535784,47.138155],[13.536855,47.137825],[13.538715,47.137184],[13.539823,47.136759],[13.541207,47.136162],[13.542011,47.135782],[13.542136,47.135718],[13.542998,47.135287],[13.54354,47.134995],[13.544105,47.13467],[13.544788,47.134266],[13.545268,47.133981],[13.545947,47.133534],[13.546164,47.133401],[13.55164,47.129774],[13.55232,47.129323],[13.552682,47.129108],[13.553178,47.128846],[13.554024,47.128452],[13.554783,47.12817],[13.557146,47.12744],[13.557987,47.127159],[13.558837,47.126834],[13.560108,47.126287],[13.561088,47.125801],[13.562018,47.12528],[13.563301,47.124475],[13.563961,47.124047],[13.565907,47.122795],[13.56677,47.122272],[13.567749,47.121705],[13.568904,47.12107],[13.570083,47.120458],[13.571801,47.119624],[13.573387,47.118921],[13.574514,47.11845],[13.575358,47.11812],[13.577034,47.117502],[13.580295,47.116401],[13.581136,47.116073],[13.58197,47.115718],[13.582909,47.115265],[13.583475,47.114962],[13.583898,47.114726],[13.585689,47.113574],[13.587072,47.112619],[13.58946,47.110918],[13.590579,47.110087],[13.590937,47.109813],[13.592161,47.108877],[13.594004,47.107411],[13.594385,47.107106],[13.596148,47.105618],[13.596945,47.104854],[13.597632,47.104073],[13.598367,47.103094],[13.598707,47.102627],[13.599081,47.102122],[13.599771,47.101344],[13.600526,47.100655],[13.601466,47.099953],[13.601958,47.099643],[13.60268,47.099233],[13.605252,47.098003],[13.605795,47.097688],[13.606386,47.097307],[13.606738,47.097036],[13.60703,47.096802],[13.607355,47.09651],[13.607907,47.095951],[13.608053,47.095789],[13.608251,47.095538],[13.608301,47.095475],[13.608452,47.09528],[13.608496,47.095217],[13.608699,47.094913],[13.608844,47.094643],[13.608901,47.094546],[13.609002,47.094237],[13.609116,47.093784],[13.609141,47.093572],[13.609171,47.093103],[13.609093,47.092527],[13.609023,47.092294],[13.608858,47.091893],[13.608254,47.09071],[13.607747,47.089807],[13.607101,47.08855],[13.606909,47.088114],[13.60679,47.087666],[13.606704,47.087157],[13.606656,47.086652],[13.606553,47.086085],[13.606331,47.085542],[13.60591,47.084871],[13.605641,47.084559],[13.605142,47.084089],[13.603594,47.082998],[13.602398,47.082032],[13.601971,47.081702],[13.601683,47.081495],[13.60116,47.081161],[13.600453,47.080842],[13.599796,47.080588],[13.599064,47.08038],[13.597729,47.080029],[13.597261,47.079872],[13.596922,47.079736],[13.596234,47.079419],[13.59559,47.079049],[13.594874,47.078494],[13.594375,47.078013],[13.593945,47.077458],[13.593562,47.076885],[13.593207,47.076192],[13.592783,47.074977],[13.591738,47.070141],[13.590995,47.066553],[13.59051,47.063801],[13.590367,47.062462],[13.590311,47.060625],[13.590387,47.05905],[13.590561,47.05744],[13.592668,47.045937],[13.593209,47.04312],[13.593484,47.041711],[13.593808,47.0403],[13.594287,47.0389],[13.594874,47.037512],[13.595561,47.036121],[13.59639,47.034764],[13.597207,47.033537],[13.598147,47.032366],[13.599103,47.031256],[13.600177,47.030068],[13.600941,47.02932],[13.60124,47.029031],[13.601505,47.028784],[13.60166,47.028641],[13.601998,47.028331],[13.602341,47.028016],[13.603194,47.027274],[13.604244,47.026416],[13.60477,47.026013],[13.605032,47.025814],[13.605394,47.025546],[13.605878,47.025202],[13.606883,47.024529],[13.607204,47.024319],[13.608815,47.023335],[13.609731,47.022777],[13.610865,47.022039],[13.611679,47.021467],[13.613008,47.020404],[13.61351,47.019951],[13.614345,47.01913],[13.61505,47.018356],[13.615645,47.017611],[13.616267,47.016755],[13.616808,47.015866],[13.617288,47.01496],[13.617717,47.014015],[13.618165,47.012952],[13.61895,47.010925],[13.61945,47.009445],[13.619723,47.008517],[13.619809,47.008179],[13.620129,47.006852],[13.620424,47.005066],[13.620526,47.004125],[13.620597,47.003183],[13.620617,47.002019],[13.620558,47.001321],[13.62047,47.000813],[13.6203,47.00018],[13.620097,46.999554],[13.619902,46.998858],[13.619819,46.998427],[13.619782,46.997998],[13.619827,46.997326],[13.619857,46.997177],[13.619956,46.996776],[13.620106,46.996376],[13.620274,46.99603],[13.620433,46.995742],[13.621538,46.994132],[13.621768,46.993717],[13.621989,46.993199],[13.622233,46.992331],[13.62266,46.990368],[13.622902,46.989383],[13.623746,46.986357],[13.623874,46.985547],[13.623922,46.984754],[13.623896,46.984174],[13.623841,46.983601],[13.623598,46.982398],[13.623564,46.982209],[13.623401,46.981398],[13.623265,46.980516],[13.623211,46.979807],[13.623185,46.978838],[13.623186,46.976997],[13.623172,46.971733],[13.623078,46.970693],[13.62289,46.969909],[13.622752,46.969496],[13.621695,46.966978],[13.621521,46.966488],[13.621395,46.966032],[13.621289,46.965369],[13.621199,46.963957],[13.621059,46.962875],[13.62095,46.962435],[13.620802,46.962069],[13.620609,46.961699],[13.620412,46.961374],[13.619917,46.960774],[13.619487,46.960355],[13.618977,46.959941],[13.618558,46.959635],[13.617253,46.95873],[13.616667,46.958273],[13.616186,46.957851],[13.61578,46.957414],[13.615402,46.956896],[13.615194,46.956551],[13.614812,46.955636],[13.613662,46.952285],[13.612873,46.950105],[13.611042,46.945647],[13.609774,46.942285],[13.609451,46.941528],[13.608983,46.940567],[13.608672,46.940008],[13.608333,46.939458],[13.607598,46.93838],[13.607026,46.937651],[13.606419,46.936943],[13.605787,46.936271],[13.605123,46.935623],[13.604375,46.934948],[13.603569,46.934282],[13.602729,46.933649],[13.601679,46.93293],[13.600586,46.932248],[13.600027,46.931924],[13.599344,46.931542],[13.59865,46.931189],[13.59742,46.930595],[13.596206,46.930068],[13.594545,46.929337],[13.591439,46.927975],[13.590371,46.927473],[13.589364,46.926956],[13.588329,46.926371],[13.587335,46.925746],[13.586599,46.925247],[13.584768,46.92388],[13.583724,46.923106],[13.58336,46.922853],[13.582357,46.922248],[13.581434,46.921762],[13.580663,46.921409],[13.579708,46.921044],[13.578458,46.920636],[13.577281,46.920325],[13.573645,46.919467],[13.57066,46.918755],[13.568397,46.918208],[13.567228,46.917892],[13.566068,46.917531],[13.564643,46.917005],[13.563533,46.916514],[13.562608,46.916045],[13.561714,46.915541],[13.560768,46.914929],[13.559815,46.914256],[13.558102,46.912977],[13.557438,46.912513],[13.556756,46.912078],[13.555755,46.911523],[13.554851,46.91109],[13.554009,46.910736],[13.552988,46.910365],[13.551961,46.910038],[13.549896,46.909431],[13.549153,46.909195],[13.548273,46.908876],[13.547164,46.908374],[13.546214,46.907841],[13.545844,46.907586],[13.545344,46.907225],[13.544915,46.906874],[13.544524,46.906513],[13.544194,46.90617],[13.543559,46.905382],[13.543265,46.904958],[13.543084,46.904643],[13.542385,46.90324],[13.542053,46.90261],[13.541924,46.9024],[13.541573,46.901954],[13.541503,46.901869],[13.541295,46.90166],[13.540925,46.901346],[13.540504,46.901046],[13.539896,46.900695],[13.539212,46.900396],[13.538406,46.900129],[13.537815,46.899996],[13.537103,46.89989],[13.53653,46.899847],[13.535915,46.899817],[13.534974,46.899819],[13.53414,46.899819],[13.532714,46.899784],[13.532261,46.89975],[13.531474,46.899644],[13.531156,46.89958],[13.530653,46.899464],[13.530207,46.89934],[13.529592,46.899134],[13.528693,46.898742],[13.528089,46.8984],[13.527568,46.898049],[13.527081,46.897651],[13.526753,46.897343],[13.52478,46.895066],[13.523871,46.894274],[13.522754,46.893512],[13.521406,46.892638],[13.5208,46.892202],[13.520308,46.891786],[13.519813,46.89131],[13.519226,46.890575],[13.518054,46.888828],[13.517624,46.888216],[13.517084,46.887589],[13.516542,46.887069],[13.515961,46.886607],[13.515928,46.886586],[13.513594,46.885011],[13.512944,46.884459],[13.512529,46.884017],[13.512095,46.883485],[13.511824,46.883049],[13.511602,46.882602],[13.511328,46.881842],[13.510943,46.880036],[13.510747,46.879315],[13.51063,46.879011],[13.510437,46.878598],[13.510088,46.878039],[13.509568,46.877406],[13.509106,46.876948],[13.507964,46.875927],[13.507187,46.875149],[13.506706,46.874574],[13.506336,46.874],[13.506019,46.873349],[13.505871,46.87299],[13.505731,46.872477],[13.505642,46.871961],[13.505594,46.871459],[13.505458,46.868965],[13.505343,46.867931],[13.505311,46.867695],[13.505153,46.866847],[13.504903,46.865855],[13.504375,46.864269],[13.50391,46.863062],[13.503335,46.861665],[13.502688,46.860284],[13.501934,46.858945],[13.500741,46.857153],[13.500182,46.856317],[13.499712,46.855542],[13.499259,46.854678],[13.498962,46.853905],[13.498668,46.852867],[13.498494,46.852088],[13.498223,46.850507],[13.498132,46.849668],[13.49808,46.848818],[13.498078,46.84813],[13.498109,46.847418],[13.498319,46.845363],[13.498332,46.844814],[13.498304,46.844298],[13.498222,46.843795],[13.498082,46.843267],[13.497872,46.842706],[13.497437,46.841881],[13.49663,46.840567],[13.496127,46.839832],[13.49558,46.839109],[13.494992,46.838414],[13.494293,46.837707],[13.493579,46.837091],[13.491524,46.835508],[13.490609,46.834809],[13.489525,46.833993],[13.489327,46.833827],[13.489069,46.833627],[13.488412,46.833096],[13.487813,46.832592],[13.487425,46.832233],[13.486996,46.831812],[13.486568,46.831356],[13.486037,46.830718],[13.485608,46.830078],[13.485471,46.829857],[13.485184,46.829324],[13.484901,46.828593],[13.48474,46.827905],[13.484687,46.827466],[13.484661,46.827009],[13.484667,46.826731],[13.484676,46.826526],[13.484728,46.826112],[13.484743,46.825992],[13.484886,46.825402],[13.485038,46.82496],[13.485235,46.824506],[13.485495,46.824002],[13.485771,46.823546],[13.48603,46.82318],[13.486395,46.82271],[13.486743,46.822303],[13.487074,46.821954],[13.487389,46.821647],[13.487875,46.821193],[13.488338,46.820801],[13.488849,46.8204],[13.489653,46.819799],[13.490919,46.818959],[13.491993,46.818287],[13.492928,46.817727],[13.494066,46.817077],[13.495937,46.816073],[13.497997,46.815046],[13.499691,46.814264],[13.50218,46.81321],[13.50428,46.812396],[13.505303,46.812027],[13.506258,46.811695],[13.508844,46.810857],[13.510862,46.810244],[13.51134,46.810102],[13.513554,46.80944],[13.514235,46.809236],[13.515423,46.808849],[13.515732,46.808742],[13.516365,46.808507],[13.517472,46.80801],[13.51782,46.807827],[13.518253,46.807565],[13.51863,46.807292],[13.518927,46.807048],[13.519198,46.806786],[13.519495,46.806457],[13.519652,46.806251],[13.519866,46.805914],[13.520003,46.805641],[13.520163,46.805221],[13.520217,46.805018],[13.520308,46.804466],[13.520307,46.804174],[13.520219,46.803663],[13.520042,46.803027],[13.518584,46.79964],[13.517992,46.79837],[13.517783,46.797881],[13.517574,46.797276],[13.517434,46.796617],[13.517397,46.796285],[13.517389,46.795848],[13.51753,46.795011],[13.517742,46.794407],[13.517905,46.794063],[13.518126,46.793697],[13.518388,46.793316],[13.518548,46.793119],[13.51878,46.79286],[13.519074,46.792578],[13.519553,46.792178],[13.520101,46.791781],[13.520953,46.791222],[13.522241,46.790482],[13.522874,46.790141],[13.523916,46.789624],[13.525763,46.788766],[13.52675,46.788349],[13.527773,46.78794],[13.532052,46.786386],[13.532884,46.786068],[13.533788,46.785693],[13.534258,46.785488],[13.534729,46.785271],[13.536157,46.784571],[13.53713,46.784046],[13.539078,46.782922],[13.541072,46.781697],[13.541522,46.781419],[13.544836,46.779409],[13.545157,46.779206],[13.545934,46.778697],[13.546039,46.77862],[13.546824,46.778049],[13.547303,46.777655],[13.54764,46.77737],[13.548288,46.776768],[13.548708,46.776341],[13.549052,46.775954],[13.549362,46.775584],[13.55015,46.774525],[13.550465,46.77408],[13.551585,46.772509],[13.552774,46.77098],[13.553963,46.76965],[13.554816,46.768777],[13.55542,46.768203],[13.556126,46.767575],[13.557164,46.766699],[13.561729,46.763009],[13.563,46.761908],[13.56369,46.76126],[13.56432,46.76062],[13.565263,46.759571],[13.566043,46.758602],[13.567444,46.756693],[13.568,46.755978],[13.568374,46.755548],[13.568768,46.755154],[13.569385,46.754613],[13.570336,46.753906],[13.571408,46.753188],[13.571503,46.753124],[13.572619,46.752367],[13.573158,46.751974],[13.573522,46.751676],[13.573972,46.751266],[13.574438,46.750783],[13.574689,46.750472],[13.575051,46.749991],[13.576547,46.747898],[13.577073,46.747227],[13.577443,46.746812],[13.577807,46.746457],[13.57836,46.74597],[13.578919,46.74554],[13.579457,46.745179],[13.580037,46.744827],[13.580697,46.744463],[13.581301,46.744154],[13.581404,46.744101],[13.583377,46.743051],[13.5845,46.742363],[13.585417,46.741737],[13.58746,46.740216],[13.587983,46.739874],[13.588576,46.739525],[13.588997,46.739303],[13.591041,46.738339],[13.591419,46.738155],[13.591943,46.737867],[13.592639,46.737431],[13.592734,46.737367],[13.593122,46.737104],[13.593569,46.736752],[13.595673,46.734872],[13.596275,46.734392],[13.596762,46.734037],[13.597265,46.733704],[13.597825,46.733369],[13.598475,46.733012],[13.599219,46.732628],[13.602308,46.731094],[13.602427,46.731034],[13.603273,46.730595],[13.60523,46.729516],[13.608197,46.727789],[13.609062,46.72724],[13.60968,46.726816],[13.610185,46.726455],[13.610724,46.72603],[13.610811,46.725966],[13.61145,46.725439],[13.61222,46.724764],[13.615286,46.722008],[13.616226,46.721123],[13.617195,46.720146],[13.61732,46.720003],[13.61851,46.718696],[13.620685,46.716134],[13.621561,46.715205],[13.6221,46.714717],[13.622178,46.714652],[13.623131,46.713955],[13.623641,46.713635],[13.624453,46.713177],[13.628986,46.710847],[13.629517,46.710569],[13.630624,46.709929],[13.63072,46.709866],[13.631395,46.709405],[13.631965,46.708971],[13.632456,46.708553],[13.632998,46.708049],[13.633787,46.707222],[13.636039,46.704776],[13.636553,46.704249],[13.637159,46.70367],[13.637543,46.703327],[13.638071,46.702909],[13.63876,46.702421],[13.639517,46.701962],[13.640378,46.701467],[13.641252,46.700991],[13.642532,46.700268],[13.642933,46.700004],[13.643244,46.699805],[13.643686,46.699475],[13.644235,46.699023],[13.644409,46.698866],[13.64508,46.698123],[13.645281,46.697878],[13.645588,46.697438],[13.64588,46.69695],[13.646332,46.696124],[13.646502,46.695804],[13.646914,46.695026],[13.647529,46.694],[13.647962,46.69339],[13.648678,46.692559],[13.648961,46.692276],[13.649368,46.691891],[13.64996,46.691385],[13.650789,46.690762],[13.651874,46.690006],[13.653975,46.688653],[13.655159,46.687941],[13.656312,46.687285],[13.657221,46.686791],[13.658323,46.68622],[13.659532,46.685661],[13.660506,46.685266],[13.661383,46.684956],[13.662368,46.684658],[13.663474,46.684356],[13.66492,46.684048],[13.66575,46.683908],[13.666503,46.683795],[13.668286,46.683535],[13.669011,46.683401],[13.669652,46.683263],[13.670272,46.683103],[13.6712,46.682804],[13.671977,46.682513],[13.673038,46.682085],[13.673456,46.681921],[13.674149,46.681658],[13.674709,46.681476],[13.675749,46.681202],[13.676696,46.681007],[13.677419,46.680899],[13.678172,46.680814],[13.679191,46.680712],[13.680906,46.680534],[13.681817,46.680415],[13.682581,46.680288],[13.683364,46.680136],[13.684742,46.67981],[13.685601,46.679571],[13.686886,46.679186],[13.688179,46.678773],[13.689806,46.678215],[13.691647,46.677554],[13.693863,46.676737],[13.69615,46.67586],[13.697,46.675514],[13.69901,46.67465],[13.701737,46.673332],[13.70247,46.67301],[13.702982,46.672806],[13.7031,46.672763],[13.703736,46.672522],[13.70432,46.672327],[13.705966,46.671817],[13.707236,46.671424],[13.709724,46.670609],[13.711659,46.669907],[13.712502,46.669561],[13.713039,46.669317],[13.713818,46.66891],[13.714461,46.668535],[13.715105,46.668098],[13.715709,46.667651],[13.71645,46.666996],[13.716519,46.666935],[13.7169,46.666558],[13.717525,46.66591],[13.719278,46.664236],[13.720128,46.663533],[13.721011,46.662937],[13.721963,46.662373],[13.723551,46.661619],[13.723978,46.661424],[13.724957,46.661028],[13.72687,46.660271],[13.729074,46.65936],[13.730962,46.658521],[13.732124,46.657977],[13.733183,46.65746],[13.733343,46.657382],[13.735594,46.656205],[13.736281,46.655826],[13.737211,46.655319],[13.738981,46.654369],[13.740392,46.653668],[13.741493,46.653171],[13.74378,46.652268],[13.743937,46.652213],[13.744663,46.651967],[13.745427,46.651722],[13.746945,46.651283],[13.748164,46.650965],[13.749523,46.650637],[13.752098,46.650051],[13.752248,46.650017],[13.756087,46.649183],[13.757669,46.648868],[13.759317,46.648575],[13.7605,46.648385],[13.76179,46.648192],[13.763154,46.648013],[13.763288,46.647994],[13.765513,46.647744],[13.765616,46.647735],[13.766898,46.647611],[13.768284,46.647497],[13.770933,46.647314],[13.771874,46.647227],[13.773129,46.647054],[13.774431,46.64679],[13.775134,46.646604],[13.775724,46.646428],[13.7765,46.646167],[13.778002,46.645575],[13.779375,46.645033],[13.779834,46.644867],[13.780396,46.644692],[13.780897,46.644549],[13.781549,46.644397],[13.782222,46.644268],[13.782755,46.644185],[13.783369,46.644113],[13.784209,46.644046],[13.784981,46.644027],[13.785641,46.644036],[13.786211,46.64406],[13.78794,46.644197],[13.789317,46.644306],[13.790081,46.644348],[13.790843,46.644363],[13.791616,46.644344],[13.792336,46.644301],[13.793465,46.644175],[13.794692,46.643956],[13.795353,46.6438],[13.796573,46.643434],[13.797774,46.643003],[13.798309,46.642797],[13.799305,46.642413],[13.800576,46.641974],[13.801062,46.641835],[13.801706,46.641675],[13.802558,46.641497],[13.803313,46.641374],[13.803999,46.641294],[13.804606,46.641243],[13.805336,46.641205],[13.806095,46.641193],[13.807266,46.641219],[13.808078,46.641269],[13.808909,46.641335],[13.80975,46.641421],[13.811124,46.641609],[13.813891,46.642143],[13.832322,46.646889],[13.835771,46.647668],[13.838858,46.64827],[13.840748,46.648573],[13.849344,46.649739],[13.854274,46.650394],[13.862182,46.651393],[13.864095,46.651602],[13.8652,46.651684],[13.866234,46.65167],[13.866615,46.651649],[13.867004,46.65162],[13.867631,46.651559],[13.868217,46.651478],[13.869473,46.651238],[13.870011,46.65111],[13.870744,46.650915],[13.871517,46.650677],[13.872216,46.650456],[13.873047,46.650162],[13.874707,46.649509],[13.875315,46.649248],[13.87547,46.64918],[13.875637,46.649102],[13.876262,46.648818],[13.876858,46.648525],[13.877788,46.648045],[13.878145,46.647848],[13.879829,46.646853],[13.880851,46.646185],[13.881078,46.646028],[13.882386,46.645107],[13.884418,46.643618],[13.886431,46.642085],[13.886703,46.641871],[13.887246,46.641445],[13.890477,46.638791],[13.891133,46.638151],[13.8919,46.63738],[13.892504,46.63671],[13.893195,46.635854],[13.893701,46.635143],[13.894144,46.634415],[13.894565,46.633623],[13.894926,46.632829],[13.896934,46.627461],[13.896981,46.627319],[13.897212,46.626687],[13.897402,46.626179],[13.89831,46.623837],[13.898283,46.623679],[13.898618,46.622768],[13.898832,46.622191],[13.899437,46.620564],[13.900062,46.618785],[13.900136,46.618399],[13.900176,46.618034],[13.900121,46.617369],[13.899977,46.616869],[13.899783,46.61643],[13.89955,46.616054],[13.899275,46.61571],[13.898973,46.615373],[13.897944,46.614465],[13.897818,46.614285],[13.897555,46.614078],[13.897282,46.613869],[13.896149,46.612893],[13.89539,46.612175],[13.894945,46.611722],[13.893911,46.610614],[13.893007,46.609551],[13.891609,46.607812],[13.889882,46.605605],[13.889412,46.605019],[13.888392,46.603759],[13.888019,46.603326],[13.887581,46.602816],[13.887423,46.602626],[13.8871,46.602253],[13.885592,46.600606],[13.884344,46.599363],[13.883198,46.598316],[13.881754,46.597111],[13.881148,46.596653],[13.880535,46.596199],[13.880438,46.596129],[13.880325,46.59605],[13.879845,46.595709],[13.879257,46.595324],[13.87799,46.594531],[13.877101,46.594014],[13.875896,46.593361],[13.875114,46.592962],[13.874351,46.592588],[13.872315,46.591677],[13.870284,46.590854],[13.868611,46.59022],[13.866987,46.589641],[13.864995,46.58896],[13.862529,46.588151],[13.86147,46.587805],[13.857772,46.586608],[13.857658,46.586573],[13.857079,46.586385],[13.854948,46.58569],[13.852363,46.584808],[13.850908,46.584269],[13.84956,46.583727],[13.848093,46.583064],[13.84736,46.582709],[13.846737,46.582378],[13.845452,46.581636],[13.843968,46.580641],[13.843048,46.579948],[13.840969,46.578229],[13.838296,46.575918],[13.836223,46.574156],[13.835516,46.573605],[13.834751,46.57308],[13.83427,46.572799],[13.833745,46.572527],[13.833063,46.572218],[13.832353,46.571955],[13.831764,46.571771],[13.831168,46.571611],[13.830387,46.571447],[13.829268,46.571294],[13.828282,46.571211],[13.827804,46.571186],[13.826581,46.571149],[13.824865,46.571104],[13.824603,46.571097],[13.823176,46.571032],[13.821966,46.570925],[13.821276,46.570849],[13.819866,46.570643],[13.818045,46.5703],[13.816672,46.570069],[13.815691,46.569937],[13.814995,46.569866],[13.814123,46.569792],[13.813112,46.569732],[13.81177,46.569705],[13.811144,46.569707],[13.809685,46.569761],[13.806491,46.56997],[13.804985,46.570025],[13.803906,46.570031],[13.802827,46.570001],[13.801511,46.569919],[13.800191,46.569785],[13.798782,46.569604],[13.784416,46.567473],[13.784256,46.567449],[13.781713,46.567005],[13.77992,46.566629],[13.77823,46.566222],[13.776893,46.565836],[13.775593,46.565414],[13.77445,46.565003],[13.773199,46.564503],[13.771732,46.563846],[13.770354,46.563178],[13.768968,46.562449],[13.765849,46.560729],[13.765697,46.560642],[13.76459,46.560043],[13.763658,46.559588],[13.762395,46.559033],[13.761348,46.558645],[13.76097,46.558525],[13.760071,46.558274],[13.759215,46.558084],[13.758115,46.557892],[13.756713,46.557737],[13.755658,46.557687],[13.75538,46.557686],[13.754673,46.557694],[13.753957,46.557726],[13.753236,46.55778],[13.75208,46.557922],[13.750938,46.558135],[13.75012,46.558332],[13.749307,46.558566],[13.748363,46.558892],[13.74747,46.559265],[13.746567,46.559694],[13.745667,46.560181],[13.743621,46.561439],[13.741698,46.562685],[13.740143,46.563653],[13.738436,46.564626],[13.737095,46.565298],[13.73568,46.565919],[13.734643,46.566324],[13.733277,46.566787],[13.731758,46.567229],[13.730336,46.567575],[13.729532,46.567743],[13.728568,46.567919],[13.727646,46.56806],[13.726629,46.568192],[13.725195,46.568325],[13.724237,46.568391],[13.724099,46.568399],[13.722889,46.568437],[13.721179,46.568463],[13.717435,46.568475],[13.715402,46.568523],[13.7135,46.568641],[13.71268,46.568721],[13.711851,46.568825],[13.711466,46.568874],[13.710162,46.569079],[13.709019,46.569285],[13.706271,46.569817],[13.704885,46.570059],[13.703994,46.570195],[13.703011,46.570314],[13.702024,46.570385],[13.701785,46.570397],[13.700913,46.570417],[13.700485,46.570412],[13.699813,46.570391],[13.698906,46.570328],[13.698094,46.570244],[13.69768,46.570192],[13.69704,46.570088],[13.696356,46.569959],[13.695465,46.569758],[13.694672,46.569538],[13.694054,46.569347],[13.693481,46.569149],[13.693268,46.569071],[13.692775,46.568878],[13.691706,46.56839],[13.690823,46.567921],[13.690416,46.56768],[13.689796,46.567279],[13.689591,46.56714],[13.688809,46.566541],[13.688085,46.565911],[13.687861,46.565691],[13.687264,46.565075],[13.686934,46.564691],[13.686517,46.564114],[13.686294,46.563767],[13.685977,46.563191],[13.685754,46.562727],[13.685564,46.562263],[13.685364,46.561646],[13.685216,46.561028],[13.685139,46.560572],[13.685059,46.55968],[13.68504,46.559027],[13.685048,46.557273],[13.685026,46.556631],[13.684983,46.556153],[13.684927,46.555786],[13.684827,46.555325],[13.684684,46.554856],[13.684493,46.554384],[13.684126,46.55367],[13.683825,46.553215],[13.683471,46.55274],[13.683176,46.552369],[13.682423,46.551434],[13.682317,46.551291],[13.681694,46.550309],[13.681402,46.549814],[13.681099,46.549207],[13.680842,46.548618],[13.680431,46.547477],[13.680053,46.546429],[13.679973,46.546244],[13.67957,46.545502],[13.679068,46.544813],[13.679009,46.544738],[13.678826,46.544517],[13.678179,46.543859],[13.677454,46.543259],[13.677315,46.543159],[13.676799,46.542805],[13.676112,46.542394],[13.675393,46.54203],[13.674562,46.541662],[13.673606,46.541281],[13.671654,46.540561],[13.670196,46.540068],[13.668287,46.539482],[13.666771,46.539063],[13.665673,46.538779],[13.66539,46.538715],[13.664369,46.538498],[13.663408,46.53835],[13.662518,46.538248],[13.661563,46.538185],[13.660714,46.538174],[13.660021,46.538195],[13.659628,46.538213],[13.659362,46.538229],[13.657186,46.538386],[13.653355,46.538644],[13.652991,46.538671],[13.652304,46.538694],[13.651318,46.538689],[13.651033,46.538675],[13.650098,46.538609],[13.649872,46.538586],[13.649066,46.538475],[13.64883,46.538443],[13.648154,46.538313],[13.64749,46.538162],[13.647044,46.538044],[13.64597,46.537727],[13.645123,46.537432],[13.64452,46.537176],[13.643962,46.536889],[13.643446,46.536558],[13.642822,46.536064],[13.642415,46.535669],[13.641945,46.535108],[13.64164,46.534669],[13.641442,46.534269],[13.640861,46.532916],[13.640401,46.531819],[13.640068,46.531091],[13.639867,46.530718],[13.639686,46.530434],[13.639244,46.529946],[13.638998,46.529715],[13.637638,46.52856],[13.637423,46.528401],[13.636898,46.528047],[13.636465,46.527731],[13.635563,46.527126],[13.634837,46.526707],[13.634239,46.526447],[13.633826,46.5263],[13.63331,46.526138],[13.632123,46.525864],[13.6263,46.524744],[13.625632,46.524601],[13.624949,46.524422],[13.6246,46.524294],[13.623678,46.523911],[13.622986,46.523532],[13.622621,46.523281],[13.622133,46.522914],[13.621548,46.522368],[13.621301,46.522084],[13.621041,46.521736],[13.620726,46.521158],[13.62061,46.520898],[13.619898,46.518992],[13.619293,46.51692],[13.619017,46.516202],[13.618812,46.515803],[13.618601,46.515466],[13.618051,46.51474],[13.617622,46.514233],[13.617151,46.513706],[13.616635,46.513204],[13.615803,46.512542],[13.615207,46.512152],[13.614324,46.511695],[13.61351,46.51133],[13.612827,46.511059],[13.612224,46.510803],[13.608192,46.508961],[13.607421,46.508467],[13.606628,46.507921],[13.605208,46.507031],[13.60467,46.506736],[13.604276,46.506575],[13.60279,46.506057],[13.602454,46.505956],[13.602027,46.505869],[13.601591,46.505811],[13.601157,46.505773],[13.60087,46.505745],[13.600052,46.505699],[13.59928,46.505788],[13.598677,46.505872],[13.598371,46.505931],[13.597775,46.506112],[13.597566,46.506152],[13.597359,46.506168],[13.59708,46.506154],[13.596906,46.506116],[13.596567,46.506001],[13.596055,46.505742],[13.595913,46.505699],[13.59575,46.505669],[13.595141,46.505665],[13.594958,46.505638],[13.594743,46.505566],[13.594319,46.505349],[13.593721,46.505043],[13.593219,46.504745],[13.593357,46.504664],[13.593496,46.504597],[13.593901,46.504419],[13.594012,46.50436],[13.594288,46.504221],[13.595129,46.5038],[13.595185,46.503711],[13.595204,46.503594],[13.595162,46.503452],[13.594808,46.503274],[13.593865,46.50284],[13.593774,46.502773],[13.593682,46.502646],[13.593546,46.50235],[13.593458,46.502262],[13.592874,46.501955],[13.592688,46.501928],[13.59218,46.501207],[13.592034,46.501012],[13.591854,46.500873],[13.591669,46.500782],[13.591337,46.500661],[13.591024,46.500529],[13.590915,46.500454],[13.590722,46.500259],[13.590484,46.499885],[13.589419,46.498131],[13.589328,46.49808],[13.589239,46.49806],[13.589124,46.498071],[13.589024,46.4981],[13.588957,46.498148],[13.588918,46.498221],[13.588842,46.498544],[13.588792,46.498668],[13.588641,46.498716],[13.588504,46.498686],[13.588582,46.497963],[13.58858,46.497707],[13.588325,46.496302],[13.588239,46.496022],[13.588106,46.495841],[13.587936,46.495678],[13.587694,46.495481],[13.58755,46.49539],[13.587414,46.495329],[13.586539,46.495009],[13.586391,46.494929],[13.586132,46.494711],[13.586019,46.494532],[13.58599,46.494288],[13.585939,46.494102],[13.585942,46.494025],[13.58607,46.49368],[13.586116,46.493604],[13.586301,46.493397],[13.586451,46.493262],[13.586538,46.493067],[13.586648,46.491989],[13.586932,46.490734],[13.586914,46.490504],[13.586873,46.490331],[13.586755,46.490118],[13.586555,46.4899],[13.586242,46.489668],[13.586141,46.489613],[13.585552,46.489156],[13.585327,46.489022],[13.584636,46.488703],[13.584183,46.488496],[13.584098,46.488439],[13.584037,46.48836],[13.58397,46.488058],[13.583947,46.487996],[13.58362,46.487647],[13.583506,46.487468],[13.583243,46.487149],[13.583103,46.487054],[13.582951,46.486993],[13.582601,46.486897],[13.582188,46.486799],[13.581841,46.486589],[13.581646,46.486404],[13.581245,46.486126],[13.580755,46.485607],[13.580623,46.485514],[13.580444,46.485418],[13.580297,46.48533],[13.580064,46.485121],[13.579975,46.484989],[13.579619,46.483985],[13.579514,46.483824],[13.579368,46.48365],[13.579218,46.48352],[13.578675,46.483111],[13.578306,46.482792],[13.578176,46.482643],[13.577917,46.482257],[13.577695,46.481983],[13.577257,46.481572],[13.577104,46.481436],[13.576771,46.481229],[13.576045,46.481048],[13.575533,46.480961],[13.575062,46.480803],[13.574905,46.480731],[13.57478,46.480652],[13.574678,46.480544],[13.574504,46.480209],[13.574462,46.480016],[13.574479,46.479859],[13.574622,46.47945],[13.574869,46.478867],[13.574884,46.478699],[13.574801,46.478545],[13.574371,46.478016],[13.574209,46.477857],[13.573263,46.477057],[13.573078,46.476863],[13.572905,46.476636],[13.572607,46.476103],[13.572536,46.4759],[13.572529,46.475336],[13.572529,46.475189],[13.572535,46.474877],[13.572599,46.474145],[13.572759,46.473808],[13.572872,46.473502],[13.572913,46.473191],[13.572913,46.472987],[13.572891,46.472876],[13.572778,46.472666],[13.572582,46.472474],[13.572442,46.472373],[13.571204,46.47164],[13.570243,46.470927],[13.570148,46.47084],[13.570132,46.470736],[13.570137,46.470707],[13.570417,46.470476],[13.570512,46.470438],[13.570597,46.470434],[13.5709,46.470495],[13.571031,46.470512],[13.571445,46.470498],[13.571886,46.470556],[13.572009,46.470602],[13.572172,46.470704],[13.572237,46.470766],[13.572313,46.470983],[13.572366,46.471018],[13.572408,46.471032],[13.572498,46.471032],[13.572564,46.471003],[13.572586,46.470969],[13.572594,46.470931],[13.572558,46.470853],[13.571823,46.470334],[13.571598,46.470207],[13.570974,46.469934],[13.570884,46.469864],[13.570811,46.469777],[13.570779,46.469705],[13.570766,46.469543],[13.570884,46.46899],[13.570966,46.468793],[13.571025,46.468691],[13.571361,46.468296],[13.571445,46.468146],[13.571462,46.467927],[13.571429,46.46754],[13.571441,46.467457],[13.571539,46.467208],[13.571693,46.466938],[13.571822,46.466774],[13.572136,46.46645],[13.572209,46.466305],[13.572288,46.465891],[13.57228,46.4658],[13.572181,46.46564],[13.571943,46.46544],[13.571902,46.465336],[13.571927,46.465216],[13.572001,46.465132],[13.572438,46.464826],[13.572534,46.464738],[13.572622,46.464614],[13.572683,46.464429],[13.572722,46.464205],[13.57277,46.464072],[13.57293,46.463801],[13.572988,46.463724],[13.573063,46.463615],[13.573089,46.463525],[13.57315,46.462595],[13.573279,46.462099],[13.573424,46.461693],[13.573518,46.461542],[13.573557,46.461486],[13.573622,46.461392],[13.573884,46.461065],[13.574216,46.460507],[13.574337,46.460183],[13.574421,46.459847],[13.574452,46.459627],[13.574458,46.459321],[13.574392,46.457459],[13.574423,46.457317],[13.574513,46.457156],[13.574583,46.457059],[13.575017,46.456446],[13.575068,46.45635],[13.575184,46.455924],[13.575282,46.455194],[13.57531,46.454703],[13.575235,46.450842],[13.575194,46.450492],[13.57505,46.450012],[13.57494,46.449801],[13.574788,46.44958],[13.574581,46.449322],[13.574193,46.448891],[13.573704,46.448439],[13.573618,46.448339],[13.573542,46.448248],[13.573397,46.447953],[13.573354,46.44781],[13.573274,46.447506],[13.573265,46.447224],[13.573291,46.447013],[13.57339,46.446631],[13.573522,46.445844],[13.573513,46.445516],[13.573449,46.445337],[13.573158,46.444728],[13.573099,46.444498],[13.573091,46.444289],[13.573096,46.444167],[13.573066,46.443826],[13.573005,46.443559],[13.572903,46.443181],[13.572719,46.442521],[13.57268,46.442379],[13.572645,46.442256],[13.57205,46.439998],[13.571962,46.439894],[13.572017,46.439772],[13.572074,46.43928],[13.572087,46.438891],[13.572148,46.438812],[13.572414,46.438666],[13.57248,46.438579],[13.572481,46.438497],[13.572457,46.438397],[13.57239,46.438195],[13.572279,46.438074],[13.572148,46.437973],[13.571991,46.437881],[13.571904,46.437852],[13.571475,46.437797],[13.571392,46.437766],[13.571355,46.437733],[13.571127,46.437029],[13.570943,46.436566],[13.570708,46.435869],[13.570605,46.435445],[13.57054,46.435078],[13.570503,46.434622],[13.570515,46.433998],[13.570415,46.433699],[13.570275,46.433394],[13.57014,46.432956],[13.570154,46.432768],[13.570244,46.432464],[13.570238,46.432382],[13.570278,46.432294],[13.570545,46.431937],[13.57058,46.431851],[13.570649,46.431505],[13.570661,46.431358],[13.570521,46.430981],[13.570451,46.430578],[13.570454,46.43029],[13.570512,46.42977],[13.570547,46.429634],[13.570521,46.429523],[13.570585,46.42908],[13.570587,46.428904],[13.570658,46.428635],[13.570862,46.428199],[13.570937,46.427967],[13.571081,46.427637],[13.571079,46.427359],[13.571109,46.427092],[13.571118,46.427024],[13.571233,46.426734],[13.571239,46.426647],[13.57117,46.426361],[13.571209,46.426078],[13.571358,46.425745],[13.571552,46.42551],[13.571716,46.425264],[13.571707,46.425123],[13.571737,46.424809],[13.571726,46.424674],[13.571685,46.424565],[13.571431,46.424352],[13.571464,46.424306],[13.571461,46.424276],[13.571337,46.42407],[13.571274,46.423685],[13.571316,46.423274],[13.571348,46.423157],[13.571607,46.422688],[13.571616,46.422604],[13.571589,46.422405],[13.571567,46.42226],[13.571588,46.422133],[13.57185,46.421801],[13.572038,46.421427],[13.572087,46.421253],[13.57208,46.421116],[13.571985,46.420899],[13.571938,46.420835],[13.571635,46.420561],[13.571572,46.420481],[13.571518,46.420331],[13.571509,46.420258],[13.571539,46.42011],[13.571748,46.419759],[13.571808,46.419485],[13.571879,46.419363],[13.571935,46.419312],[13.572314,46.419112],[13.572446,46.419057],[13.572525,46.419042],[13.572647,46.419049],[13.572687,46.419065],[13.572735,46.419115],[13.572739,46.419144],[13.572701,46.419219],[13.572335,46.419394],[13.572289,46.419435],[13.572238,46.419524],[13.572222,46.419807],[13.57224,46.419969],[13.572287,46.420232],[13.572328,46.420305],[13.572437,46.420322],[13.572518,46.420285],[13.572676,46.420061],[13.572875,46.419903],[13.573094,46.419768],[13.573421,46.419645],[13.574025,46.41953],[13.574684,46.41931],[13.575685,46.419051],[13.577373,46.418562],[13.577646,46.418457],[13.577717,46.418444],[13.577977,46.41847],[13.57814,46.418544],[13.578172,46.418553],[13.578726,46.418775],[13.578948,46.418838],[13.579105,46.418861],[13.579554,46.418884],[13.579797,46.418915],[13.580244,46.419094],[13.580379,46.419103],[13.580713,46.419062],[13.580833,46.419061],[13.580953,46.419065],[13.581125,46.419098],[13.581268,46.419136],[13.581544,46.419244],[13.58208,46.419555],[13.582264,46.419606],[13.582695,46.419632],[13.582814,46.419676],[13.582888,46.419722],[13.58332,46.420171],[13.583557,46.420348],[13.583707,46.420393],[13.583884,46.420388],[13.584041,46.420334],[13.584369,46.420147],[13.584535,46.420123],[13.584695,46.420149],[13.584836,46.420218],[13.585044,46.420411],[13.585124,46.420463],[13.585204,46.420497],[13.585583,46.420593],[13.585708,46.420648],[13.585954,46.420901],[13.586019,46.420947],[13.586135,46.420987],[13.586293,46.420961],[13.586558,46.420866],[13.586669,46.420842],[13.587072,46.420803],[13.587464,46.420665],[13.587652,46.420622],[13.588004,46.42062],[13.588204,46.42064],[13.588353,46.420701],[13.588445,46.420777],[13.588554,46.420903],[13.588691,46.420973],[13.589631,46.421225],[13.59068,46.42144],[13.590871,46.421491],[13.591165,46.421597],[13.591369,46.42171],[13.59164,46.421907],[13.592312,46.42231],[13.592453,46.422462],[13.592618,46.422693],[13.592684,46.422734],[13.592855,46.422776],[13.593582,46.422887],[13.593731,46.422956],[13.593826,46.423076],[13.593901,46.42312],[13.594001,46.423116],[13.594057,46.423093],[13.595077,46.422453],[13.596228,46.421729],[13.596395,46.421636],[13.596547,46.421573],[13.596946,46.421443],[13.59803,46.420956],[13.598373,46.420828],[13.59955,46.420452],[13.599718,46.420452],[13.600127,46.420641],[13.600265,46.420683],[13.600558,46.420723],[13.60071,46.420718],[13.600889,46.420685],[13.601498,46.420553],[13.601749,46.420485],[13.602444,46.42022],[13.602706,46.420144],[13.603004,46.42008],[13.60324,46.420007],[13.604493,46.419579],[13.605065,46.419367],[13.605613,46.41911],[13.606235,46.418869],[13.607089,46.418508],[13.607245,46.418417],[13.607633,46.418093],[13.608089,46.417828],[13.608234,46.417798],[13.608403,46.417801],[13.608544,46.417777],[13.608642,46.417724],[13.60868,46.417685],[13.60873,46.417566],[13.608735,46.417463],[13.608749,46.417325],[13.608794,46.41724],[13.609315,46.416853],[13.609642,46.416566],[13.609789,46.416382],[13.609804,46.416324],[13.609785,46.416244],[13.609551,46.415994],[13.609513,46.415904],[13.609526,46.415791],[13.60956,46.415747],[13.609612,46.415706],[13.609763,46.415642],[13.610037,46.415585],[13.610995,46.415533],[13.61114,46.415542],[13.611197,46.415562],[13.611311,46.415638],[13.611655,46.415977],[13.61172,46.416013],[13.61188,46.416033],[13.61195,46.416022],[13.612268,46.415871],[13.612557,46.415775],[13.613833,46.415448],[13.614212,46.415319],[13.614506,46.415117],[13.614647,46.415049],[13.614934,46.414997],[13.615084,46.415003],[13.61748,46.415576],[13.618393,46.415669],[13.61869,46.415717],[13.618863,46.41582],[13.619015,46.41603],[13.619111,46.416115],[13.61926,46.416202],[13.619427,46.416273],[13.619564,46.416311],[13.619738,46.416343],[13.620255,46.416377],[13.620461,46.416429],[13.621224,46.416686],[13.621468,46.416746],[13.622115,46.416835],[13.62252,46.41697],[13.622682,46.41701],[13.623099,46.417074],[13.623479,46.41721],[13.623714,46.417231],[13.623829,46.417218],[13.624067,46.417159],[13.624214,46.417139],[13.624344,46.417144],[13.624439,46.417188],[13.624473,46.417247],[13.62446,46.417311],[13.624393,46.41738],[13.624245,46.417481],[13.624216,46.417559],[13.624224,46.417624],[13.624276,46.417687],[13.624351,46.417724],[13.624442,46.417738],[13.624522,46.417728],[13.624601,46.417691],[13.624666,46.417639],[13.624712,46.417559],[13.624739,46.417435],[13.624753,46.417221],[13.624743,46.417139],[13.624698,46.417067],[13.624615,46.416995],[13.624369,46.416869],[13.624042,46.416726],[13.623709,46.41666],[13.623405,46.416578],[13.623312,46.416538],[13.623201,46.416441],[13.622738,46.416295],[13.622668,46.416261],[13.622374,46.415871],[13.622274,46.415799],[13.621626,46.415441],[13.619855,46.414204],[13.619029,46.413773],[13.618609,46.413592],[13.61815,46.413463],[13.617384,46.413325],[13.61675,46.413241],[13.616521,46.413189],[13.614511,46.412628],[13.614147,46.412509],[13.613297,46.41231],[13.612771,46.41215],[13.612206,46.412061],[13.611837,46.411958],[13.611203,46.411745],[13.610821,46.411547],[13.610575,46.411438],[13.610014,46.411134],[13.609553,46.411001],[13.60909,46.410829],[13.608186,46.410606],[13.607727,46.410453],[13.606454,46.409981],[13.606334,46.409896],[13.606304,46.409838],[13.606267,46.409653],[13.606221,46.409532],[13.605847,46.408859],[13.605576,46.408285],[13.605461,46.408184],[13.605282,46.408139],[13.604367,46.408154],[13.604191,46.408133],[13.604024,46.408078],[13.603946,46.408039],[13.60384,46.407968],[13.603577,46.407675],[13.603508,46.407574],[13.603457,46.407436],[13.603452,46.407335],[13.603519,46.406952],[13.603534,46.406817],[13.603523,46.406733],[13.60343,46.406564],[13.603034,46.406176],[13.602884,46.405972],[13.602509,46.405422],[13.602362,46.405259],[13.602173,46.405091],[13.601926,46.404941],[13.601201,46.404657],[13.600357,46.404292],[13.600003,46.40411],[13.599762,46.403868],[13.599343,46.403363],[13.598812,46.402785],[13.597651,46.401699],[13.597385,46.401384],[13.597057,46.400913],[13.596728,46.400311],[13.596058,46.399406],[13.595858,46.399175],[13.595715,46.398963],[13.595544,46.398631],[13.59543,46.39849],[13.594932,46.398185],[13.594766,46.398086],[13.594452,46.397968],[13.593702,46.397752],[13.593461,46.397648],[13.593241,46.397507],[13.593064,46.397335],[13.592993,46.397201],[13.592909,46.396924],[13.592954,46.396311],[13.592937,46.396053],[13.592869,46.39579],[13.592582,46.395234],[13.592437,46.395023],[13.592295,46.39489],[13.592096,46.394742],[13.591866,46.394636],[13.591609,46.394552],[13.590867,46.394384],[13.590549,46.39427],[13.590225,46.394093],[13.589984,46.393878],[13.589824,46.393723],[13.589664,46.393529],[13.589372,46.392966],[13.589211,46.392776],[13.588724,46.392346],[13.588196,46.391699],[13.588106,46.391512],[13.588014,46.391206],[13.587888,46.390922],[13.587761,46.390619],[13.587722,46.390466],[13.587742,46.390313],[13.587766,46.390107],[13.587806,46.389989],[13.587902,46.389855],[13.588067,46.389687],[13.588125,46.389529],[13.588117,46.38942],[13.588035,46.389103],[13.588057,46.388874],[13.588159,46.388675],[13.588287,46.388484],[13.588944,46.387612],[13.589024,46.387426],[13.589035,46.387288],[13.589012,46.387228],[13.588927,46.387155],[13.588816,46.387103],[13.588637,46.387073],[13.588083,46.387074],[13.587949,46.387033],[13.587828,46.386961],[13.587645,46.386734],[13.587497,46.386594],[13.587238,46.38645],[13.586871,46.386164],[13.585919,46.385729],[13.585786,46.385647],[13.585644,46.385486],[13.585607,46.385372],[13.585524,46.3852],[13.584993,46.384735],[13.584696,46.384435],[13.584595,46.384254],[13.584146,46.383221],[13.584165,46.382985],[13.584342,46.382448],[13.584349,46.382186],[13.584298,46.381927],[13.584192,46.381636],[13.584204,46.381495],[13.584276,46.381345],[13.584768,46.380954],[13.584877,46.380798],[13.585001,46.380558],[13.58506,46.380061],[13.585183,46.379823],[13.585634,46.379399],[13.585741,46.379273],[13.585899,46.378968],[13.58594,46.37869],[13.585879,46.378084],[13.585835,46.377986],[13.585648,46.377791],[13.584998,46.377345],[13.584912,46.377227],[13.584165,46.375888],[13.584064,46.375533],[13.584052,46.375164],[13.584172,46.374741],[13.584522,46.373811],[13.584638,46.3733],[13.584644,46.373055],[13.584597,46.372795],[13.584421,46.372361],[13.58435,46.371941],[13.584388,46.37174],[13.58445,46.371562],[13.584635,46.3712],[13.584851,46.370897],[13.585642,46.370269],[13.585807,46.370167],[13.585914,46.3701],[13.586109,46.369972],[13.587082,46.369332],[13.587285,46.369145],[13.587434,46.368926],[13.587649,46.368146],[13.587976,46.367697],[13.588095,46.367472],[13.588202,46.366997],[13.588302,46.366795],[13.588591,46.366371],[13.588701,46.366143],[13.588712,46.366032],[13.588661,46.365858],[13.588521,46.365532],[13.588512,46.365451],[13.588567,46.36536],[13.588705,46.365218],[13.58885,46.365015],[13.588897,46.364857],[13.588927,46.364673],[13.588918,46.364562],[13.588891,46.364459],[13.588763,46.364254],[13.588756,46.364173],[13.588771,46.364137],[13.589127,46.363815],[13.589258,46.363596],[13.589337,46.363354],[13.589381,46.362959],[13.589428,46.36274],[13.58965,46.36217],[13.589658,46.362073],[13.589645,46.36199],[13.589532,46.361686],[13.589526,46.361674],[13.589432,46.361421],[13.589399,46.361212],[13.589425,46.361002],[13.589495,46.360694],[13.589774,46.360277],[13.589829,46.360158],[13.589848,46.359908],[13.589697,46.359613],[13.589531,46.359071],[13.589455,46.358904],[13.588562,46.357856],[13.588365,46.357663],[13.588107,46.357528],[13.587595,46.35732],[13.587415,46.357228],[13.587238,46.357109],[13.585224,46.355178],[13.58366,46.353637],[13.582294,46.352332],[13.580756,46.350842],[13.580426,46.350484],[13.580238,46.350167],[13.580004,46.349447],[13.579872,46.349197],[13.579197,46.348308],[13.578695,46.347456],[13.578533,46.347086],[13.578173,46.346094],[13.578018,46.345755],[13.577912,46.345617],[13.577748,46.345466],[13.57758,46.345345],[13.577323,46.345183],[13.575941,46.344471],[13.575482,46.34421],[13.57494,46.34393],[13.574758,46.343853],[13.574448,46.343759],[13.574053,46.343682],[13.573557,46.343638],[13.573161,46.343603],[13.572937,46.343569],[13.572604,46.34346],[13.57238,46.343359],[13.571839,46.342986],[13.571502,46.342749],[13.571242,46.342504],[13.571068,46.342306],[13.570856,46.341927],[13.57072,46.341619],[13.570437,46.341187],[13.570104,46.340877],[13.569832,46.340695],[13.569558,46.340556],[13.569051,46.340351],[13.56841,46.340115],[13.567953,46.339993],[13.56743,46.339904],[13.566664,46.339821],[13.566021,46.339771],[13.565396,46.339744],[13.56507,46.339729],[13.56462,46.339707],[13.564179,46.339646],[13.563844,46.339557],[13.563171,46.339291],[13.562856,46.339132],[13.562325,46.338884],[13.562124,46.338791],[13.561058,46.338306],[13.56093,46.338249],[13.560629,46.338113],[13.560376,46.338003],[13.559906,46.337754],[13.559871,46.337761],[13.559793,46.337753],[13.559735,46.337715],[13.559716,46.337666],[13.559641,46.337557],[13.559384,46.337382],[13.559161,46.337177],[13.558907,46.336904],[13.558797,46.33674],[13.558486,46.336167],[13.558392,46.335971],[13.558146,46.335608],[13.558111,46.33556],[13.557826,46.335197],[13.55756,46.334817],[13.557229,46.334227],[13.557036,46.333986],[13.556939,46.333894],[13.556863,46.333831],[13.556721,46.333754],[13.556522,46.333662],[13.556355,46.33361],[13.556175,46.333567],[13.555913,46.333531],[13.555665,46.333528],[13.554841,46.333582],[13.554672,46.333597],[13.554293,46.333671],[13.554214,46.333716],[13.554138,46.333752],[13.554045,46.333745],[13.554006,46.333725],[13.553842,46.333701],[13.553456,46.333679],[13.553102,46.333656],[13.552941,46.333635],[13.552631,46.333553],[13.552388,46.333466],[13.552132,46.333342],[13.551106,46.332613],[13.55084,46.332438],[13.550536,46.33228],[13.549824,46.331977],[13.546129,46.330505],[13.544819,46.329953],[13.544521,46.329849],[13.544142,46.32977],[13.543909,46.32976],[13.543669,46.329769],[13.543194,46.32986],[13.542984,46.32995],[13.54281,46.330051],[13.542614,46.330201],[13.542488,46.330338],[13.542059,46.33088],[13.542019,46.330931],[13.541326,46.331783],[13.541168,46.331924],[13.540891,46.332074],[13.540707,46.332168],[13.540523,46.332227],[13.540083,46.332299],[13.540024,46.332335],[13.539968,46.332345],[13.539882,46.332324],[13.539842,46.332293],[13.539533,46.332203],[13.539267,46.332111],[13.539078,46.332021],[13.5389,46.331908],[13.538694,46.331748],[13.538278,46.331425],[13.537537,46.330952],[13.536405,46.330165],[13.536186,46.329986],[13.535765,46.329721],[13.535233,46.329459],[13.534901,46.329195],[13.534574,46.328782],[13.534382,46.32854],[13.534029,46.328094],[13.533618,46.327437],[13.533505,46.3273],[13.533252,46.327107],[13.532847,46.326894],[13.532538,46.32677],[13.529149,46.325834],[13.528792,46.325723],[13.528072,46.325274],[13.527802,46.325173],[13.52761,46.325176],[13.52599,46.325462],[13.525526,46.325504],[13.521994,46.325623],[13.521775,46.325589],[13.521613,46.325533],[13.52142,46.325442],[13.520689,46.324812],[13.519815,46.324377],[13.519592,46.324182],[13.519172,46.323734],[13.518891,46.323524],[13.518488,46.323302],[13.518141,46.323201],[13.517983,46.323154],[13.517658,46.32309],[13.517389,46.323057],[13.517093,46.323051],[13.516976,46.32306],[13.516709,46.323118],[13.516237,46.323237],[13.515543,46.323423],[13.515325,46.323461],[13.514704,46.323465],[13.513834,46.323383],[13.513787,46.323377],[13.512083,46.323064],[13.511483,46.32295],[13.510437,46.322738],[13.507908,46.321905],[13.507379,46.321734],[13.506467,46.321429],[13.506088,46.321339],[13.505841,46.321292],[13.505279,46.32125],[13.505015,46.321255],[13.50407,46.321336],[13.503558,46.32132],[13.503102,46.321254],[13.502716,46.321141],[13.501547,46.320735],[13.499818,46.320001],[13.499525,46.319871],[13.499325,46.319757],[13.499209,46.319667],[13.499149,46.319618],[13.498797,46.319216],[13.498662,46.319054],[13.498588,46.318966],[13.498453,46.318804],[13.498192,46.318489],[13.497953,46.318194],[13.497318,46.317583],[13.497212,46.317506],[13.497107,46.317458],[13.49688,46.317424],[13.49674,46.317428],[13.496613,46.317451],[13.495996,46.317752],[13.495507,46.318018],[13.495025,46.318392],[13.494926,46.318423],[13.49483,46.318433],[13.494719,46.31843],[13.49461,46.318403],[13.494542,46.318378],[13.493563,46.317718],[13.493508,46.31768],[13.493459,46.31763],[13.493426,46.317525],[13.49344,46.317423],[13.493892,46.316389],[13.494136,46.315897],[13.494158,46.315813],[13.494129,46.315674],[13.494091,46.315597],[13.494047,46.315541],[13.493902,46.315433],[13.493695,46.315348],[13.493565,46.315323],[13.493417,46.315309],[13.493241,46.315318],[13.493014,46.315349],[13.492582,46.31544],[13.4923,46.315469],[13.49204,46.315475],[13.491165,46.315393],[13.489759,46.315216],[13.4893,46.3151],[13.489059,46.31499],[13.487376,46.314022],[13.487242,46.313944],[13.487177,46.313906],[13.486689,46.313622],[13.48653,46.313512],[13.486031,46.31308],[13.485734,46.312895],[13.485062,46.31255],[13.484803,46.312384],[13.483876,46.31173],[13.483075,46.311214],[13.482206,46.310694],[13.481867,46.310509],[13.481329,46.310257],[13.481015,46.310141],[13.480402,46.310011],[13.479977,46.309959],[13.479845,46.309912],[13.479806,46.309883],[13.479666,46.309653],[13.479649,46.309611],[13.479634,46.309542],[13.479651,46.30946],[13.479728,46.309308],[13.479805,46.309156],[13.480144,46.308626],[13.480386,46.308271],[13.4807,46.307352],[13.481107,46.306574],[13.481266,46.306206],[13.481289,46.306054],[13.481256,46.305798],[13.481158,46.30549],[13.48115,46.305252],[13.481169,46.30513],[13.481483,46.304289],[13.481504,46.304252],[13.481576,46.304159],[13.481739,46.304008],[13.482182,46.303718],[13.482291,46.303647],[13.482592,46.303449],[13.482691,46.303384],[13.482714,46.303369],[13.482856,46.303266],[13.482888,46.303243],[13.483931,46.302398],[13.484083,46.30222],[13.484234,46.301917],[13.484642,46.300982],[13.48498,46.300314],[13.485441,46.299462],[13.485602,46.299274],[13.48604,46.298849],[13.486555,46.298453],[13.487027,46.298129],[13.487378,46.297919],[13.487777,46.297696],[13.488176,46.297513],[13.488817,46.297317],[13.489436,46.297189],[13.489965,46.297149],[13.490447,46.297139],[13.490651,46.297106],[13.490936,46.297028],[13.491204,46.296894],[13.491483,46.296713],[13.491712,46.296533],[13.492069,46.296161],[13.49224,46.296011],[13.492553,46.29575],[13.49263,46.295706],[13.492757,46.295589],[13.493098,46.295364],[13.493449,46.295227],[13.493916,46.295082],[13.494587,46.294757],[13.494785,46.294614],[13.494895,46.29441],[13.494906,46.294328],[13.494879,46.294095],[13.494906,46.293718],[13.49497,46.293557],[13.495075,46.293383],[13.495334,46.293116],[13.495969,46.292809],[13.496286,46.29271],[13.497059,46.292466],[13.497155,46.292421],[13.497402,46.292247],[13.49781,46.291911],[13.497921,46.291772],[13.498086,46.291486],[13.498233,46.291266],[13.498698,46.290864],[13.499147,46.290472],[13.499434,46.290133],[13.499577,46.289945],[13.50002,46.289371],[13.500137,46.289244],[13.500405,46.289026],[13.50064,46.288895],[13.501016,46.288742],[13.501381,46.288649],[13.501601,46.288631],[13.501914,46.288646],[13.502201,46.288692],[13.502963,46.288898],[13.503303,46.288981],[13.503811,46.289049],[13.504344,46.289048],[13.504588,46.289018],[13.504833,46.288973],[13.505118,46.288894],[13.50671,46.288282],[13.507222,46.288069],[13.507851,46.287763],[13.509893,46.286716],[13.510568,46.286439],[13.511348,46.286108],[13.511765,46.285848],[13.511928,46.285698],[13.512272,46.285317],[13.512493,46.285101],[13.512782,46.284884],[13.51297,46.284759],[13.513194,46.284643],[13.513609,46.28446],[13.514317,46.284187],[13.514765,46.284063],[13.516693,46.283635],[13.519667,46.282914],[13.520084,46.282821],[13.520424,46.282783],[13.520722,46.282798],[13.52212,46.282959],[13.522304,46.282998],[13.522481,46.283049],[13.522634,46.283123],[13.522761,46.283212],[13.52287,46.283336],[13.522942,46.283474],[13.523008,46.283666],[13.523031,46.283855],[13.52304,46.284012],[13.523014,46.284157],[13.522956,46.284286],[13.522831,46.284447],[13.522408,46.284868],[13.522333,46.285031],[13.522302,46.285184],[13.522318,46.285324],[13.52248,46.285587],[13.522678,46.285746],[13.523116,46.285993],[13.523296,46.286117],[13.52352,46.286378],[13.523618,46.286591],[13.52372,46.286749],[13.523822,46.286826],[13.523948,46.286881],[13.524186,46.286924],[13.525575,46.286851],[13.526039,46.286789],[13.526455,46.286602],[13.526635,46.286541],[13.526813,46.286519],[13.52701,46.286531],[13.527493,46.286602],[13.527954,46.286531],[13.528515,46.286402],[13.528674,46.286402],[13.528849,46.286437],[13.52988,46.286678],[13.530065,46.286704],[13.530285,46.286709],[13.5305,46.286688],[13.531378,46.286514],[13.531705,46.286409],[13.53216,46.286206],[13.532297,46.286108],[13.532396,46.285993],[13.53261,46.285643],[13.532718,46.285538],[13.53317,46.285276],[13.53388,46.284972],[13.534458,46.284641],[13.53456,46.284567],[13.534778,46.284355],[13.535209,46.284036],[13.536572,46.28361],[13.536735,46.283514],[13.537177,46.283121],[13.537665,46.282572],[13.537988,46.282342],[13.538474,46.282129],[13.540005,46.281633],[13.540443,46.281453],[13.540952,46.281219],[13.541238,46.281125],[13.541535,46.281054],[13.542003,46.280978],[13.542481,46.280927],[13.54327,46.280906],[13.545936,46.280979],[13.546657,46.280985],[13.546921,46.280969],[13.54719,46.280932],[13.547415,46.280861],[13.547993,46.280611],[13.548423,46.280416],[13.548765,46.280333],[13.549106,46.280315],[13.54954,46.280397],[13.549967,46.280502],[13.550139,46.280513],[13.550383,46.280462],[13.551049,46.280234],[13.551455,46.280111],[13.552064,46.279978],[13.552886,46.279845],[13.553056,46.279801],[13.553205,46.279731],[13.553409,46.279586],[13.554289,46.279154],[13.554561,46.27897],[13.554889,46.278395],[13.555096,46.278178],[13.555465,46.277948],[13.555736,46.277803],[13.556875,46.277322],[13.557434,46.27693],[13.557818,46.276734],[13.558163,46.276596],[13.55857,46.276486],[13.559064,46.276392],[13.56118,46.27613],[13.56169,46.276041],[13.5626,46.275841],[13.563624,46.275701],[13.564161,46.275654],[13.565317,46.275619],[13.565738,46.275564],[13.567548,46.275176],[13.567892,46.27505],[13.56919,46.274377],[13.569773,46.27411],[13.570411,46.273854],[13.570572,46.273767],[13.570741,46.273632],[13.570836,46.273514],[13.570885,46.273329],[13.57083,46.273135],[13.570629,46.272654],[13.570342,46.271969],[13.570285,46.271761],[13.570287,46.271589],[13.570332,46.271427],[13.57068,46.27051],[13.570951,46.269856],[13.571134,46.26951],[13.571247,46.269033],[13.571344,46.268902],[13.571515,46.268786],[13.572101,46.268497],[13.572319,46.268354],[13.572435,46.268186],[13.573204,46.266836],[13.573614,46.266443],[13.57561,46.264933],[13.576123,46.264563],[13.576355,46.264441],[13.576664,46.264249],[13.577153,46.263871],[13.577373,46.263734],[13.577972,46.263295],[13.578476,46.262838],[13.578588,46.262644],[13.578618,46.262548],[13.57862,46.26245],[13.578581,46.262285],[13.5785,46.262157],[13.578335,46.261991],[13.577898,46.261712],[13.577737,46.261565],[13.577645,46.261402],[13.577616,46.261258],[13.577627,46.261119],[13.577693,46.26098],[13.578046,46.260603],[13.578144,46.260467],[13.578407,46.259672],[13.578513,46.259499],[13.57858,46.259429],[13.578777,46.259294],[13.579331,46.259056],[13.579654,46.259],[13.580265,46.258984],[13.581483,46.258782],[13.581765,46.258755],[13.582416,46.258736],[13.582713,46.258694],[13.583198,46.258593],[13.583495,46.258515],[13.583708,46.258424],[13.583843,46.258295],[13.583896,46.258068],[13.583886,46.257946],[13.583803,46.257771],[13.583754,46.257598],[13.583828,46.257274],[13.583828,46.257139],[13.583792,46.25707],[13.583635,46.256913],[13.583458,46.256835],[13.583375,46.256764],[13.583284,46.256647],[13.583033,46.256482],[13.582811,46.256289],[13.582703,46.256067],[13.582653,46.25586],[13.582746,46.2553],[13.582936,46.254793],[13.583171,46.254299],[13.583188,46.254224],[13.58318,46.254062],[13.583084,46.253802],[13.583058,46.253631],[13.583079,46.253492],[13.583227,46.253043],[13.583309,46.252883],[13.583395,46.252763],[13.583599,46.252528],[13.583681,46.252377],[13.583745,46.252132],[13.583816,46.251968],[13.584122,46.251574],[13.584219,46.251387],[13.584375,46.250949],[13.584447,46.25084],[13.584585,46.25071],[13.585015,46.25044],[13.585123,46.250351],[13.585249,46.250193],[13.585355,46.24997],[13.585582,46.24928],[13.585592,46.249097],[13.585387,46.248619],[13.585373,46.248402],[13.585407,46.248241],[13.585511,46.247975],[13.585541,46.247814],[13.585498,46.247414],[13.585528,46.246892],[13.585471,46.246704],[13.585382,46.246541],[13.585319,46.246469],[13.585161,46.246345],[13.58506,46.246284],[13.584868,46.246212],[13.584522,46.246119],[13.584214,46.245998],[13.584111,46.245918],[13.583957,46.245757],[13.583854,46.245615],[13.583755,46.245344],[13.583749,46.245031],[13.583788,46.244472],[13.583748,46.244233],[13.583579,46.243956],[13.583335,46.243742],[13.583184,46.243639],[13.582921,46.24352],[13.582701,46.243455],[13.581558,46.24321],[13.581416,46.24318],[13.581254,46.243115],[13.581162,46.243123],[13.580879,46.243238],[13.580557,46.243481],[13.579742,46.244096],[13.578834,46.244755],[13.578422,46.244433],[13.578015,46.244129],[13.577432,46.243581],[13.577286,46.24349],[13.577117,46.243433],[13.576863,46.243411],[13.576428,46.243437],[13.576167,46.243426],[13.575519,46.243331],[13.57476,46.243287],[13.574652,46.243273],[13.574436,46.243242],[13.57382,46.24307],[13.571447,46.242314],[13.571015,46.242193],[13.570644,46.242148],[13.570246,46.24218],[13.568429,46.242504],[13.568237,46.242629],[13.568135,46.242662],[13.567816,46.242708],[13.567536,46.242716],[13.567292,46.242677],[13.566686,46.242457],[13.566561,46.242438],[13.566435,46.24244],[13.566165,46.242487],[13.565824,46.242572],[13.565634,46.242596],[13.565391,46.242613],[13.565293,46.242602],[13.565219,46.242743],[13.565408,46.2428],[13.565525,46.242859],[13.565664,46.243048],[13.565722,46.243224],[13.565702,46.243272],[13.565639,46.243316],[13.565331,46.243382],[13.565016,46.243515],[13.564701,46.243701],[13.564614,46.243773],[13.564594,46.243833],[13.564593,46.243958],[13.564651,46.244161],[13.564775,46.244336],[13.56497,46.244465],[13.565167,46.244538],[13.565322,46.24456],[13.565569,46.244557],[13.565754,46.244502],[13.566026,46.244444],[13.566049,46.244488]]},"properties":{"couleur":"#8a6a4f","jour":"2026-08-01","mode":"route","source":"heritee"}},{"type":"Feature","geometry":{"type":"LineString","coordinates":[[13.566049,46.244488],[13.566026,46.244444],[13.565754,46.244502],[13.565569,46.244557],[13.565322,46.24456],[13.565167,46.244538],[13.56497,46.244465],[13.564775,46.244336],[13.564651,46.244161],[13.564593,46.243958],[13.564594,46.243833],[13.564614,46.243773],[13.564701,46.243701],[13.565016,46.243515],[13.565331,46.243382],[13.565639,46.243316],[13.565702,46.243272],[13.565722,46.243224],[13.565664,46.243048],[13.565525,46.242859],[13.565408,46.2428],[13.565219,46.242743],[13.565293,46.242602],[13.565391,46.242613],[13.565634,46.242596],[13.565824,46.242572],[13.566165,46.242487],[13.566435,46.24244],[13.566561,46.242438],[13.566686,46.242457],[13.567292,46.242677],[13.567536,46.242716],[13.567816,46.242708],[13.568135,46.242662],[13.568237,46.242629],[13.568429,46.242504],[13.570246,46.24218],[13.570644,46.242148],[13.571015,46.242193],[13.571447,46.242314],[13.57382,46.24307],[13.574436,46.243242],[13.574652,46.243273],[13.57476,46.243287],[13.575519,46.243331],[13.576167,46.243426],[13.576428,46.243437],[13.576863,46.243411],[13.577117,46.243433],[13.577286,46.24349],[13.577432,46.243581],[13.578015,46.244129],[13.578422,46.244433],[13.578834,46.244755],[13.579742,46.244096],[13.580557,46.243481],[13.580879,46.243238],[13.58102,46.243026],[13.581018,46.242985],[13.58102,46.24297],[13.581043,46.242935],[13.581111,46.242894],[13.581239,46.242884],[13.581331,46.242926],[13.58136,46.242963],[13.581361,46.243033],[13.581558,46.24321],[13.582701,46.243455],[13.582921,46.24352],[13.583184,46.243639],[13.583335,46.243742],[13.583579,46.243956],[13.583748,46.244233],[13.583788,46.244472],[13.583749,46.245031],[13.583755,46.245344],[13.583854,46.245615],[13.583957,46.245757],[13.584111,46.245918],[13.584214,46.245998],[13.584522,46.246119],[13.584868,46.246212],[13.58506,46.246284],[13.585161,46.246345],[13.585319,46.246469],[13.585382,46.246541],[13.585471,46.246704],[13.585528,46.246892],[13.585498,46.247414],[13.585541,46.247814],[13.585511,46.247975],[13.585407,46.248241],[13.585373,46.248402],[13.585387,46.248619],[13.585592,46.249097],[13.585582,46.24928],[13.585355,46.24997],[13.585249,46.250193],[13.585123,46.250351],[13.585015,46.25044],[13.584585,46.25071],[13.584447,46.25084],[13.584375,46.250949],[13.584219,46.251387],[13.584122,46.251574],[13.583816,46.251968],[13.583745,46.252132],[13.583681,46.252377],[13.583599,46.252528],[13.583395,46.252763],[13.583309,46.252883],[13.583227,46.253043],[13.583079,46.253492],[13.583058,46.253631],[13.583084,46.253802],[13.58318,46.254062],[13.583188,46.254224],[13.583171,46.254299],[13.582936,46.254793],[13.582746,46.2553],[13.582653,46.25586],[13.582703,46.256067],[13.582811,46.256289],[13.583033,46.256482],[13.583284,46.256647],[13.583375,46.256764],[13.583458,46.256835],[13.583635,46.256913],[13.583792,46.25707],[13.583828,46.257139],[13.583828,46.257274],[13.583754,46.257598],[13.583803,46.257771],[13.583886,46.257946],[13.583896,46.258068],[13.583843,46.258295],[13.583708,46.258424],[13.583495,46.258515],[13.583198,46.258593],[13.582713,46.258694],[13.582416,46.258736],[13.581765,46.258755],[13.581483,46.258782],[13.580265,46.258984],[13.579654,46.259],[13.579331,46.259056],[13.578777,46.259294],[13.57858,46.259429],[13.578513,46.259499],[13.578407,46.259672],[13.578144,46.260467],[13.578046,46.260603],[13.577693,46.26098],[13.577627,46.261119],[13.577616,46.261258],[13.577645,46.261402],[13.577737,46.261565],[13.577898,46.261712],[13.578335,46.261991],[13.5785,46.262157],[13.578581,46.262285],[13.57862,46.26245],[13.578618,46.262548],[13.578588,46.262644],[13.578476,46.262838],[13.577972,46.263295],[13.577373,46.263734],[13.577153,46.263871],[13.576664,46.264249],[13.576355,46.264441],[13.576123,46.264563],[13.57561,46.264933],[13.573614,46.266443],[13.573204,46.266836],[13.572435,46.268186],[13.572319,46.268354],[13.572101,46.268497],[13.571515,46.268786],[13.571344,46.268902],[13.571247,46.269033],[13.571134,46.26951],[13.570951,46.269856],[13.57068,46.27051],[13.570332,46.271427],[13.570287,46.271589],[13.570285,46.271761],[13.570342,46.271969],[13.570629,46.272654],[13.57083,46.273135],[13.570885,46.273329],[13.570836,46.273514],[13.570741,46.273632],[13.570572,46.273767],[13.570411,46.273854],[13.569773,46.27411],[13.56919,46.274377],[13.567892,46.27505],[13.567548,46.275176],[13.565738,46.275564],[13.565317,46.275619],[13.564161,46.275654],[13.563624,46.275701],[13.5626,46.275841],[13.56169,46.276041],[13.56118,46.27613],[13.559064,46.276392],[13.55857,46.276486],[13.558163,46.276596],[13.557818,46.276734],[13.557434,46.27693],[13.556875,46.277322],[13.555736,46.277803],[13.555465,46.277948],[13.555096,46.278178],[13.554889,46.278395],[13.554561,46.27897],[13.554289,46.279154],[13.553409,46.279586],[13.553205,46.279731],[13.553056,46.279801],[13.552886,46.279845],[13.552064,46.279978],[13.551455,46.280111],[13.551049,46.280234],[13.550383,46.280462],[13.550139,46.280513],[13.549967,46.280502],[13.54954,46.280397],[13.549106,46.280315],[13.548765,46.280333],[13.548423,46.280416],[13.547993,46.280611],[13.547415,46.280861],[13.54719,46.280932],[13.546921,46.280969],[13.546657,46.280985],[13.545936,46.280979],[13.54327,46.280906],[13.542481,46.280927],[13.542003,46.280978],[13.541535,46.281054],[13.541238,46.281125],[13.540952,46.281219],[13.540443,46.281453],[13.540005,46.281633],[13.538474,46.282129],[13.537988,46.282342],[13.537665,46.282572],[13.537177,46.283121],[13.536735,46.283514],[13.536572,46.28361],[13.535209,46.284036],[13.534778,46.284355],[13.53456,46.284567],[13.534458,46.284641],[13.53388,46.284972],[13.53317,46.285276],[13.532718,46.285538],[13.53261,46.285643],[13.532396,46.285993],[13.532297,46.286108],[13.53216,46.286206],[13.531705,46.286409],[13.531378,46.286514],[13.5305,46.286688],[13.530285,46.286709],[13.530065,46.286704],[13.52988,46.286678],[13.528849,46.286437],[13.528674,46.286402],[13.528515,46.286402],[13.527954,46.286531],[13.527493,46.286602],[13.52701,46.286531],[13.526813,46.286519],[13.526635,46.286541],[13.526455,46.286602],[13.526039,46.286789],[13.525575,46.286851],[13.524186,46.286924],[13.523948,46.286881],[13.523822,46.286826],[13.52372,46.286749],[13.523618,46.286591],[13.52352,46.286378],[13.523296,46.286117],[13.523116,46.285993],[13.522678,46.285746],[13.52248,46.285587],[13.522318,46.285324],[13.522302,46.285184],[13.522333,46.285031],[13.522408,46.284868],[13.522831,46.284447],[13.522956,46.284286],[13.523014,46.284157],[13.52304,46.284012],[13.523031,46.283855],[13.523008,46.283666],[13.522942,46.283474],[13.52287,46.283336],[13.522761,46.283212],[13.522634,46.283123],[13.522481,46.283049],[13.522304,46.282998],[13.52212,46.282959],[13.520722,46.282798],[13.520424,46.282783],[13.520084,46.282821],[13.519667,46.282914],[13.516693,46.283635],[13.514765,46.284063],[13.514317,46.284187],[13.513609,46.28446],[13.513194,46.284643],[13.51297,46.284759],[13.512782,46.284884],[13.512493,46.285101],[13.512272,46.285317],[13.511928,46.285698],[13.511765,46.285848],[13.511348,46.286108],[13.510568,46.286439],[13.509893,46.286716],[13.507851,46.287763],[13.507222,46.288069],[13.50671,46.288282],[13.505118,46.288894],[13.504833,46.288973],[13.504588,46.289018],[13.504344,46.289048],[13.503811,46.289049],[13.503303,46.288981],[13.502963,46.288898],[13.502201,46.288692],[13.501914,46.288646],[13.501601,46.288631],[13.501381,46.288649],[13.501016,46.288742],[13.50064,46.288895],[13.500405,46.289026],[13.500137,46.289244],[13.50002,46.289371],[13.499577,46.289945],[13.499434,46.290133],[13.499147,46.290472],[13.498698,46.290864],[13.498233,46.291266],[13.498086,46.291486],[13.497921,46.291772],[13.49781,46.291911],[13.497402,46.292247],[13.497155,46.292421],[13.497059,46.292466],[13.496286,46.29271],[13.495969,46.292809],[13.495334,46.293116],[13.495075,46.293383],[13.49497,46.293557],[13.494906,46.293718],[13.494879,46.294095],[13.494906,46.294328],[13.494895,46.29441],[13.494785,46.294614],[13.494587,46.294757],[13.493916,46.295082],[13.493449,46.295227],[13.493098,46.295364],[13.492757,46.295589],[13.49263,46.295706],[13.492553,46.29575],[13.49224,46.296011],[13.492069,46.296161],[13.491712,46.296533],[13.491483,46.296713],[13.491204,46.296894],[13.490936,46.297028],[13.490651,46.297106],[13.490447,46.297139],[13.489965,46.297149],[13.489436,46.297189],[13.488817,46.297317],[13.488176,46.297513],[13.487777,46.297696],[13.487378,46.297919],[13.487027,46.298129],[13.486555,46.298453],[13.48604,46.298849],[13.485602,46.299274],[13.485441,46.299462],[13.48498,46.300314],[13.484642,46.300982],[13.484234,46.301917],[13.484083,46.30222],[13.483931,46.302398],[13.482888,46.303243],[13.482856,46.303266],[13.482714,46.303369],[13.482691,46.303384],[13.482592,46.303449],[13.482291,46.303647],[13.482182,46.303718],[13.481739,46.304008],[13.481576,46.304159],[13.481504,46.304252],[13.481483,46.304289],[13.481169,46.30513],[13.48115,46.305252],[13.481158,46.30549],[13.481256,46.305798],[13.481106,46.30586],[13.481053,46.305862],[13.48095,46.305833],[13.480317,46.305394],[13.479959,46.305121],[13.479905,46.305067],[13.479863,46.304984],[13.479801,46.304554],[13.479748,46.303807],[13.479723,46.303733],[13.479634,46.303637],[13.479506,46.303573],[13.479058,46.303513],[13.478911,46.303507],[13.478823,46.303519],[13.478683,46.303553],[13.478565,46.303657],[13.478537,46.303727],[13.478536,46.303826],[13.478597,46.304078],[13.478589,46.304163],[13.478561,46.304232],[13.478436,46.304361],[13.478376,46.304393],[13.478247,46.304422],[13.477803,46.304458],[13.477503,46.304494],[13.477381,46.304521],[13.476383,46.304928],[13.475876,46.305155],[13.475788,46.305205],[13.475221,46.305623],[13.474699,46.306054],[13.473916,46.306615],[13.47325,46.307055],[13.472794,46.307379],[13.471084,46.308503],[13.470629,46.308721],[13.47049,46.308848],[13.470256,46.309164],[13.470085,46.309321],[13.469651,46.309518],[13.469382,46.309611],[13.469264,46.309627],[13.469128,46.309622],[13.468933,46.309517],[13.468898,46.309438],[13.468898,46.309333],[13.468946,46.309242],[13.46908,46.309154],[13.469233,46.309123],[13.469393,46.309071],[13.469504,46.309005],[13.470703,46.307945],[13.471008,46.307587],[13.471083,46.307441],[13.471063,46.307364],[13.471014,46.307316],[13.470938,46.307287],[13.47084,46.307285],[13.470736,46.307338],[13.470599,46.307587],[13.470464,46.307775],[13.47031,46.307938],[13.470133,46.308055],[13.469151,46.308586],[13.46899,46.308608],[13.468798,46.308608],[13.468597,46.308559],[13.468138,46.308081],[13.467979,46.307969],[13.467441,46.307739],[13.46729,46.307688],[13.467172,46.307694],[13.466769,46.307823],[13.466567,46.307856],[13.466111,46.307874],[13.465703,46.307911],[13.465537,46.307904],[13.46539,46.307848],[13.46528,46.307768],[13.464826,46.307314],[13.464704,46.30724],[13.463069,46.306786],[13.462815,46.306676],[13.462606,46.306558],[13.461473,46.305674],[13.461317,46.305501],[13.461252,46.305023],[13.461301,46.304863],[13.461573,46.304547],[13.462041,46.304256],[13.462122,46.30415],[13.462119,46.304031],[13.462039,46.303947],[13.461944,46.303896],[13.461869,46.303879],[13.461464,46.303902],[13.46102,46.303937],[13.460566,46.304016],[13.460436,46.304025],[13.460315,46.303991],[13.460027,46.303795],[13.459886,46.303753],[13.459754,46.303763],[13.459043,46.303987],[13.458824,46.304023],[13.45861,46.30401],[13.458387,46.303973],[13.458156,46.303896],[13.457252,46.303472],[13.456928,46.303357],[13.456591,46.303267],[13.456418,46.303205],[13.455659,46.30282],[13.45538,46.302727],[13.454896,46.302607],[13.454718,46.302516],[13.454616,46.302418],[13.45451,46.302114],[13.454073,46.301786],[13.453893,46.301703],[13.45369,46.301649],[13.453528,46.301643],[13.453359,46.301675],[13.453216,46.301759],[13.452926,46.302057],[13.452773,46.302113],[13.451842,46.302272],[13.451154,46.302437],[13.451032,46.30244],[13.4506,46.302295],[13.449939,46.302334],[13.448353,46.302317],[13.447981,46.302269],[13.446377,46.301874],[13.446194,46.301853],[13.44584,46.301889],[13.443239,46.301219],[13.442598,46.301215],[13.442374,46.301165],[13.441308,46.300565],[13.440911,46.300321],[13.440385,46.299891],[13.439966,46.299593],[13.439872,46.29949],[13.439838,46.299408],[13.439916,46.2991],[13.43988,46.299011],[13.439818,46.298928],[13.439433,46.298765],[13.439248,46.298663],[13.439164,46.298567],[13.439146,46.298421],[13.439229,46.29806],[13.439253,46.297849],[13.439223,46.297756],[13.439138,46.297688],[13.439001,46.297649],[13.438835,46.297674],[13.438724,46.297729],[13.438509,46.297991],[13.438384,46.298063],[13.438219,46.298076],[13.438065,46.29803],[13.437868,46.297812],[13.437733,46.297752],[13.437568,46.297752],[13.437466,46.297791],[13.437324,46.297867],[13.437199,46.297989],[13.43684,46.298654],[13.436781,46.298747],[13.436485,46.299139],[13.436187,46.300177],[13.435845,46.301009],[13.435756,46.301134],[13.435243,46.301612],[13.435118,46.30172],[13.434954,46.301795],[13.434173,46.301945],[13.433789,46.301996],[13.433222,46.302034],[13.43237,46.302197],[13.432064,46.30222],[13.431435,46.302139],[13.431244,46.302156],[13.431084,46.302226],[13.430852,46.302396],[13.430743,46.302434],[13.430639,46.302434],[13.430517,46.302408],[13.430365,46.302259],[13.430215,46.302179],[13.430036,46.30214],[13.429763,46.302112],[13.429606,46.302111],[13.428156,46.302373],[13.427554,46.302586],[13.427413,46.302601],[13.427062,46.302546],[13.426926,46.30254],[13.426826,46.302562],[13.426721,46.302607],[13.426446,46.302777],[13.425313,46.303617],[13.425233,46.303712],[13.425197,46.303837],[13.425102,46.303937],[13.425007,46.303998],[13.424513,46.304184],[13.424245,46.304341],[13.424019,46.304616],[13.423795,46.304795],[13.422639,46.305355],[13.422278,46.30543],[13.422064,46.305439],[13.4219,46.305383],[13.421576,46.305222],[13.421417,46.305169],[13.420925,46.305139],[13.420662,46.304981],[13.420566,46.304887],[13.420469,46.304742],[13.420317,46.304693],[13.420214,46.304686],[13.42005,46.304701],[13.41995,46.304752],[13.419837,46.304868],[13.419617,46.305035],[13.419214,46.305213],[13.418945,46.305359],[13.41853,46.305515],[13.418455,46.305524],[13.418328,46.305506],[13.417857,46.305273],[13.417682,46.305212],[13.417529,46.305201],[13.417454,46.305217],[13.417358,46.305261],[13.417312,46.305304],[13.417166,46.305489],[13.41704,46.305587],[13.416967,46.305605],[13.416692,46.30563],[13.416307,46.305723],[13.416153,46.305785],[13.415732,46.306036],[13.415648,46.306071],[13.415393,46.306136],[13.414577,46.306289],[13.414424,46.306316],[13.414063,46.30637],[13.413913,46.306354],[13.41382,46.306331],[13.413448,46.306239],[13.413304,46.306225],[13.413204,46.306224],[13.412863,46.30622],[13.412748,46.30622],[13.412131,46.306213],[13.411348,46.306204],[13.411088,46.306161],[13.410383,46.306003],[13.410142,46.30597],[13.409794,46.305946],[13.409506,46.305925],[13.409268,46.305939],[13.408123,46.306095],[13.407834,46.306163],[13.407656,46.306172],[13.407324,46.306153],[13.406899,46.306135],[13.406808,46.306121],[13.406514,46.306027],[13.405866,46.305924],[13.405514,46.305793],[13.404873,46.305683],[13.404839,46.305742],[13.404721,46.305781],[13.404263,46.305834],[13.404003,46.305891],[13.40278,46.306081],[13.402294,46.30613],[13.401951,46.306214],[13.401024,46.306227],[13.400182,46.306393],[13.39898,46.306855],[13.398635,46.306917],[13.398453,46.306914],[13.398311,46.306932],[13.398191,46.306972],[13.397909,46.307135],[13.397838,46.307159],[13.397695,46.307177],[13.397549,46.307213],[13.397333,46.307298],[13.397074,46.307378],[13.39687,46.307483],[13.396776,46.307617],[13.396766,46.307745],[13.396707,46.307859],[13.396664,46.307912],[13.396524,46.307985],[13.39617,46.308258],[13.396002,46.308425],[13.395792,46.308766],[13.395539,46.309368],[13.395523,46.309462],[13.39539,46.309639],[13.395384,46.309803],[13.395338,46.309931],[13.395256,46.31001],[13.395194,46.310154],[13.395201,46.310212],[13.395277,46.310384],[13.395261,46.31046],[13.395168,46.310533],[13.394816,46.310617],[13.394748,46.310713],[13.394751,46.31076],[13.394796,46.310814],[13.394947,46.310879],[13.395081,46.310958],[13.395222,46.311092],[13.395341,46.311258],[13.395395,46.31163],[13.395399,46.311851],[13.395456,46.312031],[13.395493,46.312277],[13.395548,46.312417],[13.395529,46.312487],[13.395474,46.312546],[13.395406,46.312583],[13.395087,46.312651],[13.395045,46.312671],[13.394939,46.312781],[13.394868,46.312829],[13.394712,46.31289],[13.394451,46.312954],[13.394256,46.313073],[13.393985,46.31314],[13.393705,46.313385],[13.39357,46.313597],[13.393481,46.313657],[13.39327,46.313758],[13.39322,46.313803],[13.393197,46.313876],[13.393209,46.313917],[13.393452,46.314177],[13.393503,46.314254],[13.393532,46.314474],[13.393513,46.314554],[13.393465,46.314633],[13.393409,46.314664],[13.393251,46.314747],[13.393128,46.314734],[13.392727,46.314496],[13.392635,46.314484],[13.392569,46.314495],[13.392518,46.314608],[13.392513,46.314822],[13.392413,46.314951],[13.392381,46.315041],[13.392309,46.3151],[13.392228,46.315161],[13.392173,46.3153],[13.392046,46.315448],[13.392019,46.315586],[13.391912,46.315881],[13.391914,46.316077],[13.39197,46.316194],[13.39195,46.31627],[13.391862,46.316403],[13.391848,46.316539],[13.39182,46.31664],[13.391792,46.316697],[13.391655,46.316799],[13.391528,46.316871],[13.391359,46.316928],[13.391249,46.317037],[13.391151,46.317092],[13.39104,46.317213],[13.390939,46.317354],[13.390872,46.31749],[13.39086,46.31757],[13.390887,46.317751],[13.390879,46.317803],[13.390799,46.317944],[13.390837,46.318163],[13.39082,46.318463],[13.390805,46.318551],[13.390789,46.318626],[13.3908,46.318738],[13.390713,46.318898],[13.390704,46.31903],[13.390768,46.319196],[13.390752,46.319233],[13.390679,46.319292],[13.390603,46.31933],[13.390385,46.319385],[13.390247,46.31945],[13.390136,46.319566],[13.389843,46.319761],[13.38976,46.319806],[13.389521,46.319915],[13.389242,46.320087],[13.389223,46.320129],[13.38923,46.320183],[13.389302,46.320328],[13.389299,46.320373],[13.389272,46.320398],[13.389117,46.320479],[13.388862,46.32047],[13.388687,46.320523],[13.388617,46.320582],[13.388529,46.320624],[13.388105,46.320747],[13.387649,46.321],[13.387512,46.321028],[13.387356,46.321014],[13.38725,46.321032],[13.386824,46.321212],[13.386715,46.321249],[13.386295,46.321376],[13.386133,46.321495],[13.386031,46.321534],[13.385913,46.321587],[13.385801,46.32172],[13.385744,46.321762],[13.385621,46.321798],[13.385476,46.32181],[13.385024,46.321977],[13.38496,46.32205],[13.384952,46.322164],[13.384901,46.322221],[13.38475,46.32227],[13.384668,46.322284],[13.384596,46.322277],[13.38449,46.322228],[13.384442,46.322222],[13.384226,46.322292],[13.383953,46.322316],[13.383869,46.322344],[13.383664,46.322474],[13.383521,46.322478],[13.383228,46.322427],[13.382998,46.322428],[13.382184,46.322582],[13.382087,46.322598],[13.381919,46.322582],[13.381645,46.322584],[13.381446,46.322626],[13.38128,46.32272],[13.380982,46.32306],[13.380928,46.323102],[13.380824,46.323138],[13.380741,46.323148],[13.380665,46.323138],[13.380454,46.323027],[13.380213,46.323005],[13.379884,46.323003],[13.379406,46.323071],[13.378749,46.323225],[13.378624,46.323287],[13.378555,46.32334],[13.378503,46.323422],[13.378219,46.323653],[13.37815,46.323751],[13.378001,46.323898],[13.378007,46.324071],[13.377981,46.324202],[13.377905,46.324291],[13.377786,46.324346],[13.377688,46.32436],[13.37731,46.324335],[13.377038,46.324379],[13.37685,46.324381],[13.376652,46.324447],[13.376481,46.324528],[13.376241,46.324625],[13.376057,46.324783],[13.375967,46.324812],[13.375893,46.324814],[13.375612,46.324736],[13.375451,46.324738],[13.375284,46.324788],[13.374806,46.324999],[13.374403,46.325061],[13.37411,46.32516],[13.373891,46.325169],[13.373802,46.325189],[13.373492,46.325381],[13.372974,46.325562],[13.372808,46.325645],[13.372625,46.325803],[13.372383,46.325913],[13.372335,46.325949],[13.372304,46.326041],[13.372246,46.326117],[13.372151,46.326193],[13.371845,46.326296],[13.371284,46.326564],[13.371129,46.326613],[13.370958,46.326692],[13.370429,46.327025],[13.370145,46.327122],[13.369862,46.327145],[13.369723,46.327265],[13.369463,46.327393],[13.369179,46.327568],[13.369113,46.327577],[13.368829,46.327552],[13.368482,46.327726],[13.368047,46.327838],[13.367833,46.328163],[13.367697,46.328229],[13.367592,46.328246],[13.367488,46.328229],[13.36738,46.328184],[13.367281,46.32812],[13.367237,46.328053],[13.367195,46.327902],[13.367165,46.327861],[13.367084,46.327835],[13.36702,46.327839],[13.366593,46.328037],[13.36645,46.328084],[13.365914,46.328106],[13.365549,46.328186],[13.365427,46.328189],[13.365147,46.328152],[13.364908,46.328083],[13.364786,46.32808],[13.364667,46.328104],[13.364544,46.328134],[13.364447,46.328201],[13.364285,46.328366],[13.364194,46.328425],[13.364092,46.328466],[13.364018,46.328473],[13.363819,46.328456],[13.363601,46.328552],[13.363501,46.32857],[13.363319,46.328512],[13.363257,46.328385],[13.363164,46.328303],[13.363066,46.328281],[13.362616,46.328264],[13.362277,46.328278],[13.362123,46.328286],[13.362025,46.328307],[13.361942,46.328355],[13.361883,46.32842],[13.361753,46.328481],[13.361696,46.328491],[13.361179,46.328492],[13.360973,46.328511],[13.360855,46.328537],[13.360636,46.328653],[13.360569,46.328667],[13.360471,46.328659],[13.360252,46.328567],[13.36015,46.32855],[13.359932,46.328565],[13.359711,46.328619],[13.359179,46.328675],[13.359128,46.328672],[13.358976,46.32861],[13.358807,46.328605],[13.358698,46.328683],[13.358551,46.328865],[13.358512,46.328885],[13.358438,46.328894],[13.358329,46.328867],[13.358171,46.328746],[13.358048,46.328712],[13.357875,46.328701],[13.357289,46.328844],[13.356827,46.328849],[13.356723,46.328887],[13.356573,46.329005],[13.356426,46.329073],[13.356187,46.329085],[13.355431,46.329079],[13.355288,46.329124],[13.354972,46.329306],[13.354839,46.32933],[13.354739,46.329305],[13.354701,46.329278],[13.354579,46.32912],[13.354499,46.329074],[13.354389,46.329047],[13.353685,46.329071],[13.353583,46.329091],[13.353501,46.32913],[13.353214,46.32933],[13.353015,46.329505],[13.352954,46.329534],[13.352824,46.329559],[13.352451,46.329537],[13.352319,46.329577],[13.352242,46.329654],[13.352115,46.330021],[13.352026,46.330071],[13.35195,46.330079],[13.35152,46.329998],[13.351333,46.330022],[13.351076,46.330126],[13.350917,46.330114],[13.350851,46.330084],[13.350783,46.330035],[13.350734,46.329957],[13.350822,46.329555],[13.350889,46.329386],[13.350873,46.3293],[13.350788,46.329272],[13.350204,46.329249],[13.35003,46.329291],[13.349782,46.329422],[13.349641,46.329457],[13.349435,46.329437],[13.349299,46.329406],[13.349152,46.3294],[13.348988,46.32943],[13.348431,46.329611],[13.347939,46.329846],[13.347702,46.329939],[13.347613,46.330006],[13.347465,46.330183],[13.34741,46.330204],[13.347144,46.330211],[13.347053,46.330229],[13.346938,46.330278],[13.346855,46.33034],[13.346725,46.330603],[13.346616,46.3307],[13.346462,46.330732],[13.346361,46.330735],[13.346117,46.330666],[13.346018,46.330615],[13.345933,46.330614],[13.345857,46.330638],[13.345771,46.330702],[13.345624,46.330884],[13.34551,46.330988],[13.34539,46.331025],[13.345267,46.331018],[13.345135,46.330967],[13.345047,46.330937],[13.344836,46.330901],[13.344753,46.3309],[13.344661,46.330914],[13.344485,46.330998],[13.34439,46.331062],[13.344332,46.331078],[13.343974,46.331057],[13.343863,46.331058],[13.343762,46.331081],[13.343676,46.331124],[13.343621,46.331176],[13.343501,46.331349],[13.343433,46.331415],[13.343317,46.331466],[13.343238,46.331466],[13.34313,46.331435],[13.34299,46.331302],[13.342867,46.331227],[13.342773,46.33121],[13.342443,46.331203],[13.342101,46.331236],[13.341253,46.331426],[13.341069,46.331504],[13.340781,46.331786],[13.340645,46.331833],[13.34055,46.331823],[13.340506,46.331805],[13.34037,46.331666],[13.340296,46.331628],[13.340185,46.331614],[13.340105,46.331626],[13.339998,46.33168],[13.339877,46.331812],[13.339804,46.33193],[13.339742,46.331962],[13.339658,46.331976],[13.339552,46.331961],[13.339467,46.331905],[13.339401,46.331813],[13.339356,46.331768],[13.339275,46.331742],[13.339184,46.331756],[13.339082,46.331797],[13.338557,46.332084],[13.338295,46.332282],[13.33825,46.332352],[13.338228,46.332473],[13.338164,46.332515],[13.338047,46.332529],[13.33794,46.332523],[13.337834,46.332493],[13.33759,46.332519],[13.33719,46.332737],[13.337093,46.332835],[13.337037,46.332926],[13.336956,46.332991],[13.336768,46.333045],[13.336682,46.333038],[13.336597,46.333003],[13.336543,46.33295],[13.336375,46.332885],[13.33627,46.332872],[13.336045,46.332897],[13.335908,46.332961],[13.335831,46.333068],[13.33578,46.333188],[13.33572,46.333244],[13.335657,46.333271],[13.335497,46.333267],[13.335257,46.33321],[13.335112,46.333223],[13.333556,46.333839],[13.333408,46.333874],[13.332386,46.334009],[13.332303,46.334041],[13.332166,46.334141],[13.332042,46.334289],[13.331867,46.334681],[13.331726,46.334779],[13.331326,46.334928],[13.331225,46.334989],[13.331099,46.335085],[13.331005,46.335223],[13.330929,46.335289],[13.3308,46.335346],[13.330521,46.33541],[13.330382,46.335421],[13.330227,46.335423],[13.329622,46.335494],[13.32906,46.335593],[13.32864,46.335666],[13.328406,46.335699],[13.326167,46.335785],[13.326074,46.335765],[13.326028,46.335731],[13.325931,46.335624],[13.325879,46.335585],[13.325503,46.335431],[13.325231,46.335346],[13.325004,46.335294],[13.324474,46.335229],[13.324381,46.335192],[13.324341,46.335156],[13.324276,46.334932],[13.324241,46.334899],[13.324133,46.334886],[13.324013,46.334894],[13.323176,46.335054],[13.322681,46.33521],[13.32212,46.335473],[13.321149,46.335895],[13.320442,46.33625],[13.32019,46.336332],[13.320069,46.336402],[13.319956,46.336468],[13.319724,46.336663],[13.319667,46.336691],[13.319443,46.336721],[13.319257,46.336706],[13.319151,46.336714],[13.319106,46.336744],[13.319076,46.336796],[13.318965,46.337054],[13.318874,46.33706],[13.318842,46.337043],[13.318817,46.336933],[13.318764,46.336869],[13.318706,46.336846],[13.318606,46.336839],[13.318491,46.336858],[13.31837,46.336892],[13.317327,46.337397],[13.317137,46.337463],[13.31638,46.337663],[13.316107,46.337764],[13.315912,46.337884],[13.315463,46.33811],[13.315033,46.338516],[13.314972,46.338554],[13.314854,46.338592],[13.314452,46.338641],[13.314266,46.338686],[13.314085,46.338767],[13.313905,46.338873],[13.313755,46.338998],[13.313552,46.339203],[13.312757,46.339867],[13.312576,46.340064],[13.312163,46.340359],[13.311967,46.340592],[13.311759,46.340692],[13.311398,46.340801],[13.311081,46.341063],[13.310969,46.341112],[13.310848,46.341143],[13.310755,46.341193],[13.310572,46.341415],[13.310363,46.341632],[13.310246,46.341825],[13.31012,46.341913],[13.309827,46.342041],[13.309768,46.342049],[13.309725,46.342037],[13.309706,46.342016],[13.309709,46.341975],[13.309725,46.341957],[13.309893,46.341896],[13.310069,46.341766],[13.310093,46.3417],[13.310106,46.341543],[13.310221,46.341315],[13.310197,46.341073],[13.310376,46.340734],[13.310457,46.340499],[13.310592,46.340292],[13.310876,46.340029],[13.311085,46.3399],[13.311094,46.339841],[13.311062,46.339819],[13.310964,46.339828],[13.310888,46.339901],[13.310649,46.34002],[13.310189,46.340242],[13.309826,46.340483],[13.309499,46.340871],[13.309344,46.341083],[13.309057,46.341394],[13.308994,46.341438],[13.308916,46.341435],[13.308889,46.341388],[13.309029,46.341226],[13.309101,46.341074],[13.309117,46.340979],[13.309101,46.340718],[13.309105,46.340536],[13.309192,46.340406],[13.309188,46.340358],[13.309165,46.340341],[13.309114,46.340337],[13.309038,46.340376],[13.308531,46.340997],[13.308036,46.341402],[13.307939,46.341583],[13.307829,46.34189],[13.307789,46.341928],[13.307699,46.341934],[13.307584,46.341905],[13.307229,46.341866],[13.306973,46.341887],[13.306654,46.34189],[13.306581,46.34191],[13.306368,46.342018],[13.306221,46.342086],[13.305756,46.342254],[13.305609,46.34234],[13.305311,46.342556],[13.305062,46.342647],[13.304906,46.342678],[13.304657,46.34269],[13.304323,46.342776],[13.303647,46.342878],[13.303314,46.342993],[13.303051,46.343013],[13.302923,46.343039],[13.302628,46.34311],[13.302024,46.343299],[13.301753,46.343329],[13.300943,46.343624],[13.300585,46.343711],[13.300216,46.343746],[13.299257,46.343751],[13.299005,46.343801],[13.298944,46.343801],[13.298913,46.34376],[13.298977,46.343699],[13.299762,46.343332],[13.300032,46.34318],[13.300254,46.343062],[13.300338,46.342991],[13.300481,46.342829],[13.300507,46.342705],[13.300446,46.342644],[13.300167,46.342606],[13.299807,46.342488],[13.299655,46.34249],[13.299372,46.342557],[13.299252,46.34255],[13.299064,46.342493],[13.298997,46.342522],[13.299002,46.342733],[13.298986,46.342813],[13.298966,46.342847],[13.298901,46.342862],[13.298804,46.342855],[13.298685,46.342871],[13.298498,46.342957],[13.298397,46.343044],[13.298,46.343186],[13.297574,46.343391],[13.297507,46.343405],[13.297459,46.343396],[13.297429,46.343339],[13.297451,46.34328],[13.297493,46.343247],[13.297668,46.343175],[13.297738,46.343078],[13.297721,46.342999],[13.29767,46.342925],[13.297621,46.3429],[13.297547,46.342897],[13.297454,46.342935],[13.297363,46.34306],[13.297243,46.343162],[13.297051,46.343237],[13.296869,46.343278],[13.296762,46.343317],[13.296523,46.343402],[13.295868,46.343641],[13.295372,46.344045],[13.295251,46.344123],[13.295078,46.344467],[13.294998,46.344854],[13.295042,46.344994],[13.295007,46.345077],[13.294873,46.34523],[13.294841,46.345328],[13.294845,46.345503],[13.294777,46.345777],[13.294657,46.345939],[13.294675,46.346015],[13.294746,46.346115],[13.294765,46.346211],[13.294762,46.346595],[13.29475,46.346616],[13.294707,46.346627],[13.294667,46.346627],[13.294633,46.346605],[13.294609,46.346543],[13.29459,46.346297],[13.294555,46.346265],[13.294495,46.346245],[13.294413,46.346249],[13.294123,46.346291],[13.294026,46.346336],[13.29387,46.34647],[13.293629,46.346762],[13.293237,46.347433],[13.293099,46.347798],[13.293023,46.348395],[13.292984,46.348525],[13.292922,46.348644],[13.292761,46.348884],[13.292738,46.348974],[13.292768,46.350103],[13.292801,46.350158],[13.292942,46.350282],[13.293011,46.350368],[13.293039,46.350487],[13.293057,46.350703],[13.293066,46.350748],[13.293164,46.351062],[13.293063,46.351481],[13.293096,46.351646],[13.293343,46.351968],[13.293488,46.352369],[13.293557,46.352491],[13.293775,46.352748],[13.294143,46.353052],[13.294408,46.353419],[13.294661,46.354107],[13.294696,46.354412],[13.29477,46.354671],[13.294766,46.354872],[13.294659,46.35516],[13.294419,46.355619],[13.294391,46.35568],[13.294374,46.355783],[13.2944,46.35597],[13.294439,46.356054],[13.294557,46.356201],[13.294765,46.356382],[13.294812,46.356457],[13.29483,46.356569],[13.29482,46.356722],[13.294868,46.356996],[13.294931,46.357235],[13.29503,46.357492],[13.295435,46.358171],[13.295628,46.358402],[13.295687,46.35851],[13.295703,46.358612],[13.295674,46.358734],[13.295481,46.359091],[13.29545,46.359205],[13.295447,46.359386],[13.295492,46.359544],[13.295597,46.359691],[13.295861,46.359976],[13.296134,46.3604],[13.296257,46.360644],[13.296275,46.360783],[13.296336,46.360984],[13.296412,46.361111],[13.296546,46.361259],[13.296626,46.361586],[13.296767,46.361835],[13.297336,46.362611],[13.297664,46.362873],[13.298136,46.363291],[13.298215,46.363398],[13.298261,46.363521],[13.298269,46.363614],[13.29821,46.363866],[13.298099,46.36417],[13.298084,46.364207],[13.298005,46.364361],[13.297768,46.364525],[13.297625,46.364584],[13.297115,46.364737],[13.296932,46.36484],[13.296839,46.364917],[13.296666,46.365128],[13.296347,46.365587],[13.296305,46.365743],[13.296248,46.366366],[13.296185,46.366585],[13.296029,46.36698],[13.296014,46.367305],[13.295986,46.367428],[13.295889,46.36759],[13.295253,46.368312],[13.295178,46.368439],[13.295069,46.368706],[13.295043,46.368838],[13.295052,46.368977],[13.295129,46.369264],[13.295113,46.369732],[13.295035,46.36988],[13.29493,46.369971],[13.294765,46.370077],[13.294748,46.370112],[13.294627,46.370125],[13.294505,46.370172],[13.294379,46.370302],[13.294173,46.370597],[13.2941,46.370674],[13.294032,46.37071],[13.293913,46.370728],[13.293822,46.370721],[13.293529,46.370703],[13.293367,46.370716],[13.2932,46.370751],[13.292115,46.371176],[13.291263,46.371491],[13.290021,46.371833],[13.289632,46.37205],[13.288857,46.372535],[13.28806,46.373083],[13.287529,46.373362],[13.287327,46.373444],[13.286851,46.373584],[13.286087,46.373765],[13.285615,46.373845],[13.285002,46.373874],[13.284122,46.373863],[13.282856,46.373813],[13.282498,46.373832],[13.282344,46.373857],[13.281181,46.374164],[13.280993,46.374253],[13.280869,46.374369],[13.280698,46.374613],[13.280194,46.375374],[13.279948,46.375762],[13.279828,46.375882],[13.279539,46.37619],[13.279376,46.376613],[13.279345,46.376662],[13.279276,46.376716],[13.279034,46.3768],[13.278852,46.376829],[13.278439,46.376853],[13.277837,46.376949],[13.277047,46.376979],[13.276849,46.376946],[13.27627,46.376775],[13.276015,46.376719],[13.27567,46.376669],[13.274888,46.376686],[13.274364,46.376713],[13.273906,46.376776],[13.273689,46.376826],[13.273444,46.376916],[13.272758,46.377215],[13.272394,46.377535],[13.27211,46.377819],[13.271804,46.378324],[13.271742,46.378384],[13.271616,46.378504],[13.271433,46.378622],[13.271059,46.378816],[13.269754,46.37942],[13.268625,46.379617],[13.268276,46.379685],[13.267889,46.379725],[13.267706,46.379713],[13.267478,46.379656],[13.267206,46.379571],[13.266842,46.379479],[13.266224,46.379525],[13.266015,46.379526],[13.265134,46.379308],[13.264792,46.379256],[13.263431,46.379152],[13.262108,46.378983],[13.260944,46.378872],[13.260523,46.378897],[13.258372,46.379209],[13.258133,46.379231],[13.257176,46.379261],[13.256142,46.379216],[13.254196,46.379448],[13.252922,46.379551],[13.252675,46.379611],[13.252223,46.379759],[13.251337,46.379925],[13.249646,46.38033],[13.248892,46.380366],[13.24846,46.380423],[13.247884,46.380461],[13.247434,46.380452],[13.246817,46.380398],[13.246593,46.380419],[13.243228,46.381488],[13.242897,46.381552],[13.242458,46.381581],[13.241569,46.381601],[13.240431,46.381601],[13.240146,46.381628],[13.240014,46.381656],[13.239675,46.381786],[13.238478,46.382395],[13.237377,46.382805],[13.236808,46.383035],[13.236295,46.383179],[13.235932,46.383301],[13.234138,46.384074],[13.233644,46.384207],[13.232894,46.384306],[13.23256,46.384371],[13.232272,46.384453],[13.231707,46.384673],[13.231114,46.384978],[13.230986,46.385037],[13.230779,46.385102],[13.230062,46.385189],[13.229663,46.38526],[13.229037,46.385514],[13.228551,46.385736],[13.22825,46.385931],[13.227886,46.386118],[13.227695,46.386197],[13.226799,46.386567],[13.226563,46.386696],[13.225944,46.387141],[13.225131,46.387973],[13.225079,46.388075],[13.225035,46.388321],[13.22499,46.38904],[13.225029,46.389438],[13.225001,46.389528],[13.224937,46.389662],[13.224765,46.389821],[13.224641,46.389894],[13.224439,46.389975],[13.22407,46.390064],[13.223919,46.390078],[13.2238,46.390072],[13.221922,46.389659],[13.221763,46.389608],[13.221498,46.389442],[13.22138,46.389336],[13.221082,46.388934],[13.220866,46.388844],[13.220672,46.388804],[13.220497,46.388803],[13.220214,46.388849],[13.219851,46.388971],[13.219578,46.38903],[13.218951,46.389132],[13.218785,46.389195],[13.218677,46.389255],[13.218435,46.389471],[13.218257,46.389671],[13.21807,46.389944],[13.217932,46.390215],[13.217883,46.390349],[13.217868,46.390471],[13.217885,46.391139],[13.217938,46.391758],[13.218084,46.392764],[13.218192,46.393124],[13.218083,46.393143],[13.217418,46.393255],[13.217136,46.393322],[13.216156,46.393738],[13.21586,46.393838],[13.215234,46.394005],[13.21452,46.394159],[13.211168,46.39478],[13.21096,46.394817],[13.209283,46.395105],[13.209124,46.395143],[13.209007,46.395202],[13.208827,46.395346],[13.208712,46.395386],[13.208069,46.39543],[13.207627,46.395496],[13.207478,46.395505],[13.206338,46.395444],[13.205748,46.395475],[13.205196,46.395523],[13.204561,46.395633],[13.204227,46.39572],[13.204172,46.395746],[13.204162,46.395768],[13.203151,46.395913],[13.202203,46.396076],[13.201717,46.396185],[13.200625,46.396474],[13.200236,46.396553],[13.19848,46.396745],[13.19795,46.396777],[13.197741,46.396792],[13.196977,46.396826],[13.194862,46.396822],[13.194731,46.396822],[13.194597,46.396823],[13.194267,46.396835],[13.193981,46.396867],[13.193658,46.396936],[13.193326,46.397029],[13.192387,46.397364],[13.192121,46.397486],[13.191799,46.3977],[13.19116,46.398243],[13.190945,46.39839],[13.190662,46.398531],[13.190393,46.398628],[13.189786,46.398777],[13.189314,46.398865],[13.188838,46.398911],[13.188041,46.398954],[13.187757,46.398989],[13.187387,46.399065],[13.186965,46.399211],[13.186304,46.39951],[13.185912,46.399647],[13.185703,46.399701],[13.18551,46.399735],[13.185144,46.399769],[13.184802,46.399773],[13.184438,46.399744],[13.184144,46.39969],[13.1839,46.399619],[13.182227,46.39909],[13.181756,46.398929],[13.180694,46.39857],[13.180218,46.398409],[13.179102,46.39808],[13.178798,46.397998],[13.177304,46.397608],[13.175827,46.397242],[13.173759,46.396679],[13.171827,46.39618],[13.171255,46.396002],[13.170742,46.395797],[13.16844,46.394745],[13.167525,46.394273],[13.166549,46.393711],[13.166384,46.393605],[13.166223,46.393499],[13.16504,46.392596],[13.16467,46.392284],[13.164276,46.391893],[13.162064,46.389244],[13.161499,46.388636],[13.160756,46.388094],[13.160091,46.387721],[13.159343,46.387408],[13.158957,46.387287],[13.158524,46.387172],[13.158423,46.387144],[13.158052,46.387072],[13.157873,46.387033],[13.156894,46.386949],[13.156039,46.386934],[13.155284,46.386966],[13.153064,46.387165],[13.152781,46.387177],[13.151574,46.387124],[13.150886,46.387034],[13.150595,46.387012],[13.150191,46.387003],[13.148,46.387273],[13.145052,46.387507],[13.144517,46.387513],[13.141496,46.387409],[13.141024,46.387328],[13.140643,46.387225],[13.140199,46.387054],[13.139814,46.386846],[13.139433,46.386571],[13.138629,46.38584],[13.13768,46.384976],[13.137364,46.384694],[13.137079,46.384438],[13.136694,46.384116],[13.136616,46.384051],[13.135894,46.383407],[13.13569,46.383225],[13.135108,46.382783],[13.13467,46.382451],[13.133292,46.381392],[13.133153,46.38125],[13.133079,46.381168],[13.132564,46.380586],[13.132364,46.380426],[13.132113,46.380298],[13.131777,46.380205],[13.130337,46.37997],[13.129897,46.379872],[13.129374,46.379792],[13.129044,46.379777],[13.128321,46.379799],[13.127943,46.379842],[13.12725,46.379958],[13.127117,46.37987],[13.127045,46.379747],[13.127015,46.379582],[13.126965,46.379523],[13.126867,46.379505],[13.126755,46.379519],[13.124816,46.38005],[13.121353,46.380956],[13.121253,46.381004],[13.121135,46.381055],[13.120038,46.381321],[13.11893,46.381636],[13.118648,46.381675],[13.118212,46.3817],[13.118053,46.381696],[13.117769,46.381645],[13.117625,46.381594],[13.117093,46.38138],[13.116786,46.381224],[13.114294,46.379794],[13.11281,46.37893],[13.112411,46.37872],[13.111946,46.378486],[13.111198,46.378204],[13.11063,46.378034],[13.109518,46.377745],[13.107816,46.37735],[13.107297,46.377168],[13.106879,46.376988],[13.106333,46.376669],[13.104834,46.375751],[13.103881,46.375192],[13.103011,46.374746],[13.102133,46.374334],[13.101981,46.374265],[13.100522,46.373529],[13.100497,46.373516],[13.100401,46.373473],[13.100122,46.373363],[13.099783,46.373277],[13.099379,46.373241],[13.099019,46.373228],[13.098338,46.373239],[13.097491,46.373258],[13.096892,46.373226],[13.096361,46.373135],[13.095914,46.373034],[13.095171,46.372851],[13.094262,46.372631],[13.091764,46.372027],[13.091673,46.372004],[13.091397,46.371971],[13.091261,46.371993],[13.091206,46.372019],[13.091183,46.372038],[13.09109,46.372079],[13.090978,46.372084],[13.090899,46.372062],[13.090838,46.372021],[13.090723,46.371965],[13.090427,46.371857],[13.090156,46.371705],[13.089756,46.37155],[13.089511,46.371494],[13.088949,46.371405],[13.088529,46.371375],[13.088218,46.371377],[13.087711,46.371413],[13.086588,46.371529],[13.086119,46.371539],[13.084797,46.371502],[13.084446,46.371515],[13.083895,46.371569],[13.083639,46.371602],[13.083171,46.371689],[13.082708,46.371802],[13.082082,46.371971],[13.081989,46.371998],[13.081955,46.372008],[13.081763,46.372059],[13.081278,46.372199],[13.081203,46.372223],[13.080632,46.372401],[13.07942,46.372788],[13.07913,46.372863],[13.078806,46.372926],[13.078472,46.372972],[13.078114,46.372987],[13.077753,46.372987],[13.077328,46.372963],[13.076902,46.37291],[13.075291,46.37271],[13.073656,46.372576],[13.072845,46.37253],[13.072006,46.372507],[13.071634,46.3725],[13.07116,46.372502],[13.069012,46.37257],[13.067206,46.372705],[13.065143,46.372797],[13.064511,46.372798],[13.062549,46.372777],[13.061761,46.372762],[13.057108,46.3725],[13.05633,46.372487],[13.055515,46.372536],[13.055219,46.372571],[13.05457,46.372698],[13.054199,46.37281],[13.053939,46.372907],[13.053439,46.373142],[13.05268,46.373611],[13.052155,46.37405],[13.051604,46.374516],[13.051356,46.374725],[13.050309,46.375597],[13.043319,46.381522],[13.042225,46.382571],[13.041462,46.383471],[13.040543,46.384905],[13.040002,46.385629],[13.0396,46.386064],[13.039054,46.386513],[13.038804,46.386674],[13.038324,46.386937],[13.037841,46.387155],[13.037393,46.387319],[13.03699,46.387437],[13.036372,46.387572],[13.035922,46.38764],[13.035152,46.387719],[13.033994,46.387813],[13.030879,46.388006],[13.028049,46.388197],[13.027384,46.388242],[13.025075,46.388401],[13.024625,46.388444],[13.02376,46.388556],[13.022849,46.388719],[13.022101,46.388916],[13.021001,46.389279],[13.020129,46.389621],[13.019245,46.390073],[13.009609,46.394977],[13.009288,46.395144],[13.008625,46.395545],[13.00738,46.396413],[13.006979,46.396692],[13.005966,46.397461],[13.004606,46.398644],[13.004311,46.398955],[13.004061,46.399258],[13.003958,46.39942],[13.003898,46.399566],[13.003857,46.399755],[13.003865,46.399918],[13.003956,46.40043],[13.004079,46.400843],[13.004262,46.401528],[13.004365,46.402053],[13.004335,46.402251],[13.004189,46.402426],[13.004065,46.402493],[13.003896,46.402545],[13.00375,46.402558],[13.003591,46.402542],[13.003455,46.402498],[13.003315,46.402426],[13.00313,46.402248],[13.002952,46.401652],[13.002803,46.401501],[13.002687,46.401437],[13.002485,46.401415],[13.002156,46.401423],[12.998936,46.402152],[12.99821,46.402351],[12.997802,46.402496],[12.99723,46.40274],[12.997071,46.402813],[12.995293,46.403722],[12.995123,46.403806],[12.994536,46.404071],[12.993451,46.404526],[12.99318,46.404629],[12.991683,46.405154],[12.990969,46.405384],[12.989707,46.405729],[12.98872,46.405965],[12.988145,46.406123],[12.987384,46.406221],[12.985463,46.406522],[12.981632,46.406905],[12.9788,46.407169],[12.976945,46.407397],[12.975396,46.407669],[12.973752,46.408034],[12.972277,46.408436],[12.96779,46.4098],[12.967352,46.409933],[12.966672,46.410111],[12.966135,46.410211],[12.964689,46.41036],[12.964251,46.410386],[12.963805,46.410394],[12.962983,46.410379],[12.962142,46.410341],[12.961609,46.410365],[12.961377,46.410398],[12.960929,46.410492],[12.960167,46.410721],[12.959682,46.410848],[12.959465,46.410896],[12.959225,46.410929],[12.958849,46.410949],[12.956322,46.410858],[12.953617,46.41084],[12.953113,46.410773],[12.952616,46.41066],[12.951669,46.410444],[12.951266,46.410379],[12.950784,46.410366],[12.949262,46.410384],[12.948868,46.410413],[12.948693,46.41045],[12.948404,46.410537],[12.948177,46.410633],[12.947868,46.410795],[12.947641,46.410906],[12.947376,46.411039],[12.947032,46.411156],[12.946037,46.411342],[12.945734,46.411422],[12.945376,46.411591],[12.945043,46.411775],[12.944516,46.411943],[12.944007,46.412088],[12.943653,46.412164],[12.942961,46.412293],[12.942549,46.412322],[12.942185,46.412311],[12.938704,46.412071],[12.938092,46.412071],[12.937931,46.412094],[12.937775,46.412179],[12.937675,46.412258],[12.937513,46.412287],[12.937311,46.412296],[12.937167,46.412319],[12.936823,46.412444],[12.936359,46.412595],[12.936341,46.4126],[12.936205,46.41264],[12.934642,46.413097],[12.933566,46.413416],[12.933332,46.41351],[12.933079,46.413643],[12.931955,46.414357],[12.930315,46.415198],[12.930002,46.415303],[12.929518,46.415413],[12.928705,46.415553],[12.92831,46.415587],[12.926842,46.415693],[12.926416,46.415717],[12.92584,46.415775],[12.92518,46.415897],[12.924609,46.415958],[12.924432,46.416013],[12.923775,46.416258],[12.92303,46.416415],[12.922846,46.416452],[12.920594,46.416901],[12.920306,46.416938],[12.920168,46.416933],[12.920074,46.416956],[12.92006,46.416974],[12.919985,46.417016],[12.919889,46.417022],[12.919843,46.417009],[12.919764,46.417054],[12.919552,46.417115],[12.917277,46.417577],[12.916921,46.417651],[12.916377,46.417757],[12.916247,46.417783],[12.915252,46.417982],[12.914619,46.418105],[12.913642,46.418314],[12.913463,46.418372],[12.913085,46.418551],[12.91279,46.418753],[12.912708,46.418795],[12.911683,46.419433],[12.911628,46.419468],[12.911431,46.419596],[12.911324,46.41967],[12.911223,46.419772],[12.910794,46.42027],[12.910659,46.420428],[12.910605,46.420496],[12.910461,46.420662],[12.910424,46.420711],[12.909825,46.421417],[12.909786,46.421455],[12.909581,46.421624],[12.908633,46.422094],[12.908388,46.422177],[12.908177,46.4222],[12.907547,46.42217],[12.906849,46.422236],[12.906628,46.422274],[12.906436,46.422341],[12.906265,46.422458],[12.906165,46.42256],[12.906024,46.422835],[12.905775,46.423149],[12.905662,46.423324],[12.905397,46.423912],[12.905166,46.424283],[12.904726,46.424768],[12.904649,46.424875],[12.904598,46.425004],[12.904566,46.425317],[12.904627,46.42554],[12.904653,46.425832],[12.904593,46.426145],[12.904407,46.426537],[12.904175,46.42684],[12.903947,46.427057],[12.90368,46.427206],[12.903448,46.42727],[12.902915,46.427376],[12.902687,46.427449],[12.902527,46.427528],[12.90241,46.427603],[12.901658,46.428272],[12.901052,46.428784],[12.900543,46.429051],[12.9003,46.429161],[12.899914,46.429287],[12.899349,46.42943],[12.899133,46.429465],[12.898565,46.429448],[12.898301,46.429503],[12.898181,46.429551],[12.897947,46.429692],[12.897768,46.429829],[12.897692,46.429858],[12.897413,46.429913],[12.897147,46.430036],[12.897012,46.430112],[12.896807,46.430285],[12.896745,46.430373],[12.896608,46.430711],[12.896422,46.430989],[12.896239,46.4312],[12.895741,46.43166],[12.895521,46.431805],[12.895359,46.431868],[12.895107,46.43193],[12.894669,46.431991],[12.894539,46.432019],[12.894333,46.432091],[12.894188,46.432171],[12.893919,46.432318],[12.893591,46.432492],[12.892925,46.43274],[12.892518,46.432859],[12.890418,46.43332],[12.890145,46.433347],[12.889826,46.433329],[12.889468,46.43327],[12.88865,46.433094],[12.888398,46.433092],[12.888256,46.433111],[12.888131,46.433155],[12.888022,46.433208],[12.887916,46.433286],[12.887751,46.433458],[12.887345,46.433981],[12.887293,46.434122],[12.887278,46.434255],[12.887379,46.434803],[12.887322,46.435007],[12.887263,46.435109],[12.886914,46.435479],[12.886371,46.436034],[12.886032,46.436267],[12.88532,46.436623],[12.884405,46.437121],[12.88361,46.437724],[12.88293,46.43842],[12.882756,46.438656],[12.882653,46.438886],[12.88258,46.439144],[12.882563,46.439399],[12.882495,46.43971],[12.882398,46.439953],[12.882246,46.440497],[12.882195,46.440895],[12.882066,46.441171],[12.879976,46.443419],[12.879254,46.444221],[12.879058,46.444547],[12.878943,46.444917],[12.878714,46.445919],[12.878626,46.446366],[12.878623,46.446503],[12.878632,46.44663],[12.878667,46.446757],[12.878896,46.447358],[12.87892,46.44758],[12.878893,46.447906],[12.878735,46.448696],[12.878607,46.44894],[12.878454,46.449148],[12.877977,46.449614],[12.87785,46.449818],[12.877849,46.449878],[12.877846,46.450028],[12.87786,46.450351],[12.877838,46.450545],[12.877754,46.451045],[12.877657,46.451464],[12.877541,46.451751],[12.877329,46.452088],[12.877084,46.452396],[12.874031,46.455806],[12.872814,46.4572],[12.872574,46.457546],[12.872295,46.458225],[12.872246,46.458709],[12.872269,46.45897],[12.872358,46.459212],[12.872417,46.459482],[12.872414,46.459659],[12.872441,46.459877],[12.872457,46.460328],[12.872513,46.460583],[12.872529,46.460802],[12.872442,46.461194],[12.872285,46.462227],[12.872191,46.462521],[12.872132,46.462628],[12.871746,46.463156],[12.871663,46.463312],[12.871611,46.463423],[12.871595,46.463516],[12.871609,46.463599],[12.871683,46.463728],[12.871839,46.463836],[12.872299,46.464015],[12.873209,46.464327],[12.87337,46.464392],[12.873536,46.464497],[12.873662,46.464589],[12.873931,46.464897],[12.874153,46.46523],[12.874209,46.465362],[12.874252,46.465678],[12.874228,46.465838],[12.874166,46.466084],[12.874024,46.466784],[12.874039,46.467019],[12.87417,46.46729],[12.874433,46.467692],[12.87451,46.467915],[12.874555,46.468045],[12.874648,46.468668],[12.874698,46.468876],[12.874721,46.469146],[12.874686,46.469377],[12.874587,46.469678],[12.8741,46.471016],[12.873878,46.471435],[12.873272,46.472369],[12.872577,46.473364],[12.871729,46.474598],[12.871556,46.474853],[12.870926,46.475538],[12.870825,46.475692],[12.870713,46.475928],[12.870688,46.476097],[12.8707,46.47626],[12.8707,46.476311],[12.870671,46.476359],[12.870555,46.476606],[12.870455,46.476829],[12.870372,46.476921],[12.86947,46.477567],[12.868543,46.478213],[12.868208,46.478468],[12.86801,46.478641],[12.867773,46.478909],[12.86753,46.479305],[12.867384,46.479612],[12.867294,46.479875],[12.867198,46.480405],[12.867195,46.480814],[12.867197,46.48101],[12.867152,46.481156],[12.867095,46.481234],[12.866829,46.481484],[12.866335,46.48186],[12.86623,46.481932],[12.865875,46.48225],[12.865653,46.482417],[12.865559,46.482536],[12.865483,46.482679],[12.865397,46.482914],[12.865309,46.483178],[12.86527,46.483444],[12.865233,46.48369],[12.865162,46.484151],[12.86513,46.484378],[12.865046,46.484942],[12.864997,46.485247],[12.864985,46.485336],[12.864897,46.485965],[12.864808,46.486663],[12.864845,46.487029],[12.864936,46.48754],[12.865083,46.488486],[12.865109,46.48864],[12.865124,46.488727],[12.865149,46.488919],[12.865241,46.489449],[12.865393,46.490412],[12.865662,46.491286],[12.865711,46.491515],[12.865766,46.492024],[12.865856,46.49266],[12.865966,46.493025],[12.866393,46.494435],[12.866443,46.494841],[12.866492,46.495643],[12.866573,46.4959],[12.86679,46.496275],[12.866815,46.496454],[12.866826,46.496623],[12.866811,46.496822],[12.866733,46.497026],[12.866529,46.497421],[12.866504,46.497565],[12.866482,46.497687],[12.866407,46.498238],[12.866273,46.498858],[12.866136,46.499071],[12.865976,46.499258],[12.865444,46.49971],[12.865386,46.499789],[12.865341,46.499926],[12.865405,46.500481],[12.865417,46.50139],[12.865577,46.502017],[12.865641,46.503247],[12.865625,46.50349],[12.865543,46.503923],[12.865427,46.504195],[12.865354,46.504318],[12.864994,46.504978],[12.864939,46.505144],[12.864902,46.505419],[12.864911,46.505707],[12.86495,46.505846],[12.865073,46.506062],[12.865447,46.506603],[12.865585,46.506955],[12.865776,46.507932],[12.865771,46.50811],[12.865724,46.508447],[12.865827,46.509066],[12.865952,46.50931],[12.866366,46.509938],[12.866496,46.510212],[12.866806,46.510863],[12.86685,46.511002],[12.866908,46.511266],[12.866918,46.511448],[12.866899,46.511631],[12.866836,46.511869],[12.866467,46.512812],[12.866293,46.513253],[12.866066,46.513802],[12.865139,46.516165],[12.865097,46.516457],[12.865113,46.516685],[12.865133,46.51679],[12.865254,46.517235],[12.865387,46.517693],[12.865446,46.517802],[12.865573,46.517892],[12.866004,46.518047],[12.86638,46.518203],[12.866699,46.518391],[12.867011,46.51863],[12.867369,46.518991],[12.867562,46.519128],[12.867781,46.519237],[12.868478,46.519501],[12.868842,46.519644],[12.869117,46.519714],[12.869764,46.519797],[12.869905,46.519835],[12.870142,46.519954],[12.870235,46.520021],[12.870441,46.520224],[12.870717,46.520529],[12.870744,46.520637],[12.870722,46.52071],[12.870673,46.520793],[12.870311,46.521125],[12.869975,46.521314],[12.869831,46.521447],[12.869674,46.521689],[12.8693,46.52206],[12.869275,46.522137],[12.869254,46.52278],[12.869277,46.522901],[12.869498,46.523247],[12.869575,46.523433],[12.869579,46.52354],[12.869554,46.523626],[12.869482,46.523737],[12.869405,46.523916],[12.869392,46.524097],[12.869444,46.524566],[12.869633,46.524975],[12.869646,46.525113],[12.869578,46.525252],[12.869253,46.525508],[12.869219,46.525557],[12.869197,46.525647],[12.869211,46.525736],[12.869374,46.526056],[12.869472,46.526334],[12.869432,46.526464],[12.869306,46.526663],[12.869306,46.52678],[12.869386,46.526883],[12.869715,46.52709],[12.869783,46.527211],[12.869723,46.528581],[12.869702,46.528669],[12.869628,46.528772],[12.869255,46.52898],[12.869177,46.529075],[12.869073,46.529279],[12.868992,46.529642],[12.868807,46.529997],[12.868807,46.530075],[12.868989,46.530514],[12.869041,46.530775],[12.869131,46.531065],[12.869148,46.53118],[12.86912,46.531283],[12.869015,46.53137],[12.868395,46.53164],[12.868237,46.531724],[12.8681,46.531837],[12.867972,46.53209],[12.867711,46.532713],[12.867621,46.532824],[12.867219,46.533062],[12.867021,46.533276],[12.866952,46.533323],[12.866387,46.533492],[12.866243,46.533584],[12.866212,46.53365],[12.866213,46.533696],[12.866252,46.533774],[12.866456,46.533999],[12.866474,46.534091],[12.866459,46.534177],[12.86641,46.534257],[12.866331,46.534335],[12.865912,46.534597],[12.865688,46.534847],[12.865592,46.534926],[12.865484,46.534974],[12.864332,46.535317],[12.86399,46.535364],[12.86332,46.535377],[12.863112,46.535407],[12.862909,46.535487],[12.862603,46.53566],[12.862556,46.535735],[12.862546,46.535814],[12.862585,46.535893],[12.862666,46.535945],[12.862779,46.535982],[12.86315,46.536053],[12.863346,46.536163],[12.86349,46.536331],[12.863598,46.53657],[12.863619,46.536675],[12.863546,46.536797],[12.863433,46.536861],[12.863333,46.536885],[12.863106,46.536896],[12.863002,46.536916],[12.86233,46.537187],[12.862286,46.537234],[12.86227,46.537292],[12.862313,46.537403],[12.862436,46.537489],[12.862977,46.537733],[12.863312,46.537824],[12.863563,46.537862],[12.863873,46.53786],[12.864664,46.537734],[12.86482,46.537732],[12.864964,46.537782],[12.86508,46.537906],[12.865095,46.538039],[12.864647,46.540002],[12.864592,46.54014],[12.864512,46.540253],[12.863907,46.540828],[12.863205,46.541367],[12.863119,46.541447],[12.862848,46.541693],[12.862089,46.542447],[12.861844,46.542715],[12.861675,46.5429],[12.861401,46.543323],[12.861333,46.543588],[12.861385,46.543852],[12.86145,46.544009],[12.861396,46.544177],[12.861302,46.544261],[12.860631,46.544735],[12.860386,46.544968],[12.86002,46.545428],[12.859843,46.545606],[12.859552,46.545834],[12.859188,46.546011],[12.858209,46.546413],[12.857915,46.546472],[12.856886,46.546591],[12.856606,46.546689],[12.856383,46.546808],[12.855954,46.547164],[12.85574,46.547314],[12.855401,46.54745],[12.855302,46.54753],[12.855131,46.547731],[12.855032,46.547843],[12.854835,46.548092],[12.854718,46.548295],[12.8547,46.548395],[12.854622,46.548544],[12.854165,46.54904],[12.854095,46.549191],[12.854006,46.549456],[12.853957,46.549619],[12.853898,46.550045],[12.853782,46.550297],[12.853645,46.550467],[12.853195,46.550827],[12.852928,46.551031],[12.852157,46.551706],[12.852001,46.551875],[12.851692,46.552281],[12.851652,46.552338],[12.851594,46.552421],[12.851428,46.55265],[12.851222,46.552896],[12.851086,46.553001],[12.850718,46.553204],[12.850543,46.553276],[12.850521,46.553285],[12.850394,46.553326],[12.850366,46.553337],[12.850281,46.55337],[12.850089,46.553509],[12.849869,46.553777],[12.849447,46.55429],[12.849016,46.554898],[12.848987,46.554966],[12.848959,46.555223],[12.848779,46.55551],[12.848704,46.555669],[12.848707,46.555741],[12.848881,46.556216],[12.849054,46.556473],[12.849068,46.556595],[12.849054,46.556662],[12.849002,46.556758],[12.84863,46.557237],[12.848493,46.557508],[12.848386,46.557923],[12.848308,46.558044],[12.848101,46.558273],[12.848079,46.558295],[12.847334,46.559057],[12.846764,46.559379],[12.846204,46.559602],[12.845693,46.559915],[12.845564,46.560005],[12.844688,46.560747],[12.844557,46.560913],[12.84448,46.561278],[12.844402,46.561459],[12.844321,46.561608],[12.843982,46.562106],[12.843966,46.56221],[12.843991,46.562446],[12.843946,46.562585],[12.843883,46.562657],[12.843708,46.562782],[12.842661,46.563431],[12.842419,46.563589],[12.842221,46.563697],[12.841001,46.564223],[12.840396,46.564424],[12.840114,46.564538],[12.839666,46.564784],[12.838307,46.565228],[12.838202,46.565282],[12.837787,46.565586],[12.837688,46.565634],[12.836763,46.565913],[12.836403,46.566033],[12.835914,46.566254],[12.83558,46.566382],[12.8352,46.566507],[12.834791,46.566616],[12.833461,46.566902],[12.8328,46.56705],[12.83194,46.567308],[12.830143,46.567953],[12.829116,46.568404],[12.827956,46.56896],[12.827779,46.569043],[12.826852,46.569393],[12.826416,46.569509],[12.825941,46.569595],[12.825077,46.569693],[12.824203,46.569751],[12.818004,46.569995],[12.812267,46.570314],[12.811712,46.570317],[12.811055,46.570317],[12.810288,46.570303],[12.810032,46.570324],[12.809864,46.570357],[12.809574,46.570464],[12.809394,46.570575],[12.809065,46.571042],[12.808964,46.571138],[12.808502,46.571366],[12.808192,46.571484],[12.80761,46.571629],[12.806197,46.571929],[12.805339,46.572168],[12.804592,46.572424],[12.804209,46.572511],[12.803613,46.572586],[12.803386,46.572573],[12.8029,46.57251],[12.802581,46.572505],[12.802396,46.572524],[12.801606,46.572683],[12.8012,46.572768],[12.800868,46.572888],[12.800639,46.573007],[12.799194,46.573934],[12.798797,46.574231],[12.798504,46.574393],[12.796113,46.575348],[12.795606,46.575531],[12.794702,46.575787],[12.794481,46.575883],[12.792517,46.577294],[12.792234,46.57748],[12.791953,46.577603],[12.791234,46.577765],[12.791,46.577896],[12.790748,46.578026],[12.790626,46.578126],[12.790525,46.57827],[12.790388,46.578752],[12.790324,46.578902],[12.790207,46.579054],[12.789773,46.57936],[12.789294,46.579548],[12.789076,46.579603],[12.78842,46.579704],[12.787593,46.580019],[12.787373,46.58012],[12.785963,46.58094],[12.785625,46.581109],[12.785462,46.581158],[12.784322,46.581417],[12.784121,46.581499],[12.783363,46.581959],[12.783068,46.582164],[12.782956,46.582293],[12.782769,46.582739],[12.782637,46.582917],[12.7822,46.583281],[12.782067,46.58339],[12.781957,46.583512],[12.781694,46.58373],[12.781246,46.584066],[12.781018,46.58421],[12.780509,46.584505],[12.780073,46.584702],[12.779886,46.584729],[12.779551,46.584723],[12.77942,46.584719],[12.779082,46.584738],[12.778506,46.584842],[12.778462,46.58485],[12.778383,46.584864],[12.777216,46.585066],[12.776824,46.585139],[12.776762,46.585154],[12.77665,46.58519],[12.776541,46.585315],[12.776382,46.585765],[12.776246,46.586577],[12.776109,46.586882],[12.776003,46.58702],[12.775907,46.587147],[12.775592,46.587451],[12.775543,46.587518],[12.775443,46.587725],[12.775408,46.58804],[12.775329,46.589063],[12.77527,46.589207],[12.775036,46.589537],[12.775014,46.589638],[12.775055,46.589822],[12.775452,46.590634],[12.775463,46.590722],[12.775432,46.590845],[12.775362,46.590915],[12.77527,46.590961],[12.775155,46.590995],[12.774138,46.591211],[12.773936,46.591202],[12.773792,46.591144],[12.773645,46.590981],[12.773349,46.590382],[12.773193,46.589857],[12.77317,46.589688],[12.773289,46.589073],[12.77319,46.588716],[12.773113,46.588614],[12.773009,46.58853],[12.772563,46.588277],[12.772059,46.588016],[12.771488,46.587644],[12.77079,46.5873],[12.770262,46.587067],[12.769826,46.586794],[12.769543,46.586663],[12.768432,46.586186],[12.76807,46.585964],[12.76788,46.585909],[12.767661,46.58587],[12.767146,46.585794],[12.766535,46.585598],[12.765906,46.585237],[12.765356,46.58497],[12.76515,46.584772],[12.765079,46.58468],[12.765018,46.584554],[12.764746,46.583654],[12.764618,46.583168],[12.76461,46.583138],[12.764553,46.582948],[12.764373,46.582349],[12.764246,46.582173],[12.764159,46.582099],[12.764025,46.582004],[12.763915,46.581949],[12.763198,46.581702],[12.763045,46.581629],[12.762891,46.581507],[12.762318,46.580813],[12.762184,46.580737],[12.761696,46.580594],[12.76149,46.580461],[12.761026,46.579999],[12.76097,46.579909],[12.760967,46.579828],[12.761109,46.579526],[12.761079,46.579378],[12.760975,46.579253],[12.760227,46.578785],[12.759225,46.578125],[12.758867,46.577953],[12.758463,46.577821],[12.758094,46.577694],[12.757797,46.5776],[12.757516,46.577566],[12.757274,46.577582],[12.75682,46.577673],[12.755973,46.577837],[12.755861,46.577836],[12.755721,46.577799],[12.75537,46.577638],[12.754971,46.577487],[12.753993,46.577188],[12.75348,46.577076],[12.752346,46.576919],[12.752173,46.576873],[12.752033,46.576809],[12.751871,46.576678],[12.751786,46.576583],[12.751619,46.576342],[12.751475,46.576014],[12.751209,46.575519],[12.751183,46.575468],[12.751059,46.575232],[12.751021,46.575156],[12.750851,46.574823],[12.750773,46.574626],[12.750704,46.574269],[12.750621,46.574048],[12.750539,46.573915],[12.750428,46.57381],[12.750224,46.573692],[12.749931,46.573558],[12.7494,46.573381],[12.748705,46.573209],[12.748109,46.573109],[12.747968,46.573084],[12.747624,46.573041],[12.746568,46.572785],[12.746358,46.572761],[12.745686,46.572691],[12.74529,46.572637],[12.744761,46.572493],[12.74432,46.572331],[12.744005,46.57217],[12.742839,46.571437],[12.742231,46.571085],[12.741628,46.57076],[12.740545,46.570216],[12.739432,46.569617],[12.739032,46.569502],[12.738835,46.569417],[12.738464,46.56922],[12.738114,46.568985],[12.737441,46.568485],[12.737046,46.568305],[12.736924,46.56818],[12.736574,46.567602],[12.736231,46.567172],[12.736105,46.567108],[12.735857,46.567033],[12.735657,46.566924],[12.735514,46.566808],[12.734523,46.56604],[12.734217,46.56583],[12.734033,46.565718],[12.733869,46.565653],[12.733782,46.565666],[12.733735,46.565698],[12.73371,46.565813],[12.733741,46.566084],[12.733819,46.566294],[12.733906,46.566458],[12.734093,46.566684],[12.734086,46.566735],[12.734026,46.566766],[12.733938,46.566752],[12.733815,46.566638],[12.733009,46.565991],[12.73281,46.565883],[12.732714,46.565856],[12.73249,46.565823],[12.730371,46.565789],[12.729329,46.565697],[12.729041,46.565727],[12.728812,46.565793],[12.728637,46.565868],[12.728321,46.566052],[12.72796,46.566187],[12.727889,46.566268],[12.727904,46.566331],[12.728004,46.566392],[12.728137,46.566384],[12.728501,46.566255],[12.728789,46.566112],[12.728962,46.566058],[12.729096,46.566077],[12.729187,46.566147],[12.729201,46.566239],[12.729133,46.56632],[12.728986,46.566385],[12.727863,46.566728],[12.726448,46.567114],[12.726307,46.567131],[12.72616,46.567127],[12.725948,46.567077],[12.725828,46.567015],[12.725618,46.566835],[12.72513,46.566405],[12.724844,46.566204],[12.724203,46.565821],[12.723871,46.565618],[12.723674,46.565517],[12.723276,46.565349],[12.723099,46.565292],[12.722896,46.565257],[12.722185,46.565227],[12.721992,46.565244],[12.72182,46.565312],[12.721264,46.565742],[12.721056,46.565838],[12.72074,46.56595],[12.720033,46.566193],[12.719806,46.566284],[12.719706,46.566348],[12.719661,46.566409],[12.719627,46.56651],[12.719668,46.566637],[12.719991,46.56708],[12.721173,46.568654],[12.72124,46.568783],[12.721276,46.568901],[12.721281,46.568936],[12.721278,46.569067],[12.721276,46.569142],[12.721261,46.569427],[12.721248,46.569609],[12.721235,46.569834],[12.721198,46.570457],[12.721232,46.570558],[12.721306,46.570678],[12.721553,46.570928],[12.721672,46.571108],[12.721697,46.571236],[12.721707,46.571522],[12.721768,46.571727],[12.721837,46.571831],[12.722035,46.572013],[12.722191,46.572101],[12.722505,46.572215],[12.722573,46.572257],[12.722585,46.572299],[12.722564,46.572345],[12.722473,46.572371],[12.722302,46.572323],[12.72016,46.571552],[12.719951,46.571492],[12.719682,46.571454],[12.719488,46.571445],[12.71924,46.571463],[12.719147,46.571479],[12.719047,46.5715],[12.71869,46.571581],[12.718537,46.57161],[12.718348,46.571616],[12.718055,46.5716],[12.717504,46.571538],[12.716577,46.5714],[12.714855,46.570993],[12.714485,46.570905],[12.712315,46.570365],[12.712077,46.570306],[12.711695,46.570244],[12.710728,46.570233],[12.710083,46.570226],[12.709753,46.570218],[12.709705,46.570215],[12.709478,46.570199],[12.70935,46.570187],[12.709264,46.570182],[12.709096,46.570157],[12.708945,46.57011],[12.708301,46.569791],[12.707809,46.569542],[12.707507,46.569414],[12.707211,46.569323],[12.705289,46.568877],[12.704589,46.56873],[12.704338,46.568702],[12.703952,46.56869],[12.703461,46.568689],[12.703012,46.568688],[12.702633,46.568688],[12.70222,46.568687],[12.700516,46.56868],[12.700132,46.568652],[12.699876,46.568617],[12.699599,46.568572],[12.699194,46.568495],[12.699089,46.568475],[12.696873,46.568069],[12.696223,46.56795],[12.693562,46.567452],[12.692246,46.567194],[12.691449,46.566965],[12.691227,46.56688],[12.690441,46.566485],[12.690031,46.566256],[12.689962,46.566232],[12.68977,46.566213],[12.689674,46.566226],[12.689531,46.566281],[12.689423,46.566377],[12.689176,46.566705],[12.688875,46.567178],[12.688832,46.567228],[12.688731,46.567293],[12.688601,46.567328],[12.688429,46.567324],[12.688146,46.56727],[12.687954,46.567234],[12.687739,46.567179],[12.68765,46.567136],[12.687549,46.56704],[12.68751,46.566953],[12.687508,46.566869],[12.687618,46.566382],[12.687599,46.566321],[12.687548,46.56625],[12.687447,46.56618],[12.687373,46.566151],[12.687268,46.566138],[12.686985,46.566112],[12.686221,46.56605],[12.685996,46.566032],[12.685873,46.566019],[12.685195,46.565969],[12.684701,46.565933],[12.684145,46.565893],[12.683647,46.565851],[12.682355,46.565751],[12.680394,46.565595],[12.680317,46.565593],[12.680018,46.565584],[12.679837,46.565556],[12.679317,46.565388],[12.678918,46.565262],[12.67864,46.565182],[12.678454,46.565126],[12.678211,46.565059],[12.67806,46.565014],[12.677758,46.564951],[12.677274,46.564887],[12.677152,46.564871],[12.677051,46.56486],[12.67659,46.564805],[12.675578,46.564722],[12.6748,46.564656],[12.674192,46.564602],[12.672923,46.56449],[12.672459,46.564517],[12.671985,46.564615],[12.671547,46.564728],[12.671305,46.56479],[12.67047,46.565002],[12.670381,46.565025],[12.669865,46.565156],[12.669594,46.565227],[12.669461,46.565262],[12.669204,46.565327],[12.668717,46.565451],[12.668518,46.565501],[12.667693,46.56571],[12.66713,46.565854],[12.665389,46.566303],[12.664871,46.566459],[12.664134,46.566744],[12.663788,46.566885],[12.663644,46.566925],[12.663397,46.566929],[12.663144,46.566868],[12.662217,46.566592],[12.661997,46.56657],[12.661771,46.566607],[12.661562,46.56671],[12.661108,46.567139],[12.660975,46.567241],[12.660536,46.567424],[12.660397,46.567505],[12.659359,46.568315],[12.659196,46.568426],[12.65905,46.568501],[12.658674,46.568614],[12.658256,46.56875],[12.657749,46.569016],[12.656826,46.569522],[12.65659,46.569669],[12.655875,46.5702],[12.655613,46.570343],[12.655344,46.570476],[12.65513,46.570614],[12.654946,46.57078],[12.65486,46.570912],[12.654631,46.571191],[12.654491,46.571282],[12.65441,46.571315],[12.653573,46.571505],[12.653163,46.571656],[12.652949,46.571709],[12.652784,46.571717],[12.652158,46.571668],[12.651822,46.571672],[12.651613,46.571728],[12.651034,46.57195],[12.65047,46.572206],[12.650337,46.572281],[12.649725,46.57292],[12.649577,46.573214],[12.649493,46.573336],[12.649187,46.573577],[12.649025,46.573681],[12.648869,46.573815],[12.64867,46.574131],[12.648309,46.574539],[12.648233,46.574597],[12.648052,46.574681],[12.647903,46.574771],[12.647476,46.57514],[12.647239,46.575401],[12.647073,46.575539],[12.646956,46.575645],[12.646813,46.575788],[12.646591,46.576076],[12.646278,46.576357],[12.646073,46.576488],[12.645622,46.576661],[12.645251,46.57677],[12.644553,46.577076],[12.644326,46.577158],[12.644192,46.57719],[12.643952,46.577221],[12.642973,46.577519],[12.642875,46.577533],[12.64198,46.577494],[12.641759,46.577501],[12.641604,46.577533],[12.640658,46.57784],[12.640339,46.577988],[12.640206,46.578091],[12.639689,46.578599],[12.639487,46.578742],[12.638992,46.578967],[12.638603,46.579071],[12.638264,46.579129],[12.637965,46.579151],[12.636711,46.579104],[12.636437,46.579105],[12.636158,46.57913],[12.634655,46.579384],[12.633797,46.579607],[12.630487,46.580698],[12.630238,46.580749],[12.630077,46.580763],[12.629896,46.580778],[12.629256,46.580783],[12.628878,46.580787],[12.6262,46.580842],[12.62401,46.580887],[12.623535,46.580896],[12.622498,46.580903],[12.621673,46.580859],[12.621186,46.580818],[12.620722,46.580733],[12.620338,46.580616],[12.620041,46.580488],[12.616323,46.578459],[12.615136,46.577973],[12.614701,46.57785],[12.613981,46.577747],[12.613535,46.577707],[12.610666,46.577665],[12.609546,46.577679],[12.607968,46.577698],[12.606128,46.577764],[12.605957,46.577757],[12.605808,46.577732],[12.605659,46.577671],[12.604385,46.577045],[12.604167,46.576964],[12.603692,46.57702],[12.603661,46.577017],[12.603501,46.576977],[12.60182,46.576108],[12.601419,46.575846],[12.600399,46.575167],[12.60023,46.575037],[12.599924,46.574842],[12.599797,46.57478],[12.599524,46.574682],[12.599377,46.574644],[12.599116,46.574577],[12.598575,46.574439],[12.598283,46.57434],[12.596786,46.573608],[12.596125,46.573158],[12.59547,46.572827],[12.5946,46.572535],[12.594199,46.572375],[12.59262,46.571549],[12.590537,46.570456],[12.590404,46.57038],[12.590205,46.570249],[12.59006,46.570129],[12.589633,46.569755],[12.589115,46.569301],[12.587781,46.568131],[12.587669,46.568027],[12.587548,46.567914],[12.586851,46.567278],[12.586168,46.566842],[12.585579,46.566495],[12.584545,46.566044],[12.584376,46.566002],[12.583309,46.565867],[12.583068,46.565819],[12.582347,46.565615],[12.582131,46.565553],[12.581767,46.565496],[12.581282,46.565464],[12.580871,46.565436],[12.580554,46.565403],[12.57935,46.565241],[12.578728,46.565114],[12.578017,46.565003],[12.577883,46.565004],[12.575768,46.565266],[12.575495,46.565266],[12.575265,46.565207],[12.57472,46.564955],[12.573862,46.564678],[12.573292,46.5645],[12.573149,46.564429],[12.571923,46.56366],[12.571454,46.563366],[12.571163,46.563234],[12.56826,46.562221],[12.567022,46.561755],[12.564135,46.560728],[12.56177,46.560175],[12.559692,46.55969],[12.55904,46.559538],[12.558254,46.559377],[12.556983,46.559185],[12.556216,46.559069],[12.55364,46.558658],[12.553302,46.558603],[12.552841,46.558528],[12.55173,46.558339],[12.550708,46.5581],[12.550496,46.558078],[12.549981,46.558071],[12.549527,46.558041],[12.549294,46.558018],[12.549059,46.557987],[12.548727,46.558964],[12.548686,46.559069],[12.548367,46.559894],[12.547949,46.560449],[12.547222,46.561365],[12.547056,46.561539],[12.546427,46.561931],[12.546263,46.56207],[12.545851,46.562517],[12.545687,46.562659],[12.545346,46.562903],[12.545259,46.563024],[12.545204,46.563205],[12.545166,46.563458],[12.545091,46.56365],[12.544968,46.563825],[12.54446,46.564328],[12.544112,46.564899],[12.543578,46.565447],[12.542747,46.566501],[12.542617,46.566613],[12.541751,46.567146],[12.541536,46.567235],[12.540679,46.567367],[12.540133,46.567483],[12.539419,46.567757],[12.538967,46.568002],[12.537948,46.568724],[12.537542,46.569085],[12.537371,46.569322],[12.537302,46.569559],[12.537263,46.569865],[12.537094,46.570094],[12.536302,46.570837],[12.535961,46.571021],[12.535675,46.571202],[12.535557,46.571344],[12.535311,46.571756],[12.535201,46.571982],[12.535168,46.572151],[12.53523,46.572701],[12.53517,46.57291],[12.535094,46.57304],[12.534745,46.573414],[12.534419,46.573826],[12.534024,46.574446],[12.533876,46.574701],[12.533791,46.574792],[12.533497,46.57496],[12.533259,46.575073],[12.533112,46.575172],[12.532882,46.57543],[12.532814,46.575546],[12.532779,46.575711],[12.532793,46.575866],[12.532763,46.575969],[12.532518,46.576223],[12.531983,46.576712],[12.531652,46.576936],[12.530216,46.577833],[12.530044,46.577971],[12.529833,46.578194],[12.529452,46.578508],[12.526819,46.580491],[12.526026,46.580986],[12.525248,46.581548],[12.524787,46.581922],[12.524625,46.582053],[12.524618,46.582059],[12.524366,46.582263],[12.524143,46.582443],[12.523604,46.5828],[12.523052,46.583221],[12.522779,46.583474],[12.52265,46.583764],[12.522617,46.583942],[12.522722,46.584388],[12.522835,46.584622],[12.523074,46.585029],[12.523135,46.585079],[12.523249,46.585405],[12.52364,46.586561],[12.523852,46.587429],[12.523842,46.587542],[12.523571,46.588007],[12.523549,46.588104],[12.523554,46.588437],[12.523526,46.588519],[12.523471,46.588573],[12.523403,46.588607],[12.523265,46.588634],[12.522659,46.588695],[12.522563,46.588735],[12.522439,46.588882],[12.522436,46.58897],[12.522547,46.589343],[12.522498,46.589731],[12.522418,46.590102],[12.522396,46.590776],[12.522577,46.591412],[12.522583,46.591524],[12.522553,46.591623],[12.522361,46.592],[12.522312,46.592143],[12.522319,46.592346],[12.522518,46.592825],[12.522528,46.593085],[12.522551,46.593168],[12.522829,46.593479],[12.522861,46.593566],[12.522876,46.59369],[12.522731,46.594159],[12.522748,46.594339],[12.522867,46.594699],[12.523335,46.595796],[12.523343,46.596051],[12.523222,46.596883],[12.523235,46.597069],[12.523318,46.597529],[12.523361,46.597659],[12.523453,46.597811],[12.523957,46.598174],[12.52428,46.59851],[12.524377,46.598721],[12.524404,46.598833],[12.524381,46.598999],[12.524321,46.599075],[12.523905,46.599468],[12.523687,46.599727],[12.52354,46.599978],[12.523463,46.600181],[12.523388,46.600513],[12.523389,46.600618],[12.523519,46.601014],[12.523569,46.601315],[12.523644,46.601717],[12.523749,46.601893],[12.524207,46.602328],[12.524304,46.602448],[12.524312,46.602519],[12.524267,46.602595],[12.524197,46.602636],[12.524096,46.602667],[12.523968,46.602672],[12.523884,46.602648],[12.523815,46.602605],[12.523763,46.602536],[12.523657,46.602208],[12.523322,46.601799],[12.523262,46.601669],[12.523232,46.601091],[12.523189,46.600972],[12.522777,46.600617],[12.522709,46.600495],[12.522678,46.600254],[12.522794,46.59941],[12.522768,46.599198],[12.522707,46.599075],[12.522359,46.598591],[12.521885,46.598065],[12.521828,46.597913],[12.521804,46.597648],[12.521768,46.597533],[12.521602,46.597229],[12.521591,46.596983],[12.521371,46.596144],[12.520974,46.595837],[12.520858,46.595669],[12.520669,46.59529],[12.520376,46.594889],[12.520324,46.594764],[12.520267,46.594331],[12.52018,46.594074],[12.519877,46.593527],[12.51977,46.593067],[12.519724,46.592974],[12.519308,46.592546],[12.519268,46.592442],[12.519291,46.592074],[12.519277,46.591817],[12.518927,46.590617],[12.518871,46.590528],[12.517811,46.589505],[12.5174,46.588825],[12.517338,46.588732],[12.517263,46.588658],[12.517177,46.588623],[12.51706,46.588617],[12.51697,46.588634],[12.51665,46.588703],[12.516003,46.588852],[12.515666,46.588925],[12.514767,46.589],[12.51417,46.589087],[12.513611,46.589344],[12.512775,46.589604],[12.512364,46.589715],[12.510315,46.590098],[12.510156,46.590145],[12.509839,46.590287],[12.509545,46.590459],[12.509084,46.590829],[12.50867,46.591129],[12.508446,46.591267],[12.508063,46.591457],[12.50772,46.591591],[12.507,46.592],[12.50682,46.592067],[12.505818,46.592432],[12.505333,46.592537],[12.503723,46.593204],[12.50318,46.593371],[12.502764,46.593536],[12.502038,46.593957],[12.501455,46.594419],[12.500894,46.594905],[12.50053,46.595436],[12.500282,46.595629],[12.499148,46.596405],[12.498696,46.596669],[12.498156,46.597002],[12.497856,46.597151],[12.497049,46.597384],[12.496701,46.597542],[12.496491,46.597677],[12.496413,46.597761],[12.496179,46.598199],[12.496083,46.598295],[12.494956,46.59884],[12.494713,46.599031],[12.494625,46.599075],[12.494244,46.599185],[12.493109,46.599383],[12.492643,46.599461],[12.492409,46.599503],[12.492204,46.59955],[12.491681,46.59974],[12.491348,46.599853],[12.490988,46.599998],[12.490916,46.600051],[12.49088,46.600113],[12.490883,46.600377],[12.490877,46.600488],[12.490779,46.600582],[12.490702,46.600621],[12.48917,46.601335],[12.488201,46.601896],[12.488,46.601986],[12.487078,46.602253],[12.486721,46.602363],[12.48639,46.6025],[12.486221,46.602644],[12.485694,46.603207],[12.484523,46.603921],[12.484373,46.604065],[12.483875,46.604679],[12.483335,46.605145],[12.482604,46.605765],[12.481877,46.606717],[12.481806,46.606867],[12.481742,46.607272],[12.481712,46.607485],[12.481612,46.608115],[12.481552,46.608275],[12.481438,46.608425],[12.481177,46.608629],[12.481134,46.608673],[12.480997,46.608812],[12.480906,46.609049],[12.480428,46.610707],[12.479892,46.611818],[12.479697,46.612061],[12.479279,46.612497],[12.478376,46.614039],[12.478297,46.614128],[12.478062,46.614296],[12.476278,46.615044],[12.476185,46.615083],[12.47616,46.615094],[12.475652,46.615323],[12.475573,46.615428],[12.475541,46.61553],[12.475571,46.616729],[12.475545,46.616839],[12.47549,46.616955],[12.474268,46.618879],[12.473981,46.619731],[12.473667,46.620412],[12.473443,46.62074],[12.473057,46.621163],[12.473006,46.621247],[12.472813,46.621746],[12.472748,46.621818],[12.472483,46.621968],[12.472332,46.622016],[12.472096,46.622058],[12.471705,46.622094],[12.471156,46.622298],[12.470827,46.622463],[12.47069,46.622571],[12.470644,46.622655],[12.47065,46.623192],[12.470649,46.623338],[12.470612,46.623452],[12.470314,46.623933],[12.470165,46.624119],[12.46903,46.625093],[12.468925,46.625229],[12.468538,46.626016],[12.468451,46.626132],[12.468325,46.626252],[12.468229,46.62639],[12.467942,46.626925],[12.467902,46.627197],[12.467926,46.627378],[12.46814,46.627715],[12.46817,46.62782],[12.468159,46.627887],[12.46807,46.628028],[12.468002,46.628104],[12.4675,46.628525],[12.467389,46.628688],[12.467307,46.628876],[12.467226,46.628952],[12.467061,46.629027],[12.466229,46.629197],[12.465286,46.62928],[12.465108,46.629317],[12.464934,46.62941],[12.46448,46.629827],[12.464456,46.62993],[12.464482,46.630035],[12.464877,46.630399],[12.464901,46.630469],[12.464882,46.630562],[12.464705,46.630783],[12.464533,46.630908],[12.463567,46.631349],[12.463488,46.631405],[12.463419,46.631533],[12.463431,46.631595],[12.463634,46.631857],[12.463637,46.631971],[12.463549,46.632101],[12.463183,46.632466],[12.463174,46.632518],[12.463209,46.632566],[12.463297,46.632589],[12.463374,46.63257],[12.463908,46.632231],[12.464052,46.632179],[12.464224,46.632163],[12.46436,46.632187],[12.464474,46.63226],[12.464524,46.632356],[12.464503,46.632453],[12.46439,46.632608],[12.463434,46.633458],[12.463046,46.634122],[12.461586,46.635496],[12.461218,46.635791],[12.461018,46.63592],[12.46062,46.636258],[12.460275,46.636593],[12.460144,46.637056],[12.460023,46.63725],[12.459228,46.638121],[12.458687,46.638554],[12.457716,46.639532],[12.457478,46.639841],[12.456724,46.640709],[12.455741,46.642129],[12.455204,46.642491],[12.454662,46.642947],[12.454468,46.643166],[12.454308,46.643457],[12.454236,46.643523],[12.453794,46.643745],[12.453335,46.644116],[12.453252,46.644163],[12.453105,46.644225],[12.452655,46.644329],[12.452362,46.644433],[12.452221,46.644509],[12.451941,46.644721],[12.451085,46.645483],[12.450954,46.64565],[12.450856,46.645821],[12.450389,46.646378],[12.448881,46.647688],[12.448783,46.647749],[12.448667,46.647796],[12.447984,46.647971],[12.447894,46.648007],[12.447851,46.648081],[12.447882,46.648175],[12.447972,46.64823],[12.448036,46.648244],[12.448117,46.648236],[12.448621,46.647991],[12.449348,46.647757],[12.449453,46.647706],[12.450331,46.64704],[12.451652,46.64591],[12.451815,46.645822],[12.451916,46.645806],[12.451996,46.645815],[12.452072,46.645852],[12.452097,46.645918],[12.452073,46.645963],[12.452016,46.646007],[12.451874,46.646061],[12.451644,46.646115],[12.451345,46.64627],[12.451062,46.646568],[12.45061,46.647174],[12.450049,46.647864],[12.44884,46.648777],[12.448565,46.649198],[12.448408,46.64935],[12.448248,46.649471],[12.448104,46.649548],[12.446853,46.650005],[12.44677,46.65005],[12.446707,46.650098],[12.446341,46.650523],[12.446269,46.650665],[12.446267,46.650723],[12.446293,46.650773],[12.446387,46.650845],[12.446497,46.650876],[12.446612,46.650878],[12.447002,46.650821],[12.447125,46.650818],[12.447279,46.650841],[12.44739,46.650873],[12.447501,46.650926],[12.447569,46.650979],[12.447634,46.651117],[12.447624,46.651259],[12.447381,46.65184],[12.447223,46.652071],[12.446929,46.652357],[12.446736,46.652512],[12.446036,46.652904],[12.445649,46.653154],[12.445536,46.653208],[12.445394,46.653255],[12.445059,46.653306],[12.444925,46.653341],[12.444415,46.653525],[12.444342,46.653542],[12.444264,46.65354],[12.44272,46.653273],[12.442296,46.653242],[12.442097,46.653255],[12.441954,46.653291],[12.441116,46.653838],[12.440987,46.653877],[12.440869,46.65388],[12.440605,46.65382],[12.440542,46.653793],[12.440447,46.653722],[12.440385,46.653648],[12.44033,46.653532],[12.440126,46.65283],[12.440052,46.652722],[12.43997,46.652659],[12.438982,46.652256],[12.438263,46.651794],[12.438076,46.65174],[12.437927,46.651745],[12.437232,46.651999],[12.436993,46.652065],[12.436664,46.652111],[12.434928,46.652099],[12.434698,46.652068],[12.434542,46.652015],[12.434423,46.651941],[12.434217,46.651697],[12.434108,46.651602],[12.433912,46.651523],[12.433724,46.651493],[12.433263,46.651497],[12.432569,46.651443],[12.432025,46.651469],[12.431703,46.651441],[12.431469,46.651462],[12.431222,46.651508],[12.431081,46.651494],[12.430992,46.651464],[12.43027,46.65096],[12.430153,46.650852],[12.430072,46.650704],[12.430047,46.650479],[12.430146,46.650176],[12.430094,46.649948],[12.429875,46.649774],[12.429595,46.649679],[12.429202,46.649652],[12.428729,46.649662],[12.428377,46.649715],[12.428112,46.649841],[12.42774,46.650146],[12.426471,46.651284],[12.426236,46.651446],[12.426049,46.651539],[12.425138,46.651802],[12.424822,46.651967],[12.424504,46.652192],[12.424407,46.652286],[12.423572,46.653283],[12.423472,46.653377],[12.423273,46.653546],[12.422558,46.65405],[12.421256,46.655185],[12.420749,46.655577],[12.420356,46.655814],[12.420318,46.655837],[12.420291,46.655853],[12.419497,46.656277],[12.419318,46.656369],[12.418726,46.656679],[12.418079,46.657042],[12.417724,46.657228],[12.417282,46.657395],[12.41669,46.657583],[12.416089,46.657746],[12.414759,46.657944],[12.414512,46.658023],[12.414159,46.658136],[12.412431,46.658689],[12.411873,46.658754],[12.411675,46.658807],[12.41128,46.659041],[12.411111,46.659097],[12.410565,46.659183],[12.410082,46.659341],[12.409752,46.659391],[12.407257,46.659599],[12.406977,46.659661],[12.406636,46.659763],[12.406141,46.659968],[12.404619,46.660429],[12.404374,46.660556],[12.404176,46.660717],[12.403771,46.661179],[12.403332,46.661871],[12.402655,46.662431],[12.402304,46.662893],[12.401832,46.663142],[12.401332,46.663669],[12.400923,46.663915],[12.400637,46.664227],[12.400473,46.664434],[12.400451,46.664621],[12.400584,46.665111],[12.400584,46.665301],[12.400528,46.665521],[12.399365,46.667253],[12.398989,46.667706],[12.398569,46.668162],[12.398387,46.668302],[12.397196,46.668977],[12.396453,46.669128],[12.396085,46.669273],[12.395065,46.669812],[12.39495,46.6699],[12.39455,46.670292],[12.394306,46.670432],[12.393813,46.670597],[12.393348,46.670829],[12.393047,46.67089],[12.392311,46.670987],[12.391869,46.671084],[12.390132,46.671726],[12.389249,46.672113],[12.387793,46.672903],[12.387613,46.673043],[12.387484,46.673199],[12.387371,46.673472],[12.387215,46.673737],[12.386497,46.674671],[12.386294,46.674845],[12.386066,46.674966],[12.384711,46.675494],[12.384352,46.675691],[12.383736,46.676064],[12.383426,46.676296],[12.38297,46.676708],[12.382828,46.677001],[12.382207,46.677716],[12.382003,46.677892],[12.380555,46.678734],[12.380142,46.678938],[12.379308,46.679368],[12.378844,46.679618],[12.378251,46.679994],[12.377831,46.680389],[12.377601,46.680581],[12.377175,46.680882],[12.376789,46.681108],[12.37661,46.681167],[12.376416,46.681179],[12.376219,46.681155],[12.37593,46.681065],[12.37583,46.681047],[12.375725,46.681059],[12.375631,46.681106],[12.375597,46.681175],[12.375611,46.681253],[12.37569,46.681313],[12.375838,46.681361],[12.376298,46.681446],[12.376518,46.681525],[12.376639,46.681597],[12.376832,46.681965],[12.376838,46.6821],[12.376786,46.68221],[12.376647,46.682354],[12.376314,46.68261],[12.376137,46.682701],[12.373167,46.683747],[12.373001,46.683819],[12.371979,46.684348],[12.370904,46.684896],[12.370696,46.685027],[12.370285,46.685336],[12.370148,46.685447],[12.369635,46.685835],[12.369313,46.686083],[12.368591,46.686919],[12.368484,46.687043],[12.368402,46.687108],[12.367954,46.687448],[12.367882,46.687522],[12.367459,46.688074],[12.367373,46.688186],[12.367143,46.688468],[12.36713,46.688561],[12.367191,46.688783],[12.367199,46.688848],[12.367194,46.688876],[12.367134,46.689079],[12.366784,46.689578],[12.366601,46.689785],[12.366512,46.689892],[12.365998,46.690543],[12.365693,46.690907],[12.365591,46.691029],[12.365379,46.691245],[12.364956,46.691608],[12.364902,46.691661],[12.364733,46.691939],[12.364476,46.692408],[12.364367,46.69256],[12.364293,46.692624],[12.364124,46.692725],[12.363754,46.692839],[12.363639,46.692866],[12.363434,46.692916],[12.362868,46.693044],[12.362648,46.693109],[12.362134,46.693367],[12.361702,46.693759],[12.361306,46.694204],[12.361165,46.694323],[12.360898,46.694483],[12.359691,46.695035],[12.359516,46.695151],[12.359102,46.695561],[12.358747,46.69576],[12.358451,46.695881],[12.357681,46.696084],[12.357338,46.696204],[12.357002,46.696348],[12.356183,46.696742],[12.356037,46.696837],[12.355809,46.697044],[12.355081,46.697692],[12.354873,46.697912],[12.35479,46.698026],[12.354596,46.698366],[12.354522,46.698478],[12.354443,46.698534],[12.354051,46.698686],[12.353827,46.6988],[12.353112,46.699087],[12.352959,46.699137],[12.352382,46.699345],[12.352182,46.699421],[12.352043,46.699512],[12.351941,46.69962],[12.351604,46.700066],[12.351447,46.700377],[12.35126,46.700634],[12.3512,46.700715],[12.350827,46.701132],[12.350672,46.701329],[12.350452,46.701693],[12.350357,46.701837],[12.350158,46.701995],[12.348902,46.702837],[12.348196,46.703221],[12.347857,46.703433],[12.347487,46.703664],[12.346267,46.70409],[12.345911,46.704237],[12.345644,46.704314],[12.344874,46.704554],[12.34484,46.704565],[12.344454,46.704695],[12.34409,46.704924],[12.343647,46.705129],[12.343269,46.705215],[12.343054,46.705235],[12.342857,46.705235],[12.342606,46.70526],[12.34242,46.70531],[12.341989,46.705479],[12.341883,46.705551],[12.341579,46.705868],[12.341498,46.705925],[12.341331,46.706003],[12.340593,46.706327],[12.340386,46.706401],[12.339639,46.706621],[12.339406,46.706713],[12.339252,46.706774],[12.338175,46.70721],[12.33779,46.707375],[12.337512,46.707523],[12.336982,46.707844],[12.336104,46.708221],[12.335724,46.708416],[12.334681,46.709036],[12.334428,46.709136],[12.333612,46.709391],[12.333215,46.709558],[12.333019,46.709662],[12.33283,46.70978],[12.332457,46.710014],[12.332269,46.710112],[12.331908,46.710243],[12.331485,46.710355],[12.331299,46.710385],[12.330805,46.710416],[12.329712,46.710454],[12.329376,46.710493],[12.32903,46.710557],[12.328133,46.710809],[12.32626,46.711353],[12.325886,46.711466],[12.32476,46.711828],[12.324527,46.711911],[12.323873,46.712079],[12.322591,46.712171],[12.322047,46.712236],[12.321653,46.71231],[12.319708,46.712781],[12.319371,46.712842],[12.319026,46.71286],[12.31871,46.712859],[12.317468,46.712744],[12.316996,46.71273],[12.316845,46.712745],[12.316625,46.712795],[12.316397,46.712882],[12.315753,46.71325],[12.314933,46.713558],[12.31411,46.713836],[12.313647,46.714009],[12.313051,46.714319],[12.312887,46.714375],[12.312595,46.714437],[12.311628,46.714607],[12.311399,46.714688],[12.311176,46.714797],[12.310805,46.715045],[12.310588,46.715217],[12.310236,46.715575],[12.310028,46.715728],[12.308905,46.716426],[12.308449,46.716692],[12.307613,46.717125],[12.306273,46.717872],[12.306063,46.717955],[12.305834,46.718016],[12.305453,46.718091],[12.304534,46.71824],[12.304249,46.7183],[12.304024,46.718369],[12.303795,46.718469],[12.303534,46.71861],[12.303188,46.71883],[12.302904,46.719047],[12.302502,46.719437],[12.302333,46.719561],[12.302108,46.719645],[12.301877,46.71968],[12.301089,46.719712],[12.300763,46.719755],[12.300531,46.719837],[12.300348,46.719946],[12.300218,46.720069],[12.300154,46.720148],[12.299911,46.720647],[12.299809,46.720852],[12.299787,46.720886],[12.29948,46.721374],[12.299407,46.721429],[12.29925,46.721496],[12.299163,46.721523],[12.298274,46.721683],[12.297923,46.72176],[12.297118,46.721839],[12.296705,46.721901],[12.296516,46.721963],[12.295579,46.722425],[12.295172,46.72256],[12.294995,46.722601],[12.294803,46.722614],[12.293834,46.722612],[12.293568,46.722641],[12.29332,46.722703],[12.293122,46.722784],[12.292906,46.7229],[12.292821,46.722963],[12.292694,46.723073],[12.29207,46.723795],[12.291923,46.723946],[12.291744,46.724079],[12.291524,46.724187],[12.290223,46.724689],[12.289928,46.724826],[12.289721,46.724976],[12.289315,46.725317],[12.289056,46.725486],[12.288736,46.72564],[12.288406,46.725766],[12.28746,46.726127],[12.287234,46.726187],[12.286898,46.726231],[12.286529,46.726295],[12.284087,46.726894],[12.2838,46.726957],[12.283352,46.727027],[12.282674,46.727121],[12.282309,46.727195],[12.282014,46.727299],[12.281754,46.727443],[12.281554,46.727605],[12.281411,46.727777],[12.28131,46.727955],[12.281223,46.72817],[12.281158,46.728413],[12.281021,46.72915],[12.280922,46.729381],[12.280706,46.729614],[12.280369,46.729897],[12.279894,46.730246],[12.279657,46.730308],[12.278945,46.730431],[12.278328,46.73047],[12.277991,46.730484],[12.277915,46.730489],[12.277817,46.730499],[12.277584,46.730548],[12.277399,46.730609],[12.277152,46.730774],[12.276891,46.730967],[12.276759,46.731094],[12.276721,46.731155],[12.276679,46.731302],[12.276598,46.731751],[12.27656,46.731786],[12.276513,46.731797],[12.276307,46.731731],[12.274671,46.731374],[12.27415,46.731273],[12.273818,46.731238],[12.273674,46.731231],[12.273269,46.73119],[12.272994,46.731116],[12.272856,46.731048],[12.272457,46.730765],[12.271907,46.730365],[12.271681,46.73024],[12.27143,46.730132],[12.271105,46.730025],[12.270881,46.729958],[12.270549,46.729886],[12.270233,46.72984],[12.270003,46.729821],[12.269585,46.729816],[12.268892,46.729823],[12.267569,46.729828],[12.267258,46.729793],[12.266689,46.729699],[12.265684,46.729527],[12.265078,46.729364],[12.264802,46.729352],[12.264573,46.729415],[12.264449,46.729484],[12.264355,46.729563],[12.264283,46.729667],[12.264172,46.729821],[12.263755,46.729693],[12.263517,46.729614],[12.263142,46.729482],[12.26238,46.729179],[12.261884,46.728976],[12.261582,46.728888],[12.26132,46.728839],[12.26106,46.728815],[12.260782,46.728811],[12.260476,46.728831],[12.259084,46.729014],[12.258817,46.729019],[12.258577,46.728986],[12.258328,46.728919],[12.258106,46.728828],[12.25723,46.728313],[12.256894,46.728161],[12.25656,46.72806],[12.255716,46.72785],[12.255084,46.727657],[12.253334,46.727005],[12.252938,46.72687],[12.252577,46.726768],[12.252208,46.726691],[12.251819,46.726635],[12.249495,46.726461],[12.2491,46.726456],[12.247767,46.726553],[12.247372,46.726577],[12.246999,46.726582],[12.243425,46.726497],[12.242483,46.726471],[12.242135,46.726499],[12.241823,46.726552],[12.241515,46.726627],[12.241283,46.726703],[12.241038,46.726815],[12.24011,46.72738],[12.23979,46.72753],[12.239485,46.727647],[12.239085,46.727757],[12.238681,46.727832],[12.237878,46.727934],[12.237519,46.727994],[12.237173,46.728076],[12.236334,46.728312],[12.232355,46.729638],[12.230017,46.730414],[12.22878,46.730805],[12.228345,46.730896],[12.227884,46.730942],[12.227618,46.731049],[12.227571,46.731093],[12.227491,46.73113],[12.227396,46.731143],[12.227303,46.731132],[12.227222,46.731097],[12.227148,46.731012],[12.226885,46.730851],[12.226473,46.730733],[12.226225,46.730644],[12.224232,46.729712],[12.223959,46.729584],[12.223935,46.729573],[12.223656,46.72955],[12.223612,46.729574],[12.223521,46.729599],[12.223424,46.729598],[12.223292,46.729552],[12.223246,46.729511],[12.223212,46.729412],[12.223053,46.729185],[12.222636,46.728964],[12.222473,46.728899],[12.22224,46.728826],[12.221827,46.728751],[12.221497,46.728736],[12.220939,46.728768],[12.220801,46.728782],[12.220559,46.728834],[12.22044,46.728888],[12.220392,46.728915],[12.220331,46.729025],[12.220232,46.728941],[12.220142,46.728925],[12.219631,46.729001],[12.219404,46.729045],[12.219166,46.729084],[12.218331,46.72922],[12.217858,46.729292],[12.216695,46.729488],[12.212857,46.730206],[12.212338,46.730265],[12.211329,46.730302],[12.210883,46.730375],[12.210463,46.730512],[12.210344,46.730563],[12.20951,46.730933],[12.20908,46.731046],[12.208618,46.731094],[12.208387,46.731093],[12.208112,46.731072],[12.206341,46.730873],[12.205955,46.730802],[12.205699,46.730745],[12.205396,46.730716],[12.205098,46.730732],[12.204919,46.730757],[12.204213,46.730954],[12.204175,46.730966],[12.204003,46.731007],[12.20381,46.73105],[12.203712,46.731071],[12.20231,46.731344],[12.20072,46.731703],[12.200313,46.73187],[12.200165,46.731994],[12.20014,46.732068],[12.200076,46.732146],[12.200072,46.732064],[12.200029,46.731973],[12.199875,46.731889],[12.199781,46.731866],[12.198804,46.732017],[12.19845,46.732081],[12.197394,46.732397],[12.195974,46.732925],[12.194148,46.733577],[12.193676,46.733737],[12.190679,46.73472],[12.190204,46.734864],[12.189726,46.734989],[12.189238,46.735107],[12.188479,46.735257],[12.188044,46.735331],[12.187313,46.735427],[12.186483,46.735503],[12.184264,46.73562],[12.183831,46.735639],[12.18339,46.735659],[12.182698,46.735654],[12.18219,46.73562],[12.181208,46.735506],[12.180642,46.735448],[12.180258,46.735436],[12.179916,46.735443],[12.178909,46.735539],[12.177727,46.735783],[12.177561,46.735819],[12.177079,46.73591],[12.176453,46.735983],[12.175719,46.736001],[12.174829,46.735967],[12.174659,46.735961],[12.172977,46.735876],[12.171926,46.735855],[12.171056,46.735873],[12.170244,46.735913],[12.169806,46.735943],[12.169224,46.735992],[12.168179,46.736116],[12.166468,46.736353],[12.165842,46.736439],[12.165462,46.736489],[12.164475,46.736609],[12.16368,46.736683],[12.162899,46.736709],[12.162214,46.736708],[12.161497,46.736682],[12.160111,46.736571],[12.159639,46.736562],[12.159136,46.736614],[12.158761,46.736698],[12.158475,46.736793],[12.158142,46.736943],[12.157935,46.737059],[12.157795,46.73716],[12.157374,46.737504],[12.157164,46.737685],[12.15713,46.737717],[12.15691,46.737978],[12.156868,46.738126],[12.157045,46.738275],[12.156955,46.738253],[12.15678,46.738172],[12.156661,46.73817],[12.156591,46.738184],[12.156172,46.738375],[12.156079,46.738407],[12.155783,46.738466],[12.155249,46.738582],[12.15475,46.738655],[12.153842,46.73877],[12.153244,46.738886],[12.15158,46.7393],[12.151082,46.739443],[12.150659,46.73963],[12.149512,46.740207],[12.149162,46.740348],[12.148933,46.740413],[12.145464,46.741229],[12.144945,46.741323],[12.143396,46.741508],[12.141411,46.74187],[12.139069,46.742324],[12.13742,46.742725],[12.136896,46.742885],[12.135568,46.743426],[12.135126,46.74356],[12.134873,46.743615],[12.134788,46.743646],[12.134539,46.743692],[12.133954,46.743749],[12.133125,46.743903],[12.13289,46.743921],[12.132666,46.743916],[12.13166,46.743828],[12.131334,46.743882],[12.131171,46.743919],[12.131013,46.743955],[12.130929,46.743974],[12.130233,46.744179],[12.128693,46.744726],[12.128279,46.744814],[12.127324,46.74492],[12.126904,46.745021],[12.126577,46.745138],[12.126474,46.745179],[12.125967,46.745382],[12.125744,46.745504],[12.124869,46.746111],[12.124543,46.746327],[12.124302,46.746458],[12.123731,46.746709],[12.123443,46.746794],[12.123113,46.746869],[12.122362,46.746936],[12.12097,46.746956],[12.12068,46.746976],[12.120151,46.747065],[12.119781,46.747169],[12.119487,46.747279],[12.119236,46.747396],[12.119006,46.747536],[12.118688,46.747776],[12.118234,46.748233],[12.117944,46.748498],[12.117415,46.74887],[12.117008,46.749069],[12.116723,46.749186],[12.115898,46.749441],[12.115274,46.749681],[12.113566,46.750568],[12.113161,46.750754],[12.112602,46.750977],[12.111993,46.751187],[12.110141,46.751729],[12.108884,46.752045],[12.108295,46.752169],[12.106889,46.752406],[12.106242,46.752496],[12.105765,46.752564],[12.104142,46.752781],[12.102573,46.753054],[12.101859,46.753234],[12.100428,46.753708],[12.099597,46.75408],[12.098869,46.754497],[12.097932,46.755169],[12.097384,46.755674],[12.097116,46.755969],[12.096588,46.756641],[12.096261,46.757179],[12.095384,46.759018],[12.09525,46.759212],[12.094955,46.75955],[12.09453,46.759935],[12.094046,46.76027],[12.093541,46.760535],[12.093003,46.76076],[12.092766,46.760839],[12.092593,46.760959],[12.092587,46.761026],[12.092682,46.76115],[12.092475,46.761141],[12.09234,46.761176],[12.092249,46.761173],[12.092164,46.761151],[12.092093,46.761113],[12.091971,46.761098],[12.091794,46.761101],[12.090797,46.761271],[12.089916,46.761331],[12.088634,46.761354],[12.088318,46.761355],[12.087761,46.761379],[12.087402,46.761426],[12.086853,46.761539],[12.086646,46.761598],[12.085664,46.76195],[12.084955,46.762211],[12.083979,46.762596],[12.083729,46.762677],[12.083216,46.762766],[12.082349,46.762819],[12.081715,46.762878],[12.080809,46.76306],[12.080592,46.76309],[12.080257,46.76308],[12.079803,46.763034],[12.077467,46.762746],[12.077312,46.762718],[12.077101,46.76265],[12.076946,46.762557],[12.076565,46.762308],[12.07529,46.761458],[12.075118,46.761404],[12.075016,46.76139],[12.074906,46.761393],[12.07473,46.761422],[12.074484,46.76153],[12.074359,46.761627],[12.074256,46.761768],[12.073982,46.76229],[12.073499,46.763212],[12.073399,46.763335],[12.073242,46.763471],[12.072231,46.764018],[12.071959,46.764143],[12.071798,46.764195],[12.071532,46.764242],[12.071269,46.764241],[12.07116,46.764226],[12.070916,46.764173],[12.070658,46.764083],[12.069686,46.763665],[12.069493,46.7636],[12.069315,46.763558],[12.068726,46.763497],[12.068601,46.763473],[12.068496,46.763435],[12.067537,46.762858],[12.067337,46.762757],[12.067144,46.762702],[12.066179,46.762501],[12.065974,46.762428],[12.065532,46.762192],[12.064885,46.761811],[12.064727,46.761696],[12.064564,46.761549],[12.064021,46.760972],[12.063811,46.76082],[12.0637,46.760774],[12.063505,46.760725],[12.063306,46.760692],[12.062716,46.760698],[12.062383,46.760686],[12.062037,46.76064],[12.061134,46.76047],[12.060913,46.760448],[12.060716,46.760445],[12.060571,46.760456],[12.060262,46.760523],[12.05912,46.760897],[12.058825,46.760979],[12.058341,46.761063],[12.05734,46.761187],[12.056948,46.761233],[12.056675,46.761237],[12.056324,46.761205],[12.055076,46.760988],[12.054889,46.760968],[12.054733,46.760978],[12.054581,46.761007],[12.054276,46.761113],[12.054043,46.761173],[12.053002,46.761256],[12.052839,46.761254],[12.052675,46.761234],[12.052163,46.761094],[12.051835,46.761054],[12.051613,46.761099],[12.051388,46.761208],[12.051106,46.761444],[12.050678,46.761931],[12.050509,46.76205],[12.050386,46.762104],[12.050175,46.762137],[12.04994,46.762113],[12.04964,46.762018],[12.048958,46.761734],[12.048809,46.761692],[12.048552,46.76167],[12.048362,46.76169],[12.048215,46.761727],[12.048048,46.761808],[12.047939,46.761912],[12.047643,46.762297],[12.047208,46.76285],[12.047063,46.763131],[12.04698,46.763489],[12.046894,46.764193],[12.046723,46.765103],[12.046671,46.76531],[12.046588,46.765443],[12.046364,46.765646],[12.046208,46.765726],[12.04581,46.765827],[12.045552,46.765873],[12.045365,46.765922],[12.045211,46.765988],[12.045088,46.766084],[12.044973,46.766223],[12.044835,46.766492],[12.044732,46.766625],[12.044581,46.766733],[12.04437,46.766849],[12.043589,46.767186],[12.043476,46.767284],[12.043408,46.767392],[12.043354,46.767527],[12.043342,46.767671],[12.043402,46.767959],[12.043472,46.768095],[12.043576,46.768224],[12.043885,46.768523],[12.04404,46.768763],[12.044097,46.769047],[12.044075,46.769521],[12.044105,46.769623],[12.044324,46.770096],[12.044353,46.770252],[12.044239,46.770649],[12.043902,46.771154],[12.043803,46.77127],[12.043691,46.771362],[12.043481,46.771494],[12.041482,46.77263],[12.042351,46.773302],[12.042647,46.773558],[12.043045,46.773962],[12.043306,46.774285],[12.043648,46.774749],[12.044459,46.77586],[12.044739,46.776002],[12.044884,46.776037],[12.044968,46.776125],[12.044955,46.77623],[12.044852,46.776307],[12.044762,46.776326],[12.044668,46.77632],[12.044585,46.776289],[12.044471,46.776377],[12.044159,46.776693],[12.043758,46.777029],[12.043546,46.777196],[12.043474,46.777249],[12.043327,46.77739],[12.043291,46.777437],[12.043076,46.777308],[12.042817,46.77717],[12.042606,46.777091],[12.04222,46.777045],[12.041017,46.77685],[12.040758,46.77682],[12.04056,46.776756],[12.040247,46.776578],[12.039976,46.776477],[12.039582,46.776427],[12.039208,46.776329],[12.038211,46.775898],[12.03807,46.775865],[12.037856,46.775865],[12.037465,46.775918],[12.037189,46.775928],[12.036993,46.775889]]},"properties":{"couleur":"#8a6a4f","jour":"2026-08-05","mode":"route","source":"heritee"}},{"type":"Feature","geometry":{"type":"LineString","coordinates":[[12.036993,46.775889],[12.037189,46.775928],[12.037465,46.775918],[12.037856,46.775865],[12.03807,46.775865],[12.038211,46.775898],[12.039208,46.776329],[12.039582,46.776427],[12.039976,46.776477],[12.040247,46.776578],[12.04056,46.776756],[12.040758,46.77682],[12.041017,46.77685],[12.04222,46.777045],[12.042606,46.777091],[12.042817,46.77717],[12.043076,46.777308],[12.043291,46.777437],[12.043327,46.77739],[12.043474,46.777249],[12.043546,46.777196],[12.043758,46.777029],[12.044159,46.776693],[12.044471,46.776377],[12.044585,46.776289],[12.044506,46.776199],[12.044524,46.776094],[12.044519,46.776048],[12.044459,46.77586],[12.043648,46.774749],[12.043306,46.774285],[12.043045,46.773962],[12.042647,46.773558],[12.042351,46.773302],[12.041482,46.77263],[12.040807,46.772999],[12.04056,46.773105],[12.040312,46.773169],[12.040037,46.77321],[12.038946,46.773298],[12.038597,46.773256],[12.038407,46.773204],[12.037637,46.772889],[12.037406,46.772815],[12.037116,46.772759],[12.034781,46.772603],[12.033911,46.772561],[12.033753,46.77256],[12.033379,46.772572],[12.033128,46.772606],[12.032897,46.772658],[12.031885,46.772947],[12.031582,46.773068],[12.031426,46.773171],[12.031028,46.773596],[12.030694,46.773883],[12.030408,46.774077],[12.029944,46.774314],[12.029694,46.774397],[12.029418,46.774462],[12.029195,46.774496],[12.029065,46.774512],[12.028671,46.774545],[12.025705,46.774568],[12.023493,46.774585],[12.023117,46.774611],[12.022682,46.774693],[12.022504,46.774751],[12.021932,46.775013],[12.021417,46.775258],[12.021159,46.775358],[12.020689,46.775481],[12.020508,46.775518],[12.018169,46.775962],[12.017719,46.776063],[12.017404,46.776149],[12.017205,46.776223],[12.017024,46.776327],[12.016895,46.776436],[12.01679,46.776553],[12.016713,46.77669],[12.016665,46.776984],[12.016708,46.77755],[12.016684,46.777794],[12.016662,46.777887],[12.016547,46.778136],[12.016379,46.77839],[12.014545,46.780666],[12.014152,46.781093],[12.012495,46.782641],[12.012313,46.782792],[12.012083,46.782946],[12.011842,46.783066],[12.01161,46.78316],[12.011276,46.783252],[12.007266,46.784155],[12.00644,46.784342],[12.004774,46.784714],[12.004583,46.784772],[12.004438,46.784835],[12.004306,46.784913],[12.004173,46.785023],[12.003879,46.78525],[12.00308,46.78617],[12.002897,46.786341],[12.002784,46.786414],[12.002659,46.786464],[12.002387,46.786534],[12.002117,46.786633],[12.001938,46.786727],[12.001767,46.786839],[12.001136,46.787443],[12.001009,46.787541],[12.000829,46.787615],[12.00067,46.787656],[12.000539,46.787673],[12.000222,46.787645],[11.999737,46.787496],[11.999556,46.787472],[11.999456,46.787476],[11.999292,46.787514],[11.999162,46.787585],[11.999115,46.787631],[11.999033,46.787762],[11.998846,46.788175],[11.998821,46.78833],[11.99887,46.788586],[11.999017,46.788916],[11.999019,46.789095],[11.998954,46.789187],[11.998839,46.789279],[11.998686,46.789347],[11.998573,46.789377],[11.998313,46.789414],[11.998259,46.789423],[11.997809,46.789486],[11.997613,46.789511],[11.997564,46.789517],[11.99683,46.789628],[11.996676,46.789695],[11.996534,46.789784],[11.996443,46.789884],[11.996381,46.790006],[11.99634,46.790293],[11.996377,46.790827],[11.996364,46.791034],[11.996325,46.791229],[11.996164,46.791664],[11.996074,46.791835],[11.996029,46.791888],[11.995886,46.792],[11.995763,46.792057],[11.995542,46.792126],[11.995367,46.79215],[11.995168,46.792149],[11.994986,46.79213],[11.994436,46.792033],[11.994308,46.792012],[11.99372,46.791913],[11.993643,46.7919],[11.991779,46.791592],[11.991476,46.791537],[11.991311,46.791485],[11.990533,46.791073],[11.990256,46.790923],[11.989722,46.790646],[11.989511,46.790577],[11.989379,46.790555],[11.98903,46.790545],[11.987513,46.790663],[11.987319,46.790687],[11.987174,46.790728],[11.986923,46.790876],[11.986693,46.791077],[11.986573,46.791159],[11.986468,46.791211],[11.986301,46.791254],[11.986149,46.791263],[11.985812,46.791241],[11.985031,46.791152],[11.984649,46.791144],[11.984226,46.791163],[11.983673,46.791237],[11.983275,46.791296],[11.982678,46.791394],[11.982279,46.791493],[11.980991,46.791835],[11.980855,46.791897],[11.980684,46.791946],[11.980203,46.792076],[11.979627,46.792224],[11.979171,46.79231],[11.978902,46.792385],[11.977465,46.792758],[11.977088,46.792837],[11.976792,46.792861],[11.976575,46.792845],[11.976338,46.79281],[11.974639,46.792481],[11.974358,46.792444],[11.973998,46.792429],[11.9735,46.792482],[11.972442,46.792634],[11.972314,46.792651],[11.971768,46.792729],[11.971316,46.792788],[11.970921,46.792844],[11.969627,46.79303],[11.969515,46.793047],[11.967209,46.793379],[11.96678,46.793506],[11.966157,46.79372],[11.965967,46.793763],[11.965736,46.793763],[11.96551,46.793697],[11.965378,46.793621],[11.964637,46.79295],[11.964205,46.792587],[11.964029,46.792468],[11.963573,46.792224],[11.962989,46.791936],[11.96269,46.791788],[11.961572,46.791176],[11.961392,46.791097],[11.961069,46.790998],[11.95996,46.790723],[11.959448,46.790607],[11.95794,46.790235],[11.955622,46.789664],[11.955025,46.789474],[11.954781,46.789376],[11.954089,46.78905],[11.953575,46.788826],[11.953283,46.788702],[11.953177,46.788663],[11.952771,46.788526],[11.952355,46.788426],[11.951966,46.788345],[11.95145,46.788273],[11.950799,46.788219],[11.950321,46.788213],[11.94956,46.788232],[11.948662,46.788251],[11.948135,46.788247],[11.947612,46.78822],[11.947037,46.788164],[11.946633,46.788111],[11.94567,46.787925],[11.943344,46.787396],[11.942781,46.787266],[11.941162,46.78688],[11.939323,46.786356],[11.937815,46.785836],[11.936588,46.785329],[11.935519,46.784808],[11.932601,46.783343],[11.930446,46.782381],[11.929287,46.781935],[11.928013,46.781508],[11.927721,46.781416],[11.927077,46.78125],[11.926423,46.781109],[11.923204,46.780436],[11.92266,46.78034],[11.921468,46.780222],[11.92068,46.780211],[11.920032,46.780231],[11.91946,46.780274],[11.918976,46.78034],[11.918319,46.780453],[11.915347,46.781052],[11.91389,46.781291],[11.913257,46.781412],[11.912788,46.781531],[11.91241,46.781635],[11.911863,46.781811],[11.911279,46.782022],[11.910727,46.782285],[11.910055,46.782647],[11.909629,46.782923],[11.90913,46.78329],[11.908606,46.783743],[11.908135,46.784186],[11.907656,46.784583],[11.907259,46.784856],[11.906412,46.785373],[11.906175,46.785511],[11.905952,46.785631],[11.905488,46.785863],[11.905174,46.785971],[11.904809,46.786038],[11.904495,46.786055],[11.904175,46.786037],[11.903947,46.786005],[11.903471,46.785869],[11.899498,46.784559],[11.898927,46.784397],[11.898548,46.784315],[11.898324,46.784286],[11.897869,46.784236],[11.897393,46.784215],[11.897153,46.784221],[11.896653,46.784255],[11.896172,46.784319],[11.895506,46.784466],[11.89504,46.784618],[11.894816,46.784697],[11.894525,46.784824],[11.894253,46.784961],[11.893868,46.785197],[11.893169,46.785544],[11.892641,46.785712],[11.892315,46.785771],[11.891975,46.785813],[11.891426,46.785828],[11.890896,46.785803],[11.890402,46.785754],[11.890058,46.785747],[11.889535,46.785784],[11.889274,46.785831],[11.888793,46.785967],[11.888587,46.786049],[11.888398,46.786146],[11.888099,46.786347],[11.887871,46.786563],[11.887785,46.786671],[11.887565,46.787056],[11.887212,46.787867],[11.887129,46.788006],[11.886923,46.788273],[11.88681,46.788439],[11.886655,46.788608],[11.886439,46.788751],[11.885963,46.788971],[11.885055,46.789313],[11.884985,46.789422],[11.884921,46.789464],[11.884758,46.789506],[11.884617,46.789494],[11.884268,46.789571],[11.883236,46.789928],[11.882076,46.790239],[11.881349,46.7905],[11.880934,46.790626],[11.880319,46.790781],[11.880054,46.790835],[11.879569,46.790904],[11.879365,46.790925],[11.878705,46.790952],[11.875478,46.790868],[11.874844,46.790825],[11.874454,46.790764],[11.874091,46.790666],[11.873878,46.790575],[11.873558,46.790409],[11.873076,46.790043],[11.872593,46.789573],[11.872185,46.789251],[11.872005,46.789133],[11.871814,46.789033],[11.871624,46.788949],[11.871377,46.788868],[11.87092,46.788764],[11.87043,46.788724],[11.870016,46.788749],[11.869624,46.788816],[11.869377,46.788881],[11.868244,46.789289],[11.867473,46.789521],[11.866503,46.789732],[11.865497,46.789839],[11.864252,46.789903],[11.8636,46.789957],[11.86335,46.789999],[11.86309,46.790071],[11.862752,46.790197],[11.862554,46.790292],[11.862378,46.790396],[11.862221,46.790517],[11.861914,46.790862],[11.861569,46.791268],[11.861395,46.791419],[11.861204,46.791542],[11.861014,46.791653],[11.859967,46.792169],[11.859013,46.792622],[11.858489,46.792888],[11.858329,46.792988],[11.857935,46.793317],[11.857083,46.794115],[11.856437,46.794654],[11.856009,46.794966],[11.85542,46.79532],[11.854694,46.795676],[11.853008,46.796316],[11.852601,46.796467],[11.852069,46.796689],[11.851715,46.796872],[11.851319,46.797139],[11.851087,46.797335],[11.850919,46.79751],[11.850276,46.79833],[11.849993,46.798646],[11.849877,46.798751],[11.849605,46.798944],[11.848184,46.799827],[11.847983,46.79995],[11.847465,46.800231],[11.846717,46.80052],[11.846394,46.800682],[11.846221,46.800801],[11.846062,46.800946],[11.845679,46.801399],[11.845407,46.801703],[11.845231,46.801855],[11.844067,46.802622],[11.843484,46.803022],[11.843219,46.803202],[11.842764,46.803511],[11.841804,46.80414],[11.841531,46.804287],[11.841164,46.804454],[11.840667,46.804596],[11.840218,46.804686],[11.840086,46.804707],[11.839664,46.804767],[11.839198,46.804828],[11.83819,46.804952],[11.838021,46.80498],[11.837708,46.805065],[11.837399,46.805211],[11.836777,46.805593],[11.835943,46.806115],[11.835825,46.806186],[11.835487,46.806362],[11.835276,46.806418],[11.835178,46.806436],[11.834608,46.806506],[11.834302,46.806545],[11.834019,46.806621],[11.833298,46.80696],[11.83299,46.807109],[11.832539,46.807325],[11.83205,46.807514],[11.831717,46.807609],[11.831623,46.807631],[11.830998,46.807772],[11.82991,46.808018],[11.829357,46.80814],[11.828939,46.808203],[11.828246,46.808249],[11.827854,46.808228],[11.827489,46.808192],[11.826043,46.808001],[11.825585,46.807968],[11.825299,46.807965],[11.82475,46.808],[11.82417,46.807987],[11.822824,46.807851],[11.822263,46.80785],[11.821563,46.807902],[11.819866,46.808065],[11.81926,46.808056],[11.818215,46.807984],[11.817621,46.807968],[11.815511,46.808137],[11.814668,46.808153],[11.813869,46.808165],[11.812636,46.808228],[11.812044,46.808266],[11.811664,46.808291],[11.811518,46.808299],[11.811205,46.808327],[11.811145,46.808333],[11.810896,46.808353],[11.810036,46.808369],[11.809568,46.808375],[11.809338,46.808386],[11.808999,46.808424],[11.808494,46.808526],[11.807411,46.808973],[11.806489,46.809404],[11.806,46.809676],[11.805076,46.810261],[11.804469,46.810544],[11.803845,46.810785],[11.803163,46.811038],[11.802378,46.811287],[11.80174,46.811433],[11.801564,46.811448],[11.801282,46.811501],[11.800732,46.811585],[11.800227,46.811649],[11.799411,46.811715],[11.797749,46.811799],[11.797242,46.811805],[11.796788,46.811767],[11.796269,46.811693],[11.792419,46.810988],[11.792163,46.810956],[11.791717,46.810936],[11.79144,46.81095],[11.791128,46.810991],[11.790154,46.811296],[11.789916,46.811347],[11.789473,46.811396],[11.788586,46.811424],[11.787916,46.811427],[11.787302,46.811394],[11.786242,46.811266],[11.78597,46.811268],[11.785706,46.811298],[11.785138,46.811413],[11.784755,46.811511],[11.783801,46.811836],[11.783308,46.811957],[11.782975,46.81201],[11.782622,46.812024],[11.781109,46.811902],[11.78055,46.811875],[11.779973,46.81188],[11.779145,46.811923],[11.778785,46.811922],[11.778377,46.811892],[11.777724,46.811785],[11.777578,46.81179],[11.77729,46.811711],[11.777202,46.811707],[11.777081,46.811729],[11.776818,46.811829],[11.776925,46.811683],[11.776897,46.8116],[11.776766,46.811426],[11.776015,46.811024],[11.77566,46.810852],[11.775161,46.810662],[11.774795,46.810552],[11.77445,46.810466],[11.773778,46.810344],[11.773241,46.810269],[11.768202,46.809569],[11.767095,46.809416],[11.766604,46.809362],[11.766169,46.809337],[11.765737,46.809336],[11.764602,46.809401],[11.764158,46.809408],[11.763389,46.809348],[11.763115,46.809308],[11.762654,46.809248],[11.762361,46.809227],[11.762084,46.809218],[11.761534,46.809255],[11.761155,46.809312],[11.757715,46.809971],[11.756771,46.810103],[11.756348,46.810144],[11.755318,46.810204],[11.748578,46.810497],[11.748066,46.810533],[11.747171,46.810641],[11.746781,46.810712],[11.746284,46.810825],[11.745799,46.81096],[11.745292,46.811135],[11.744874,46.811302],[11.744488,46.811477],[11.743892,46.811804],[11.743136,46.812318],[11.741244,46.813777],[11.740901,46.814009],[11.740498,46.814244],[11.739913,46.814519],[11.739491,46.814675],[11.738935,46.81484],[11.738458,46.814946],[11.737978,46.815021],[11.737442,46.815074],[11.736271,46.81513],[11.733269,46.815243],[11.732891,46.815248],[11.732355,46.815232],[11.731338,46.815114],[11.729863,46.814895],[11.729278,46.814803],[11.728622,46.81475],[11.728039,46.814753],[11.727415,46.814817],[11.726911,46.814898],[11.726436,46.814956],[11.726006,46.814981],[11.725535,46.814963],[11.725028,46.814906],[11.722543,46.814392],[11.722219,46.81433],[11.721544,46.814203],[11.721489,46.814192],[11.721206,46.814156],[11.720589,46.814123],[11.720003,46.814144],[11.719536,46.81419],[11.718892,46.814292],[11.718321,46.814413],[11.717767,46.814557],[11.717206,46.814732],[11.716744,46.814896],[11.715809,46.81529],[11.71553,46.81543],[11.715327,46.815534],[11.715176,46.815618],[11.715065,46.815679],[11.713405,46.816748],[11.712968,46.816987],[11.712455,46.817212],[11.712145,46.817332],[11.711683,46.817463],[11.711444,46.817515],[11.711019,46.817587],[11.710349,46.817662],[11.709697,46.81771],[11.709238,46.817725],[11.708528,46.817718],[11.708044,46.817692],[11.70734,46.81763],[11.706637,46.817531],[11.706338,46.817475],[11.705879,46.817352],[11.705354,46.817178],[11.705134,46.817095],[11.704209,46.816685],[11.703657,46.816494],[11.703223,46.81639],[11.703031,46.816358],[11.70245,46.816296],[11.702237,46.816285],[11.69815,46.816145],[11.697514,46.816091],[11.697235,46.816045],[11.69679,46.815942],[11.695804,46.815605],[11.695387,46.815495],[11.694982,46.815425],[11.694519,46.815385],[11.694357,46.815374],[11.693777,46.815321],[11.693474,46.815268],[11.69304,46.81516],[11.692756,46.815068],[11.692256,46.814851],[11.691493,46.814462],[11.691049,46.814285],[11.690799,46.81421],[11.690573,46.81415],[11.690136,46.81407],[11.689507,46.814007],[11.689302,46.813993],[11.688814,46.813953],[11.688303,46.813879],[11.687709,46.81373],[11.687465,46.813647],[11.687085,46.813484],[11.686729,46.813296],[11.686376,46.813054],[11.686189,46.812905],[11.686002,46.812731],[11.685744,46.812427],[11.685339,46.811942],[11.684908,46.811479],[11.684391,46.810971],[11.68417,46.810763],[11.683752,46.810281],[11.683498,46.809869],[11.683196,46.809331],[11.682783,46.80878],[11.682303,46.808306],[11.680836,46.806992],[11.680557,46.806751],[11.680399,46.806612],[11.680318,46.806538],[11.680018,46.806278],[11.679591,46.805971],[11.679261,46.805776],[11.678983,46.805641],[11.678373,46.805372],[11.67819,46.80529],[11.676914,46.804731],[11.676279,46.804443],[11.675818,46.804189],[11.675386,46.803911],[11.674791,46.803443],[11.674501,46.803156],[11.673841,46.802311],[11.673266,46.801499],[11.672542,46.800609],[11.671513,46.799419],[11.671277,46.799077],[11.670626,46.797814],[11.670504,46.797622],[11.670259,46.797316],[11.669111,46.796198],[11.668644,46.795671],[11.668305,46.795176],[11.667741,46.794226],[11.667652,46.794112],[11.667341,46.793765],[11.667051,46.793516],[11.666973,46.793454],[11.666764,46.793297],[11.666072,46.79275],[11.665633,46.792366],[11.665347,46.791992],[11.665256,46.791819],[11.665227,46.791441],[11.665235,46.79122],[11.665362,46.79065],[11.665493,46.790088],[11.66597,46.788773],[11.666203,46.788212],[11.666704,46.787274],[11.666973,46.786643],[11.667204,46.786197],[11.667475,46.785839],[11.668311,46.785038],[11.66852,46.784816],[11.668721,46.784545],[11.668796,46.78441],[11.669074,46.783738],[11.669219,46.783271],[11.6693,46.783005],[11.669461,46.782605],[11.669625,46.78234],[11.67005,46.781746],[11.670133,46.781534],[11.670136,46.781305],[11.670025,46.781045],[11.669199,46.779805],[11.669058,46.779547],[11.66899,46.779369],[11.668883,46.77897],[11.668743,46.778461],[11.66856,46.778059],[11.668416,46.777793],[11.668314,46.77765],[11.667813,46.777107],[11.667377,46.77665],[11.666898,46.776156],[11.666605,46.775916],[11.6656,46.775259],[11.665426,46.775094],[11.665239,46.774916],[11.665229,46.774905],[11.664184,46.773957],[11.663896,46.773763],[11.662994,46.773212],[11.661398,46.772249],[11.660808,46.771915],[11.660442,46.771744],[11.659937,46.771563],[11.658107,46.770961],[11.65756,46.770766],[11.656937,46.770517],[11.656715,46.770422],[11.655313,46.769821],[11.654798,46.769615],[11.654652,46.76956],[11.654427,46.769478],[11.653352,46.76911],[11.65267,46.768936],[11.652445,46.768863],[11.65236,46.768853],[11.652272,46.768863],[11.652219,46.768884],[11.652119,46.768973],[11.652022,46.768812],[11.651893,46.7687],[11.65121,46.768377],[11.649538,46.767803],[11.647801,46.767206],[11.645408,46.766388],[11.645071,46.766264],[11.644634,46.766045],[11.643973,46.765603],[11.6437,46.765497],[11.643594,46.765476],[11.643463,46.765473],[11.643295,46.76547],[11.643146,46.765439],[11.643047,46.765394],[11.642911,46.76531],[11.642841,46.765251],[11.642819,46.765163],[11.642834,46.765079],[11.642865,46.764882],[11.642827,46.764755],[11.642758,46.764661],[11.642681,46.764594],[11.642537,46.764507],[11.642305,46.764393],[11.64176,46.764066],[11.641507,46.763903],[11.641296,46.763791],[11.641181,46.76373],[11.640972,46.76363],[11.640702,46.763532],[11.640263,46.763422],[11.639881,46.7634],[11.639525,46.763412],[11.639165,46.763461],[11.638729,46.763556],[11.637966,46.763729],[11.637615,46.76381],[11.637323,46.76391],[11.637178,46.763978],[11.636986,46.764118],[11.636874,46.764267],[11.636832,46.764441],[11.636876,46.76461],[11.63694,46.764711],[11.637126,46.764827],[11.637383,46.764912],[11.637624,46.764929],[11.637768,46.764912],[11.637893,46.764878],[11.637996,46.764829],[11.638108,46.764758],[11.638187,46.764686],[11.638294,46.764518],[11.638343,46.764347],[11.638343,46.764143],[11.638278,46.763859],[11.637948,46.762857],[11.63778,46.762436],[11.637664,46.762219],[11.637656,46.762099],[11.636946,46.760961],[11.634676,46.757303],[11.63438,46.756796],[11.634078,46.756208],[11.63391,46.755802],[11.633762,46.755362],[11.633653,46.754942],[11.633573,46.754546],[11.633534,46.754274],[11.633486,46.753523],[11.633498,46.753176],[11.633558,46.752596],[11.633664,46.752083],[11.633803,46.751572],[11.633979,46.751097],[11.634212,46.750589],[11.63443,46.750179],[11.634688,46.749753],[11.638071,46.745268],[11.638432,46.744709],[11.638686,46.744236],[11.6388,46.744001],[11.63904,46.743327],[11.639116,46.743038],[11.639201,46.742646],[11.639269,46.742005],[11.639284,46.741348],[11.639275,46.737649],[11.639292,46.737128],[11.639355,46.736502],[11.639536,46.735541],[11.639747,46.734831],[11.639959,46.734254],[11.640236,46.733625],[11.640449,46.733209],[11.640605,46.73293],[11.64101,46.732289],[11.643897,46.727937],[11.644365,46.727147],[11.644965,46.725968],[11.645248,46.725355],[11.645355,46.725132],[11.646022,46.723745],[11.64615,46.723428],[11.646298,46.722921],[11.646357,46.722446],[11.646346,46.722009],[11.646282,46.721546],[11.646155,46.720899],[11.64612,46.720644],[11.646097,46.720226],[11.646139,46.719823],[11.64625,46.719326],[11.647007,46.716658],[11.647432,46.714501],[11.64752,46.713959],[11.64755,46.713576],[11.647644,46.711101],[11.647678,46.710658],[11.647711,46.710394],[11.647809,46.709973],[11.647926,46.709612],[11.648185,46.708915],[11.648285,46.708657],[11.648432,46.708311],[11.648575,46.707863],[11.648649,46.707441],[11.648663,46.706872],[11.648597,46.706434],[11.648538,46.706213],[11.647893,46.704591],[11.647775,46.704276],[11.647639,46.703591],[11.647217,46.702249],[11.647019,46.701848],[11.646817,46.701509],[11.640073,46.691798],[11.639802,46.691452],[11.639402,46.691022],[11.639087,46.690739],[11.638617,46.690381],[11.638354,46.690207],[11.637753,46.689865],[11.631434,46.686853],[11.630387,46.68636],[11.627129,46.684804],[11.625921,46.684194],[11.625633,46.684039],[11.625188,46.683751],[11.624895,46.683539],[11.624444,46.683175],[11.624029,46.682786],[11.62382,46.682567],[11.623443,46.682117],[11.623073,46.681547],[11.622834,46.681084],[11.62261,46.680544],[11.622074,46.679133],[11.622022,46.678995],[11.62145,46.677711],[11.620899,46.676628],[11.620419,46.675764],[11.619468,46.674175],[11.618366,46.672601],[11.616602,46.670222],[11.616441,46.670002],[11.614274,46.667086],[11.613034,46.665382],[11.612708,46.66496],[11.61228,46.66446],[11.611773,46.66393],[11.611416,46.663586],[11.60913,46.661383],[11.607661,46.659995],[11.607183,46.659516],[11.606785,46.659161],[11.606356,46.65883],[11.605763,46.658462],[11.605359,46.658256],[11.604886,46.658054],[11.603913,46.657714],[11.603062,46.657438],[11.602563,46.657249],[11.602344,46.657146],[11.601861,46.656911],[11.601318,46.656602],[11.600253,46.655918],[11.599727,46.655588],[11.598843,46.655099],[11.598095,46.654745],[11.597405,46.654464],[11.595914,46.653939],[11.59405,46.653321],[11.593501,46.653108],[11.593028,46.652902],[11.592589,46.652678],[11.591909,46.652293],[11.591334,46.651907],[11.590927,46.651605],[11.590196,46.650993],[11.589496,46.650275],[11.589058,46.649772],[11.588874,46.649511],[11.588407,46.648952],[11.587879,46.648284],[11.587775,46.648259],[11.587229,46.64766],[11.586704,46.647248],[11.586488,46.647017],[11.586432,46.646887],[11.586424,46.646823],[11.586455,46.646698],[11.586542,46.646604],[11.586712,46.646523],[11.586884,46.646502],[11.587002,46.646511],[11.587221,46.646585],[11.587409,46.646703],[11.587571,46.646866],[11.588032,46.647486],[11.5882,46.647782],[11.588401,46.648145],[11.588659,46.648517],[11.58873,46.648705],[11.588742,46.648861],[11.588725,46.648941],[11.58863,46.649108],[11.588523,46.649214],[11.588268,46.649343],[11.588038,46.649394],[11.587784,46.649398],[11.58755,46.649354],[11.587445,46.649317],[11.587238,46.649196],[11.586906,46.648785],[11.586204,46.647962],[11.586003,46.647635],[11.585568,46.647023],[11.585444,46.646778],[11.585285,46.646357],[11.585199,46.646201],[11.585105,46.646113],[11.585043,46.646106],[11.584935,46.646153],[11.584913,46.646049],[11.584927,46.646012],[11.584825,46.645965],[11.584681,46.64594],[11.584556,46.645948],[11.58446,46.645964],[11.584534,46.645921],[11.584824,46.645801],[11.584842,46.645787],[11.584863,46.645775],[11.584807,46.645507],[11.584702,46.645386],[11.584608,46.645307],[11.584449,46.645211],[11.584125,46.645074],[11.583889,46.645019],[11.583787,46.645001],[11.583408,46.644939],[11.583153,46.644875],[11.582028,46.64446],[11.581538,46.644288],[11.58134,46.644235],[11.580999,46.644171],[11.579753,46.643992],[11.578214,46.643695],[11.577734,46.643569],[11.577206,46.643351],[11.576322,46.6428],[11.575623,46.642485],[11.575314,46.642312],[11.575183,46.642203],[11.574887,46.641875],[11.57459,46.64154],[11.573649,46.640828],[11.573322,46.640662],[11.572447,46.640419],[11.572235,46.640335],[11.571971,46.640183],[11.571201,46.639613],[11.571087,46.639456],[11.571063,46.639329],[11.571076,46.639227],[11.571141,46.639053],[11.571336,46.638699],[11.571375,46.638469],[11.571366,46.638322],[11.571344,46.638228],[11.571207,46.638105],[11.571015,46.638022],[11.57089,46.637985],[11.57074,46.637956],[11.569759,46.637843],[11.56916,46.637731],[11.568236,46.63752],[11.567762,46.637393],[11.567541,46.637306],[11.566462,46.63677],[11.565451,46.63631],[11.564836,46.636028],[11.564381,46.635843],[11.564244,46.635772],[11.564088,46.635658],[11.563869,46.6355],[11.563744,46.635458],[11.563039,46.635368],[11.562716,46.63528],[11.56237,46.635144],[11.562147,46.635037],[11.561596,46.634739],[11.561517,46.634684],[11.56135,46.634491],[11.56118,46.634313],[11.560632,46.633979],[11.560449,46.633829],[11.560328,46.633658],[11.560242,46.633197],[11.560113,46.633029],[11.559877,46.632859],[11.559464,46.632604],[11.559267,46.632451],[11.558982,46.632099],[11.558617,46.631763],[11.557896,46.630952],[11.557683,46.63076],[11.557051,46.63042],[11.555942,46.629594],[11.555712,46.629483],[11.555561,46.629431],[11.555122,46.629318],[11.554907,46.629225],[11.554759,46.629089],[11.554414,46.628582],[11.554245,46.628389],[11.554083,46.628254],[11.553592,46.627905],[11.553493,46.627803],[11.553254,46.627438],[11.553192,46.627242],[11.553227,46.626953],[11.553533,46.626111],[11.553561,46.625963],[11.553531,46.625768],[11.55349,46.625691],[11.553372,46.625567],[11.553049,46.625401],[11.552917,46.62532],[11.552801,46.62522],[11.552717,46.6251],[11.552494,46.624615],[11.552392,46.624489],[11.551768,46.624074],[11.551614,46.623919],[11.551563,46.623811],[11.55155,46.623685],[11.551633,46.623232],[11.551613,46.623119],[11.551534,46.622998],[11.551123,46.62258],[11.55088,46.622389],[11.549703,46.621509],[11.549495,46.621309],[11.549323,46.6211],[11.549208,46.620875],[11.549108,46.620547],[11.549087,46.620384],[11.549102,46.620031],[11.549154,46.619419],[11.549142,46.619285],[11.549078,46.619118],[11.54885,46.61885],[11.54828,46.618415],[11.548128,46.618266],[11.547941,46.618026],[11.547854,46.617867],[11.547586,46.617255],[11.547414,46.616974],[11.546993,46.6163],[11.546601,46.61582],[11.546213,46.615358],[11.546099,46.615192],[11.545838,46.614584],[11.545378,46.613702],[11.544744,46.611997],[11.544674,46.611854],[11.543982,46.610866],[11.543623,46.610389],[11.543451,46.610105],[11.543319,46.609642],[11.543233,46.609481],[11.542831,46.608974],[11.542702,46.608747],[11.542523,46.608501],[11.542081,46.608143],[11.542005,46.60803],[11.541968,46.607916],[11.541674,46.607931],[11.541529,46.607921],[11.541419,46.607883],[11.541298,46.607781],[11.541261,46.607667],[11.541272,46.607293],[11.541208,46.607079],[11.540794,46.606467],[11.540389,46.605796],[11.540172,46.605508],[11.540074,46.605339],[11.540052,46.605142],[11.540096,46.604985],[11.54014,46.604905],[11.540254,46.604783],[11.540341,46.60472],[11.540799,46.604435],[11.541008,46.604289],[11.541225,46.604164],[11.541855,46.603868],[11.542136,46.60366],[11.542267,46.603523],[11.542398,46.603326],[11.542478,46.603136],[11.542584,46.602731],[11.542665,46.602582],[11.542806,46.602441],[11.543285,46.602184],[11.543398,46.602077],[11.54343,46.601928],[11.543396,46.601852],[11.543335,46.601786],[11.543224,46.601724],[11.543084,46.601695],[11.542879,46.601716],[11.542746,46.601769],[11.542412,46.601946],[11.542137,46.602031],[11.541856,46.602052],[11.541102,46.60197],[11.540721,46.602001],[11.540351,46.602119],[11.539577,46.602589],[11.538815,46.603003],[11.538629,46.603159],[11.538523,46.603292],[11.53828,46.603676],[11.537957,46.604113],[11.537904,46.604284],[11.537947,46.604547],[11.537976,46.604755],[11.537967,46.604847],[11.537927,46.60491],[11.537824,46.604976],[11.537716,46.604993],[11.537557,46.604943],[11.53748,46.604854],[11.537468,46.604724],[11.537557,46.604464],[11.537635,46.604276],[11.537659,46.60416],[11.537624,46.603244],[11.537597,46.603068],[11.537416,46.602659],[11.537379,46.602457],[11.537521,46.601662],[11.537511,46.601464],[11.537405,46.60122],[11.53722,46.600915],[11.537179,46.600732],[11.537158,46.600353],[11.537125,46.600178],[11.537077,46.600036],[11.537019,46.599934],[11.536885,46.599757],[11.536682,46.599557],[11.53616,46.599189],[11.536013,46.599153],[11.535864,46.599162],[11.535728,46.599223],[11.535658,46.599316],[11.535648,46.59937],[11.535696,46.599488],[11.535793,46.599584],[11.53611,46.599772],[11.536284,46.599912],[11.536453,46.600152],[11.536507,46.600307],[11.536522,46.600476],[11.536502,46.600579],[11.536444,46.60072],[11.536247,46.601076],[11.536156,46.601245],[11.536092,46.601504],[11.536111,46.60171],[11.536247,46.602229],[11.536211,46.602402],[11.536144,46.602492],[11.536038,46.602559],[11.53589,46.602591],[11.535794,46.602587],[11.535656,46.602553],[11.535559,46.6025],[11.535466,46.602407],[11.535422,46.602326],[11.535387,46.602195],[11.535314,46.601667],[11.535218,46.601386],[11.535059,46.601125],[11.534782,46.600462],[11.534708,46.600368],[11.534589,46.600306],[11.534434,46.600294],[11.534319,46.600336],[11.534243,46.600405],[11.534205,46.600527],[11.534534,46.601617],[11.53455,46.601771],[11.534514,46.601882],[11.534471,46.601946],[11.534337,46.602031],[11.534229,46.602056],[11.534109,46.602057],[11.534017,46.602043],[11.533888,46.601997],[11.533691,46.601818],[11.533514,46.601573],[11.533336,46.60137],[11.533078,46.601165],[11.532886,46.601009],[11.532753,46.60086],[11.53268,46.60087],[11.532633,46.600858],[11.53259,46.600816],[11.532594,46.600765],[11.532608,46.60075],[11.532576,46.600501],[11.532511,46.600373],[11.532453,46.600274],[11.532232,46.599894],[11.531998,46.599482],[11.53199,46.599369],[11.532014,46.599331],[11.53225,46.59915],[11.532346,46.599047],[11.532402,46.598935],[11.532403,46.598858],[11.532378,46.598729],[11.532351,46.598614],[11.53225,46.598392],[11.532134,46.598245],[11.531829,46.598146],[11.531517,46.597943],[11.531325,46.597799],[11.531247,46.597746],[11.531103,46.597646],[11.530961,46.597518],[11.530903,46.597432],[11.530849,46.597236],[11.530784,46.596711],[11.530719,46.596539],[11.530603,46.596265],[11.530525,46.595748],[11.530431,46.595621],[11.530342,46.595578],[11.53031,46.595511],[11.530318,46.595475],[11.530344,46.595441],[11.530436,46.595399],[11.530586,46.595236],[11.53059,46.59511],[11.530508,46.594401],[11.530353,46.593782],[11.530375,46.593614],[11.530441,46.593281],[11.530438,46.593074],[11.53008,46.591947],[11.529695,46.591268],[11.528462,46.590077],[11.528229,46.589871],[11.528135,46.589757],[11.527966,46.589461],[11.52778,46.589018],[11.527458,46.588568],[11.527395,46.588439],[11.527285,46.587944],[11.527236,46.587814],[11.527166,46.587712],[11.526838,46.587427],[11.526286,46.58703],[11.526211,46.586964],[11.526148,46.586876],[11.526114,46.586779],[11.526108,46.586683],[11.526211,46.586403],[11.526254,46.586207],[11.526198,46.586029],[11.525934,46.585557],[11.525864,46.585378],[11.525845,46.585251],[11.525878,46.5848],[11.525865,46.584633],[11.525691,46.58393],[11.5257,46.583262],[11.525679,46.583134],[11.525434,46.582289],[11.525364,46.581971],[11.525358,46.581804],[11.525381,46.581642],[11.525611,46.580912],[11.525629,46.580766],[11.5256,46.580574],[11.525498,46.580288],[11.52546,46.580109],[11.525485,46.57945],[11.525574,46.579227],[11.52585,46.578803],[11.525899,46.578633],[11.525807,46.578361],[11.525661,46.578135],[11.525612,46.577909],[11.525617,46.577775],[11.525706,46.57754],[11.525765,46.577455],[11.526205,46.57708],[11.526325,46.576923],[11.526367,46.576831],[11.526403,46.576718],[11.52641,46.576497],[11.526381,46.576386],[11.526332,46.57627],[11.526133,46.575946],[11.526108,46.575839],[11.526123,46.575771],[11.52622,46.575604],[11.526483,46.57534],[11.526862,46.574954],[11.527119,46.574661],[11.527248,46.574461],[11.527299,46.57431],[11.527318,46.574158],[11.527292,46.574002],[11.527038,46.573359],[11.527012,46.573314],[11.527,46.573225],[11.527005,46.572957],[11.526982,46.572739],[11.526745,46.572303],[11.526697,46.572152],[11.526706,46.572001],[11.526762,46.571745],[11.526796,46.571272],[11.526852,46.571125],[11.526947,46.570992],[11.527101,46.570838],[11.527184,46.570778],[11.527315,46.570704],[11.52746,46.570654],[11.528088,46.570485],[11.528699,46.570281],[11.529025,46.570231],[11.529538,46.570211],[11.529735,46.57017],[11.529985,46.570061],[11.530949,46.569036],[11.531045,46.568914],[11.531292,46.568492],[11.53114,46.568321],[11.531096,46.568181],[11.53112,46.568053],[11.531157,46.568],[11.531376,46.567818],[11.531611,46.567678],[11.531636,46.567629],[11.531597,46.567603],[11.531547,46.567605],[11.53128,46.567701],[11.531186,46.567713],[11.530282,46.567793],[11.530205,46.567824],[11.530128,46.567818],[11.530096,46.567786],[11.530121,46.567742],[11.530362,46.567637],[11.530787,46.567405],[11.53118,46.56723],[11.531424,46.567056],[11.531513,46.567023],[11.531846,46.567025],[11.5321,46.566995],[11.532268,46.566927],[11.532505,46.566722],[11.532619,46.566643],[11.533003,46.566585],[11.533084,46.566524],[11.533115,46.566449],[11.533089,46.566345],[11.533003,46.566256],[11.532907,46.566216],[11.532453,46.566165],[11.531284,46.566101],[11.531219,46.566076],[11.531114,46.565988],[11.530985,46.565793],[11.530705,46.565458],[11.530676,46.565424],[11.530556,46.565346],[11.530395,46.565279],[11.529939,46.565214],[11.52954,46.565125],[11.529119,46.565007],[11.528677,46.565009],[11.528382,46.564911],[11.527786,46.564638],[11.527678,46.564597],[11.527318,46.564594],[11.526785,46.56463],[11.526622,46.564604],[11.526454,46.564555],[11.526063,46.564297],[11.525885,46.56413],[11.525527,46.564004],[11.525435,46.563952],[11.525361,46.563858],[11.525266,46.56364],[11.525199,46.563602],[11.525106,46.563581],[11.524945,46.563595],[11.52489,46.563609],[11.524825,46.563651],[11.524708,46.563754],[11.524569,46.564018],[11.524517,46.56406],[11.524438,46.564087],[11.524249,46.564074],[11.524166,46.564041],[11.524128,46.563997],[11.524126,46.563962],[11.524172,46.563905],[11.524302,46.563823],[11.524354,46.56375],[11.524432,46.563551],[11.524556,46.56331],[11.524462,46.563115],[11.524101,46.562649],[11.523891,46.562449],[11.523645,46.562065],[11.52335,46.561906],[11.523281,46.561842],[11.523138,46.561479],[11.522926,46.561096],[11.522925,46.560972],[11.522441,46.560676],[11.522276,46.560593],[11.521997,46.560534],[11.521585,46.560343],[11.521321,46.560158],[11.521233,46.560056],[11.521223,46.560017],[11.521214,46.559743],[11.521086,46.559472],[11.521088,46.559337],[11.521119,46.559037],[11.521264,46.558816],[11.521329,46.55866],[11.521408,46.558508],[11.521443,46.558275],[11.521462,46.558006],[11.521564,46.5578],[11.521521,46.557712],[11.521527,46.557303],[11.521627,46.557087],[11.521647,46.556932],[11.521567,46.556784],[11.521575,46.55662],[11.521803,46.556362],[11.521792,46.556239],[11.52169,46.55606],[11.521665,46.55585],[11.521671,46.555713],[11.521536,46.555248],[11.521449,46.554844],[11.520903,46.554032],[11.520785,46.55364],[11.520784,46.552923],[11.520692,46.552522],[11.520695,46.552453],[11.520754,46.55233],[11.521192,46.55193],[11.521501,46.551722],[11.521581,46.551704],[11.521863,46.551681],[11.521953,46.551659],[11.522257,46.551451],[11.522411,46.551373],[11.522873,46.551191],[11.523115,46.551066],[11.523349,46.550988],[11.523505,46.550956],[11.523736,46.55085],[11.523912,46.550731],[11.524011,46.550639],[11.524104,46.550516],[11.524164,46.550322],[11.52414,46.550185],[11.523997,46.549773],[11.523995,46.549636],[11.524026,46.549482],[11.524068,46.549401],[11.524348,46.549136],[11.524469,46.548914],[11.524525,46.548854],[11.524597,46.548811],[11.52503,46.548713],[11.525278,46.548704],[11.525519,46.548739],[11.525699,46.548734],[11.525863,46.548663],[11.526025,46.548484],[11.526007,46.548387],[11.525877,46.548227],[11.525857,46.548151],[11.525894,46.548073],[11.526078,46.547959],[11.526467,46.54779],[11.526639,46.547677],[11.52672,46.547519],[11.526759,46.547334],[11.526786,46.547004],[11.526832,46.546892],[11.527169,46.54657],[11.527235,46.546511],[11.527629,46.54596],[11.527727,46.54591],[11.527829,46.545894],[11.527924,46.545898],[11.528311,46.546031],[11.528396,46.546045],[11.528498,46.546039],[11.528791,46.545969],[11.529159,46.546035],[11.529388,46.546057],[11.529942,46.546064],[11.530045,46.546046],[11.5301,46.54602],[11.530294,46.545723],[11.530545,46.545041],[11.53064,46.544948],[11.530784,46.54493],[11.531219,46.544985],[11.531502,46.544991],[11.531607,46.544972],[11.532135,46.544792],[11.53258,46.544714],[11.532703,46.544662],[11.532945,46.544476],[11.533337,46.544314],[11.534141,46.543777],[11.534259,46.543614],[11.534335,46.543367],[11.534373,46.542598],[11.534429,46.542474],[11.534567,46.542344],[11.534637,46.542321],[11.534753,46.542309],[11.534882,46.542324],[11.535,46.542352],[11.535223,46.542447],[11.535472,46.542502],[11.53571,46.542494],[11.535825,46.542467],[11.53604,46.542351],[11.536725,46.541634],[11.536826,46.541431],[11.53691,46.541313],[11.537105,46.541133],[11.537255,46.541068],[11.537786,46.540978],[11.538221,46.540963],[11.538323,46.540976],[11.538452,46.541023],[11.538951,46.541302],[11.539108,46.541362],[11.539355,46.541411],[11.539578,46.54141],[11.539866,46.541317],[11.540169,46.541244],[11.540666,46.541202],[11.540803,46.541175],[11.540891,46.541136],[11.540932,46.541081],[11.54093,46.541033],[11.540904,46.540918],[11.540848,46.540869],[11.540605,46.540746],[11.540279,46.540459],[11.540027,46.540362],[11.539948,46.540298],[11.53988,46.540105],[11.539637,46.539924],[11.539573,46.539852],[11.539625,46.539484],[11.539493,46.53921],[11.539503,46.539182],[11.539547,46.53916],[11.539629,46.539153],[11.539703,46.539186],[11.54003,46.539611],[11.540059,46.539772],[11.540095,46.53982],[11.540161,46.539849],[11.540548,46.539881],[11.54101,46.539974],[11.541186,46.539985],[11.541551,46.53993],[11.542719,46.539888],[11.543215,46.539902],[11.543693,46.539948],[11.543865,46.53993],[11.544009,46.539882],[11.544253,46.53971],[11.544877,46.539374],[11.545024,46.539311],[11.545326,46.539239],[11.545624,46.53923],[11.546462,46.539239],[11.546554,46.539252],[11.546705,46.539363],[11.546801,46.539399],[11.5469,46.539412],[11.547982,46.539432],[11.548576,46.539559],[11.548962,46.539703],[11.549389,46.539688],[11.549574,46.539715],[11.549662,46.539747],[11.550003,46.539984],[11.550185,46.540002],[11.550316,46.539947],[11.550387,46.539817],[11.550295,46.539391],[11.550243,46.539291],[11.549772,46.538851],[11.549655,46.538783],[11.549341,46.53873],[11.549213,46.538651],[11.549185,46.538592],[11.549191,46.53854],[11.549224,46.538503],[11.549297,46.538479],[11.549397,46.53848],[11.549492,46.538494],[11.550443,46.53875],[11.550773,46.538855],[11.551404,46.539098],[11.551496,46.539111],[11.551664,46.539094],[11.551876,46.539012],[11.551228,46.538504],[11.550983,46.538361],[11.550748,46.538274],[11.550317,46.538189],[11.549926,46.538091],[11.549714,46.538008],[11.548249,46.537165],[11.548034,46.536951],[11.547959,46.53684],[11.547691,46.536307],[11.547433,46.535947],[11.546957,46.53532],[11.546766,46.535163],[11.546672,46.535113],[11.546485,46.535044],[11.545937,46.534948],[11.545727,46.534896],[11.544755,46.534449],[11.544537,46.534385],[11.544264,46.534334],[11.543637,46.534246],[11.543138,46.53418],[11.542578,46.534072],[11.541672,46.533838],[11.540633,46.533539],[11.539903,46.533171],[11.539548,46.532964],[11.539267,46.532725],[11.53904,46.532392],[11.538702,46.531808],[11.538637,46.53174],[11.538484,46.53163],[11.538286,46.531528],[11.538114,46.531474],[11.537903,46.53144],[11.537288,46.531378],[11.536712,46.531322],[11.534983,46.531164],[11.534686,46.531153],[11.534086,46.531158],[11.533456,46.531215],[11.532827,46.531293],[11.53239,46.531415],[11.532016,46.531582],[11.531782,46.53173],[11.531591,46.531889],[11.531445,46.532031],[11.531287,46.532203],[11.531075,46.532448],[11.530882,46.532669],[11.53068,46.53299],[11.530844,46.532991],[11.530957,46.532952],[11.531034,46.532886],[11.531297,46.532541],[11.531393,46.532453],[11.531673,46.53233],[11.531795,46.532351],[11.531999,46.532388],[11.532169,46.532393],[11.532474,46.532294],[11.532568,46.532282],[11.532632,46.532298],[11.532666,46.532323],[11.5327,46.532365],[11.532704,46.532408]]},"properties":{"couleur":"#8a6a4f","jour":"2026-08-09","mode":"route","source":"heritee"}},{"type":"Feature","geometry":{"type":"LineString","coordinates":[[11.532704,46.532408],[11.5327,46.532365],[11.532666,46.532323],[11.532632,46.532298],[11.532568,46.532282],[11.532474,46.532294],[11.532169,46.532393],[11.531999,46.532388],[11.531795,46.532351],[11.531673,46.53233],[11.531393,46.532453],[11.531297,46.532541],[11.531034,46.532886],[11.530957,46.532952],[11.530844,46.532991],[11.53068,46.53299],[11.530635,46.53317],[11.530623,46.533362],[11.53069,46.534111],[11.53064,46.534328],[11.530591,46.534422],[11.530516,46.534504],[11.530334,46.534637],[11.530123,46.534727],[11.529894,46.534771],[11.529626,46.534769],[11.529305,46.534715],[11.528571,46.534501],[11.528291,46.534422],[11.527902,46.534311],[11.527693,46.534272],[11.52743,46.534248],[11.527091,46.534266],[11.526908,46.534305],[11.526706,46.534374],[11.525213,46.535037],[11.524772,46.535172],[11.524452,46.535234],[11.524383,46.535245],[11.524165,46.535277],[11.523671,46.535308],[11.522187,46.535343],[11.520873,46.535367],[11.52056,46.535344],[11.520332,46.535306],[11.520194,46.535273],[11.519881,46.535164],[11.519547,46.534976],[11.519352,46.53482],[11.518414,46.53396],[11.518158,46.533792],[11.517827,46.533675],[11.515867,46.533106],[11.515582,46.532995],[11.515265,46.532813],[11.51458,46.532227],[11.512977,46.530737],[11.512683,46.530403],[11.512507,46.53017],[11.512253,46.529748],[11.512108,46.529419],[11.511736,46.528631],[11.511542,46.528373],[11.511303,46.52817],[11.511143,46.528071],[11.510421,46.527707],[11.510219,46.527575],[11.51011,46.527439],[11.509992,46.527203],[11.509883,46.526316],[11.509852,46.526226],[11.509767,46.52609],[11.509584,46.525891],[11.508805,46.525345],[11.508508,46.525127],[11.507863,46.524634],[11.507791,46.524556],[11.507716,46.524412],[11.5077,46.524322],[11.507712,46.524124],[11.507831,46.523917],[11.508013,46.523761],[11.508704,46.52341],[11.508871,46.5233],[11.508986,46.523177],[11.509036,46.523094],[11.509093,46.522939],[11.509099,46.522855],[11.50909,46.522781],[11.509031,46.522636],[11.508939,46.522509],[11.508334,46.521882],[11.508222,46.521786],[11.508019,46.521664],[11.507466,46.521393],[11.507136,46.521167],[11.506933,46.520958],[11.50623,46.520011],[11.505987,46.519743],[11.505562,46.519398],[11.504802,46.51894],[11.504462,46.518743],[11.504331,46.518649],[11.504249,46.518574],[11.50415,46.518411],[11.504053,46.518398],[11.503993,46.518344],[11.503988,46.518309],[11.503997,46.51828],[11.50405,46.518234],[11.504132,46.518218],[11.504173,46.51807],[11.504548,46.517572],[11.505021,46.516911],[11.505578,46.516128],[11.50574,46.515791],[11.50581,46.515622],[11.506012,46.515174],[11.506042,46.515091],[11.506152,46.514835],[11.506233,46.514718],[11.506335,46.514623],[11.506758,46.514322],[11.50684,46.514231],[11.507086,46.513691],[11.507412,46.512931],[11.507461,46.512775],[11.507465,46.512698],[11.507437,46.512588],[11.507217,46.51229],[11.507185,46.512154],[11.507272,46.511838],[11.507343,46.511662],[11.507451,46.511534],[11.507531,46.51147],[11.507738,46.511346],[11.507918,46.51131],[11.508294,46.51133],[11.508389,46.511319],[11.508561,46.511228],[11.508669,46.51111],[11.5087,46.511018],[11.508702,46.510762],[11.508772,46.510523],[11.509005,46.509868],[11.509101,46.509761],[11.509214,46.509702],[11.509465,46.509655],[11.50959,46.509654],[11.509715,46.50967],[11.510075,46.509754],[11.510202,46.509751],[11.510493,46.509657],[11.510602,46.509643],[11.511038,46.509676],[11.511158,46.509627],[11.51127,46.50951],[11.511429,46.509309],[11.511522,46.509183],[11.511529,46.509114],[11.511491,46.509053],[11.51126,46.508915],[11.511003,46.508773],[11.510868,46.508726],[11.510697,46.508688],[11.510208,46.508602],[11.510076,46.508542],[11.509937,46.508397],[11.509925,46.508312],[11.510026,46.508015],[11.510072,46.507897],[11.510079,46.507802],[11.510041,46.507711],[11.509947,46.507635],[11.509782,46.50754],[11.509588,46.507452],[11.509486,46.507434],[11.509334,46.507456],[11.508991,46.507553],[11.50826,46.507806],[11.50807,46.507892],[11.507929,46.508016],[11.50775,46.508237],[11.50766,46.508277],[11.507509,46.508302],[11.507134,46.508304],[11.506995,46.508346],[11.506691,46.508512],[11.50638,46.508613],[11.506294,46.508655],[11.506232,46.50871],[11.506186,46.508832],[11.50609,46.50894],[11.505971,46.509004],[11.505637,46.509081],[11.505543,46.509089],[11.505397,46.509063],[11.504992,46.508757],[11.504887,46.508608],[11.504819,46.508361],[11.504776,46.508304],[11.504719,46.508268],[11.504632,46.508249],[11.504552,46.508252],[11.504457,46.508277],[11.504359,46.508338],[11.504122,46.508556],[11.504031,46.508681],[11.504037,46.508793],[11.504097,46.508939],[11.504105,46.50901],[11.50406,46.509117],[11.504005,46.509163],[11.503865,46.509196],[11.503753,46.509193],[11.502829,46.50904],[11.502733,46.509015],[11.502501,46.508852],[11.501994,46.508505],[11.501922,46.508431],[11.501878,46.508332],[11.501859,46.50804],[11.501777,46.507907],[11.501723,46.507861],[11.501638,46.507835],[11.501474,46.507839],[11.501376,46.507883],[11.501185,46.50803],[11.501065,46.50809],[11.500898,46.50811],[11.500794,46.508102],[11.500134,46.507968],[11.500029,46.507923],[11.499945,46.507852],[11.499797,46.507638],[11.499716,46.507572],[11.499635,46.507539],[11.499136,46.50752],[11.499023,46.507502],[11.498425,46.507329],[11.497949,46.5073],[11.497808,46.507277],[11.49761,46.507216],[11.497481,46.507202],[11.497314,46.507208],[11.497045,46.507246],[11.496582,46.507329],[11.496481,46.507376],[11.496205,46.507551],[11.496051,46.507621],[11.495739,46.50768],[11.49533,46.50773],[11.494827,46.507745],[11.494538,46.507721],[11.494301,46.507668],[11.494078,46.507592],[11.493595,46.507346],[11.493194,46.507093],[11.492942,46.506959],[11.49246,46.506784],[11.492254,46.50673],[11.491948,46.506687],[11.4913,46.506675],[11.490698,46.506751],[11.490437,46.506827],[11.490137,46.506938],[11.487583,46.508237],[11.486846,46.508627],[11.486629,46.50869],[11.486392,46.508692],[11.485551,46.508535],[11.485358,46.508514],[11.48523,46.508513],[11.485123,46.508534],[11.485011,46.508575],[11.484883,46.508648],[11.484007,46.509295],[11.483669,46.509547],[11.48357,46.50959],[11.483439,46.509611],[11.483316,46.509592],[11.483008,46.509459],[11.482775,46.509388],[11.481592,46.509209],[11.481487,46.509153],[11.481452,46.509111],[11.481224,46.508591],[11.481111,46.508512],[11.481043,46.508504],[11.480923,46.508508],[11.480789,46.508541],[11.48033,46.508699],[11.480157,46.508739],[11.479964,46.508748],[11.478578,46.508689],[11.478411,46.508706],[11.478165,46.508761],[11.477846,46.508745],[11.477624,46.508745],[11.477508,46.508758],[11.477317,46.508836],[11.476976,46.509037],[11.476806,46.509082],[11.476719,46.509074],[11.476394,46.508985],[11.476268,46.508969],[11.475671,46.509025],[11.474589,46.508783],[11.4744,46.508681],[11.473839,46.508329],[11.473558,46.508225],[11.472709,46.508],[11.47247,46.507923],[11.47232,46.507818],[11.471792,46.507294],[11.471606,46.507223],[11.470353,46.506966],[11.468692,46.506354],[11.468391,46.506295],[11.46834,46.506256],[11.46815,46.505994],[11.468062,46.505914],[11.46792,46.50582],[11.467663,46.505691],[11.467207,46.505484],[11.46664,46.505345],[11.466384,46.505291],[11.465303,46.505098],[11.46506,46.505039],[11.463639,46.504501],[11.463246,46.504268],[11.463032,46.504107],[11.462619,46.503732],[11.462501,46.50355],[11.462477,46.503488],[11.462477,46.503402],[11.4626,46.503074],[11.462624,46.502902],[11.462565,46.502742],[11.462503,46.502666],[11.462251,46.502491],[11.462131,46.502452],[11.461683,46.502357],[11.461509,46.502272],[11.461338,46.502104],[11.460958,46.501618],[11.460831,46.501522],[11.460518,46.501362],[11.460271,46.501083],[11.460173,46.500995],[11.460021,46.500906],[11.459841,46.500836],[11.459639,46.50078],[11.459408,46.50074],[11.459201,46.500725],[11.458923,46.500663],[11.458646,46.500544],[11.458519,46.500517],[11.457582,46.50042],[11.457182,46.500326],[11.457009,46.500319],[11.456798,46.50034],[11.456711,46.500334],[11.45633,46.500215],[11.45618,46.500182],[11.455534,46.500143],[11.455445,46.500117],[11.455269,46.50002],[11.454304,46.49926],[11.453757,46.498916],[11.453123,46.498657],[11.452395,46.498254],[11.451837,46.497759],[11.451311,46.497327],[11.451006,46.497119],[11.45087,46.497056],[11.449224,46.496663],[11.449018,46.496581],[11.448891,46.496443],[11.448725,46.496161],[11.448699,46.496116],[11.448533,46.495853],[11.448465,46.495775],[11.448405,46.495673],[11.448254,46.495412],[11.448188,46.495334],[11.448148,46.4953],[11.447992,46.495188],[11.447767,46.495076],[11.447579,46.495021],[11.447354,46.49501],[11.447119,46.495041],[11.446578,46.495105],[11.445727,46.495208],[11.444324,46.495379],[11.444115,46.495407],[11.44344,46.495478],[11.443309,46.495475],[11.443109,46.495439],[11.442877,46.49535],[11.44245,46.495151],[11.442165,46.494996],[11.441797,46.494717],[11.441555,46.4945],[11.441365,46.49431],[11.44067,46.493607],[11.440006,46.492919],[11.439497,46.492336],[11.439111,46.491947],[11.438938,46.491832],[11.438797,46.491761],[11.438547,46.491668],[11.438198,46.49161],[11.43802,46.491595],[11.437719,46.491604],[11.437403,46.491632],[11.4369,46.491711],[11.436249,46.491832],[11.435819,46.491928],[11.435619,46.492009],[11.435476,46.492087],[11.434688,46.492596],[11.434539,46.49271],[11.434421,46.492824],[11.434338,46.492934],[11.434035,46.49335],[11.43381,46.493567],[11.43367,46.493659],[11.433535,46.493722],[11.433295,46.493774],[11.433016,46.49378],[11.432859,46.493748],[11.432698,46.493695],[11.432556,46.493618],[11.432406,46.493509],[11.431641,46.492752],[11.431119,46.492183],[11.43067,46.491747],[11.430221,46.491309],[11.429497,46.490575],[11.429301,46.490404],[11.428977,46.49018],[11.428146,46.489754],[11.427636,46.48953],[11.426528,46.489125],[11.425751,46.488897],[11.425053,46.488738],[11.424701,46.488676],[11.423979,46.488604],[11.423511,46.488587],[11.423032,46.488598],[11.422455,46.488647],[11.422032,46.488713],[11.421328,46.488869],[11.420584,46.489079],[11.419783,46.489378],[11.418792,46.489844],[11.416706,46.491028],[11.41575,46.491543],[11.413915,46.492442],[11.413611,46.492597],[11.413341,46.492713],[11.413012,46.492832],[11.41266,46.492933],[11.411753,46.493319],[11.41138,46.493456],[11.410794,46.493565],[11.410121,46.493668],[11.40961,46.493731],[11.409378,46.493699],[11.409201,46.493654],[11.409041,46.493662],[11.408951,46.493683],[11.408775,46.493763],[11.40845,46.493896],[11.407998,46.494163],[11.407696,46.49437],[11.407609,46.494482],[11.407584,46.49464],[11.40763,46.494795],[11.407686,46.494888],[11.407985,46.495289],[11.408088,46.495381],[11.408189,46.495434],[11.408396,46.495484],[11.408509,46.49548],[11.408612,46.495458],[11.408766,46.495358],[11.408796,46.495156],[11.408732,46.495053],[11.40858,46.494961],[11.408348,46.494897],[11.408108,46.494869],[11.407526,46.49484],[11.407097,46.494759],[11.405937,46.494602],[11.403152,46.494107],[11.402336,46.493957],[11.399859,46.493518],[11.398874,46.493361],[11.396207,46.492958],[11.395351,46.492849],[11.394942,46.492826],[11.394474,46.49282],[11.393854,46.492846],[11.393101,46.492908],[11.390989,46.493111],[11.390579,46.493145],[11.38996,46.493167],[11.389462,46.493163],[11.389077,46.493144],[11.387394,46.493002],[11.386987,46.492979],[11.386171,46.492962],[11.385606,46.492998],[11.383553,46.49325],[11.38305,46.493275],[11.379359,46.493343],[11.378168,46.493344],[11.377222,46.493273],[11.376322,46.493164],[11.371481,46.492222],[11.370467,46.492008],[11.369487,46.491766],[11.369244,46.491709],[11.367379,46.491271],[11.366691,46.491157],[11.366001,46.49108],[11.365344,46.491044],[11.3645,46.49105],[11.363771,46.491106],[11.361078,46.491476],[11.360459,46.491512],[11.359837,46.491525],[11.359144,46.491483],[11.349956,46.490022],[11.347712,46.489589],[11.347121,46.489427],[11.34655,46.489243],[11.34449,46.488427],[11.344034,46.488261],[11.343558,46.488133],[11.343027,46.488035],[11.342444,46.487961],[11.341829,46.487905],[11.340313,46.48782],[11.339493,46.487725],[11.33748,46.487311],[11.336427,46.48708],[11.334813,46.486782],[11.334236,46.486645],[11.332159,46.486033],[11.330446,46.48558],[11.329304,46.485198],[11.32878,46.484968],[11.328242,46.484703],[11.327559,46.484316],[11.326899,46.483869],[11.325958,46.483162],[11.323516,46.481267],[11.322744,46.480753],[11.321003,46.479793],[11.320495,46.479479],[11.319942,46.479089],[11.31966,46.478841],[11.319317,46.478498],[11.318974,46.478104],[11.318711,46.477766],[11.317431,46.476131],[11.315836,46.474089],[11.314607,46.472547],[11.314036,46.471899],[11.312943,46.470755],[11.312068,46.469933],[11.311351,46.469295],[11.310548,46.468638],[11.307974,46.466609],[11.307178,46.465956],[11.306707,46.465518],[11.306122,46.464915],[11.305787,46.464528],[11.305231,46.463763],[11.304975,46.463357],[11.304524,46.462509],[11.304292,46.461963],[11.304097,46.461372],[11.303963,46.460829],[11.303844,46.460105],[11.3038,46.459482],[11.3038,46.458902],[11.303828,46.458461],[11.303897,46.457968],[11.304012,46.457425],[11.304207,46.45676],[11.304391,46.456274],[11.304556,46.455891],[11.304884,46.455268],[11.305195,46.454764],[11.305663,46.454073],[11.308237,46.45052],[11.308985,46.449578],[11.310101,46.448333],[11.314185,46.444052],[11.314809,46.443333],[11.315487,46.442393],[11.315806,46.441888],[11.316138,46.441262],[11.316444,46.440573],[11.316605,46.44014],[11.31678,46.439583],[11.316954,46.438842],[11.317093,46.437818],[11.317101,46.43689],[11.317058,46.4362],[11.315892,46.428437],[11.315537,46.426222],[11.315318,46.425336],[11.315131,46.424813],[11.314762,46.423969],[11.314238,46.423027],[11.313597,46.422045],[11.312527,46.420459],[11.304743,46.408843],[11.297513,46.397752],[11.296239,46.395748],[11.29603,46.395381],[11.295648,46.394618],[11.295264,46.393697],[11.295047,46.393041],[11.294953,46.392694],[11.294249,46.389927],[11.294172,46.389627],[11.292646,46.383558],[11.292593,46.383346],[11.290754,46.376059],[11.290573,46.375175],[11.290455,46.37436],[11.290396,46.373761],[11.290382,46.373128],[11.290396,46.372122],[11.290489,46.369484],[11.290482,46.368645],[11.290451,46.368094],[11.290235,46.365497],[11.290076,46.364395],[11.289824,46.363229],[11.289537,46.362248],[11.287934,46.357787],[11.287461,46.356485],[11.286885,46.355101],[11.286339,46.353996],[11.285971,46.353339],[11.285638,46.352818],[11.284784,46.351598],[11.281832,46.347573],[11.281318,46.346781],[11.2808,46.345841],[11.280361,46.344912],[11.280204,46.344525],[11.279362,46.342166],[11.278276,46.338999],[11.277986,46.338218],[11.277717,46.337459],[11.276984,46.335329],[11.276951,46.335233],[11.276115,46.332837],[11.2758,46.332074],[11.275489,46.33145],[11.274815,46.33038],[11.269845,46.323813],[11.269441,46.323313],[11.269005,46.322812],[11.268529,46.322307],[11.267718,46.32153],[11.267174,46.321045],[11.266653,46.320609],[11.265471,46.319716],[11.260411,46.315993],[11.258979,46.314873],[11.258239,46.314236],[11.257757,46.313782],[11.257245,46.313284],[11.256375,46.312361],[11.25296,46.308262],[11.244399,46.297914],[11.240228,46.292852],[11.239769,46.292254],[11.239015,46.291182],[11.238697,46.290682],[11.238313,46.290048],[11.237802,46.289128],[11.237277,46.28806],[11.236838,46.287055],[11.236408,46.285843],[11.235974,46.284277],[11.233649,46.273883],[11.233296,46.272564],[11.233137,46.272106],[11.232899,46.27153],[11.232685,46.271099],[11.232416,46.270605],[11.231395,46.268923],[11.229052,46.265157],[11.22854,46.26442],[11.228141,46.263902],[11.227419,46.263084],[11.226893,46.262545],[11.222905,46.258549],[11.220453,46.256131],[11.219328,46.255216],[11.218517,46.254635],[11.215797,46.252752],[11.215209,46.252333],[11.2146,46.251865],[11.214255,46.251583],[11.213416,46.250828],[11.211296,46.248844],[11.210742,46.248371],[11.210323,46.248038],[11.209919,46.247761],[11.209273,46.247357],[11.208621,46.246998],[11.207887,46.246638],[11.207298,46.24637],[11.20086,46.243662],[11.200012,46.243323],[11.199454,46.24312],[11.182191,46.237396],[11.174304,46.234727],[11.170758,46.233494],[11.166185,46.231804],[11.157368,46.228445],[11.151436,46.226219],[11.150592,46.22588],[11.149774,46.225488],[11.14899,46.22506],[11.147916,46.224336],[11.147008,46.223545],[11.146486,46.222997],[11.146032,46.222413],[11.145642,46.221864],[11.145326,46.221308],[11.144438,46.219548],[11.140836,46.212035],[11.139764,46.209945],[11.137637,46.205491],[11.137372,46.204997],[11.137079,46.204517],[11.136648,46.203911],[11.136202,46.203336],[11.135521,46.202569],[11.134695,46.201785],[11.134223,46.201383],[11.133757,46.201026],[11.130303,46.198653],[11.128165,46.19717],[11.126121,46.195748],[11.125558,46.19532],[11.122458,46.192813],[11.121834,46.192296],[11.120411,46.191154],[11.11903,46.190008],[11.118218,46.189294],[11.117711,46.188807],[11.11726,46.188319],[11.116426,46.187251],[11.114683,46.184585],[11.111275,46.179259],[11.110398,46.177919],[11.10949,46.176566],[11.108311,46.174902],[11.104989,46.170025],[11.104462,46.16933],[11.10397,46.168763],[11.10313,46.1679],[11.098703,46.163634],[11.096548,46.161515],[11.094899,46.159927],[11.094261,46.159255],[11.093849,46.15873],[11.0935,46.158218],[11.093305,46.157895],[11.093031,46.157374],[11.092623,46.156406],[11.092267,46.155297],[11.090303,46.149645],[11.089065,46.146271],[11.088699,46.145362],[11.088227,46.14433],[11.084676,46.13726],[11.082813,46.13356],[11.082341,46.132339],[11.082202,46.131812],[11.082107,46.131294],[11.082052,46.129844],[11.082064,46.129547],[11.082179,46.12879],[11.082385,46.127947],[11.08266,46.127168],[11.082927,46.12658],[11.085448,46.121626],[11.085477,46.121572],[11.085868,46.120777],[11.085892,46.120714],[11.086225,46.119902],[11.08652,46.118913],[11.086797,46.117515],[11.087151,46.114058],[11.087326,46.113149],[11.087553,46.112244],[11.089656,46.104991],[11.089963,46.104119],[11.090246,46.103432],[11.090581,46.10275],[11.091124,46.10182],[11.091727,46.100977],[11.092251,46.100337],[11.093387,46.099082],[11.094653,46.097789],[11.101994,46.090007],[11.102054,46.089942],[11.10332,46.088545],[11.103653,46.088116],[11.104032,46.08755],[11.104322,46.087004],[11.104509,46.086592],[11.10467,46.086179],[11.104871,46.085428],[11.104947,46.084991],[11.104981,46.084546],[11.105059,46.082962],[11.105198,46.081559],[11.105285,46.080909],[11.105702,46.078778],[11.105843,46.078073],[11.105867,46.077914],[11.10624,46.076042],[11.106566,46.074695],[11.106964,46.07349],[11.10698,46.073441],[11.107283,46.072529],[11.108578,46.068382],[11.109762,46.065147],[11.109856,46.064799],[11.109968,46.064421],[11.110115,46.063742],[11.110181,46.063157],[11.110183,46.062334],[11.110094,46.061603],[11.109752,46.060042],[11.109525,46.059116],[11.109494,46.058981],[11.108921,46.056613],[11.108847,46.056242],[11.108755,46.055451],[11.108745,46.054667],[11.108784,46.053762],[11.108879,46.052904],[11.109023,46.052128],[11.109197,46.051433],[11.109392,46.050787],[11.10976,46.049845],[11.11023,46.048889],[11.110766,46.047984],[11.111362,46.047113],[11.112035,46.046281],[11.11281,46.045433],[11.113128,46.045107],[11.116069,46.04221],[11.116668,46.041578],[11.11706,46.041131],[11.117417,46.040674],[11.11792,46.039954],[11.118031,46.039786],[11.118449,46.039041],[11.118724,46.038456],[11.119194,46.037225],[11.119845,46.035404],[11.120507,46.033532],[11.121306,46.031279],[11.121352,46.031106],[11.121643,46.030232],[11.121755,46.029778],[11.121919,46.028877],[11.121983,46.027846],[11.121944,46.020247],[11.121895,46.017704],[11.12131,46.011246],[11.121237,46.010254],[11.12109,46.007308],[11.120981,46.00427],[11.120793,46.000283],[11.120717,45.999581],[11.120602,45.998861],[11.120401,45.997876],[11.120133,45.996889],[11.119808,45.995956],[11.119437,45.99503],[11.118862,45.993859],[11.118187,45.992687],[11.117506,45.991669],[11.116742,45.990651],[11.115921,45.989691],[11.111002,45.98447],[11.110223,45.983577],[11.109677,45.982828],[11.109278,45.98212],[11.108975,45.981357],[11.108779,45.980692],[11.108612,45.97983],[11.108211,45.977142],[11.107346,45.970793],[11.105759,45.959477],[11.105546,45.95837],[11.105264,45.957379],[11.10507,45.956784],[11.104753,45.956001],[11.101607,45.949181],[11.101189,45.948375],[11.100651,45.947495],[11.10035,45.947051],[11.099861,45.946385],[11.099221,45.945605],[11.098729,45.945066],[11.098186,45.944514],[11.097113,45.943529],[11.096892,45.943336],[11.090896,45.938125],[11.089918,45.937237],[11.083387,45.930911],[11.081961,45.929575],[11.081252,45.929022],[11.080813,45.928724],[11.08035,45.928447],[11.079831,45.928172],[11.079297,45.927917],[11.078729,45.927681],[11.078127,45.927463],[11.077616,45.927316],[11.076715,45.92709],[11.075757,45.926913],[11.075164,45.926842],[11.074466,45.926783],[11.073773,45.926758],[11.072658,45.92679],[11.071888,45.926852],[11.071168,45.926944],[11.069898,45.927172],[11.066466,45.927881],[11.065372,45.928053],[11.064367,45.928147],[11.063452,45.928177],[11.062268,45.928117],[11.061728,45.928066],[11.060929,45.927961],[11.059892,45.92775],[11.059045,45.92752],[11.058482,45.92734],[11.057893,45.92712],[11.057353,45.926881],[11.056753,45.926586],[11.053092,45.924557],[11.044051,45.91943],[11.041769,45.918116],[11.040139,45.917159],[11.038578,45.916139],[11.037978,45.915684],[11.037814,45.915562],[11.036728,45.914696],[11.036291,45.914281],[11.036006,45.913965],[11.035778,45.913745],[11.034685,45.912539],[11.034366,45.912148],[11.028413,45.904287],[11.026715,45.902042],[11.026121,45.901316],[11.02568,45.900828],[11.025221,45.90034],[11.024516,45.899656],[11.023864,45.899089],[11.022979,45.898373],[11.017652,45.894466],[11.016764,45.893731],[11.016358,45.893351],[11.01572,45.892681],[11.015186,45.892006],[11.014806,45.891451],[11.014396,45.890749],[11.014083,45.890155],[11.009899,45.881899],[11.009456,45.880784],[11.009081,45.879498],[11.007517,45.872024],[11.007134,45.870619],[11.006538,45.869412],[11.005153,45.867443],[11.004302,45.866267],[11.001398,45.862102],[11.001009,45.861415],[11.000736,45.860777],[11.000582,45.860316],[11.00042,45.85946],[11.000374,45.859074],[11.00039,45.858329],[11.000497,45.857594],[11.0007,45.85681],[11.001124,45.855391],[11.001258,45.854792],[11.001354,45.853974],[11.00133,45.853233],[11.001258,45.852682],[11.001128,45.852166],[11.000963,45.851652],[11.000047,45.849397],[10.999835,45.848701],[10.99969,45.848053],[10.999561,45.847406],[10.999542,45.84713],[10.999442,45.846653],[10.99935,45.846344],[10.999277,45.846189],[10.999119,45.845949],[10.998894,45.845718],[10.998647,45.845541],[10.998105,45.845211],[10.997836,45.844989],[10.997705,45.844806],[10.997653,45.844616],[10.997691,45.84442],[10.997807,45.844239],[10.998003,45.844093],[10.998245,45.843993],[10.99837,45.843968],[10.998699,45.843954],[10.999862,45.844162],[11.00046,45.844277],[11.001586,45.844495],[11.001912,45.844603],[11.002154,45.844757],[11.00227,45.844871],[11.002352,45.844982],[11.00241,45.845094],[11.002444,45.845238],[11.002455,45.845404],[11.002366,45.845724],[11.002025,45.846573],[11.001639,45.84739],[11.001614,45.847456],[11.001593,45.847511],[11.001343,45.848106],[11.001299,45.848291],[11.001279,45.848491],[11.001305,45.848688],[11.001382,45.848884],[11.001562,45.849213],[11.001724,45.849424],[11.001809,45.849604],[11.001901,45.850024],[11.002043,45.850064],[11.002202,45.85017],[11.002303,45.850306],[11.002316,45.850347],[11.002336,45.850455],[11.002297,45.850599],[11.002196,45.850733],[11.002078,45.850816],[11.001934,45.850876],[11.001774,45.850909],[11.001606,45.850913],[11.001443,45.850888],[11.001286,45.850816],[11.001145,45.850713],[11.001062,45.850583],[11.00103,45.850467],[11.000815,45.850093],[11.000702,45.849801],[11.000262,45.847758],[11.000183,45.847559],[11.000094,45.847421],[10.999916,45.847235],[10.999798,45.847143],[10.999577,45.847013],[10.999239,45.846887],[10.999101,45.846857],[10.99887,45.846833],[10.996052,45.846699],[10.993801,45.846571],[10.993255,45.846491],[10.992809,45.8464],[10.992297,45.846255],[10.992112,45.846183],[10.991653,45.845969],[10.990974,45.845535],[10.989633,45.844587],[10.988787,45.84402],[10.98833,45.843791],[10.98786,45.843603],[10.987225,45.843403],[10.984444,45.842628],[10.982374,45.842124],[10.981423,45.842061],[10.980606,45.842068],[10.979706,45.842126],[10.978861,45.842251],[10.97749,45.842525],[10.976507,45.842852],[10.971953,45.845256],[10.962787,45.850525],[10.961061,45.851496],[10.960646,45.851761],[10.960057,45.852191],[10.959399,45.852703],[10.959131,45.852972],[10.958285,45.853731],[10.958264,45.853746],[10.957974,45.853936],[10.957621,45.854122],[10.957204,45.854285],[10.956403,45.854507],[10.955876,45.854616],[10.955669,45.854636],[10.95534,45.85464],[10.9548,45.854581],[10.954363,45.854498],[10.953075,45.854302],[10.952623,45.854278],[10.952086,45.854308],[10.951062,45.854443],[10.949173,45.854675],[10.946356,45.855036],[10.946228,45.855051],[10.942708,45.855493],[10.942518,45.855512],[10.942232,45.855511],[10.94193,45.855498],[10.941666,45.855453],[10.941404,45.855388],[10.939192,45.854755],[10.938237,45.854478],[10.937426,45.85424],[10.937328,45.854221],[10.936876,45.854164],[10.936511,45.854146],[10.93635,45.854152],[10.935735,45.854269],[10.934974,45.854448],[10.934518,45.854546],[10.93414,45.85463],[10.932967,45.854894],[10.932695,45.854965],[10.932283,45.855106],[10.932215,45.855149],[10.932188,45.855223],[10.932122,45.855284],[10.931988,45.855333],[10.931892,45.855336],[10.931822,45.855323],[10.931706,45.855266],[10.931449,45.855271],[10.931141,45.855312],[10.930362,45.855492],[10.930201,45.855527],[10.930013,45.855571],[10.928932,45.855816],[10.927668,45.856086],[10.925856,45.856478],[10.924614,45.856785],[10.921443,45.857508],[10.921112,45.857619],[10.920823,45.857759],[10.920686,45.857859],[10.920478,45.858027],[10.920188,45.858362],[10.920068,45.858501],[10.917645,45.861357],[10.9174,45.861698],[10.917222,45.862035],[10.917022,45.862601],[10.916671,45.86379],[10.916547,45.864123],[10.916469,45.864261],[10.916361,45.8644],[10.916086,45.864692],[10.915192,45.865557],[10.914997,45.865811],[10.914907,45.865973],[10.914845,45.866136],[10.914759,45.866501],[10.914664,45.867634],[10.914606,45.867767],[10.914507,45.867894],[10.914359,45.867975],[10.914264,45.868007],[10.913297,45.868113],[10.913005,45.868178],[10.912643,45.868324],[10.911849,45.868712],[10.911419,45.86888],[10.911135,45.868925],[10.910895,45.86893],[10.910694,45.868896],[10.909893,45.868626],[10.909142,45.868367],[10.908883,45.868311],[10.9081,45.868204],[10.90772,45.868176],[10.907559,45.868184],[10.907293,45.868242],[10.907127,45.868325],[10.906977,45.868452],[10.906889,45.868604],[10.906883,45.868758],[10.90691,45.868882],[10.907007,45.869024],[10.907531,45.86958],[10.907657,45.869799],[10.907843,45.870553],[10.907892,45.870899],[10.907927,45.871221],[10.907903,45.871343],[10.907823,45.871561],[10.907219,45.873205],[10.907126,45.873399],[10.907062,45.873513],[10.906914,45.873642],[10.906414,45.873967],[10.905774,45.874343],[10.905614,45.874478],[10.905532,45.874589],[10.905457,45.874726],[10.905166,45.875815],[10.905111,45.875957],[10.905037,45.876077],[10.904923,45.876207],[10.904734,45.876367],[10.904513,45.876499],[10.903481,45.876961],[10.90178,45.877724],[10.901709,45.877769],[10.9015,45.877819],[10.901095,45.877907],[10.899742,45.877957],[10.899458,45.877963],[10.898831,45.877982],[10.89855,45.877981],[10.897981,45.877994],[10.897932,45.877994],[10.89731,45.878018],[10.897302,45.878065],[10.897228,45.878142],[10.897102,45.878174],[10.896974,45.878148],[10.896925,45.878115],[10.896881,45.878027],[10.896636,45.87803],[10.895964,45.87805],[10.895558,45.878059],[10.895202,45.878067],[10.894931,45.878067],[10.894592,45.878076],[10.893982,45.878113],[10.893842,45.878128],[10.893605,45.87817],[10.892022,45.878448],[10.891478,45.878472],[10.891009,45.878461],[10.890912,45.87846],[10.890405,45.878451],[10.889996,45.878447],[10.889359,45.878434],[10.889124,45.878511],[10.889004,45.878584],[10.888989,45.878616],[10.888944,45.87867],[10.888829,45.878702],[10.888535,45.878702],[10.888407,45.878654],[10.888367,45.878622],[10.888338,45.878556],[10.888341,45.878524],[10.888244,45.878482],[10.888063,45.878463],[10.887874,45.878526],[10.887727,45.878609],[10.887608,45.878716],[10.88755,45.878806],[10.887513,45.878922],[10.887507,45.879017],[10.887549,45.879421],[10.887537,45.879487],[10.887489,45.879573],[10.887424,45.879632],[10.887341,45.879678],[10.886543,45.87989],[10.886371,45.879953],[10.88616,45.880071],[10.885439,45.880537],[10.885334,45.880578],[10.885195,45.880588],[10.885088,45.880573],[10.884982,45.880534],[10.884914,45.880472],[10.884879,45.880398],[10.88488,45.880261],[10.884977,45.880137],[10.885068,45.880086],[10.885203,45.879997],[10.886375,45.879403],[10.886485,45.879309],[10.886584,45.879149],[10.886603,45.879025],[10.886582,45.87892],[10.886529,45.878801],[10.886451,45.878713],[10.88633,45.878634],[10.885735,45.878403],[10.885469,45.878289],[10.885223,45.87818],[10.885005,45.878035],[10.8823,45.875183],[10.881598,45.874554],[10.881013,45.87411],[10.879257,45.872866],[10.876946,45.871203],[10.876628,45.870978],[10.87641,45.870894],[10.876221,45.870848],[10.876102,45.870871],[10.875716,45.871015],[10.875628,45.871064],[10.875419,45.871196],[10.875241,45.871364],[10.875219,45.871398],[10.875141,45.871572],[10.87505,45.872064],[10.875049,45.872143],[10.875086,45.872177],[10.875079,45.872205],[10.87505,45.872226],[10.874984,45.872223],[10.874901,45.872267],[10.874665,45.872469],[10.874501,45.872618],[10.874367,45.872774],[10.87424,45.872985],[10.874134,45.873152],[10.8741,45.873211],[10.873782,45.873778],[10.873541,45.874135],[10.873319,45.874381],[10.873236,45.874464],[10.872826,45.874835],[10.872817,45.874842],[10.872794,45.874862],[10.872753,45.874896],[10.872351,45.875202],[10.872292,45.87524],[10.872043,45.875382],[10.871809,45.875515],[10.871577,45.875649],[10.871391,45.875755],[10.871349,45.875784],[10.870983,45.876036],[10.870869,45.876114],[10.870827,45.87637],[10.870865,45.876435],[10.87085,45.876498],[10.870792,45.876547],[10.870751,45.876562],[10.870658,45.876568],[10.870596,45.876556],[10.870397,45.876581],[10.869766,45.876832],[10.869304,45.876962],[10.869225,45.876997],[10.869132,45.877028],[10.868594,45.877207],[10.868468,45.877252],[10.867764,45.877483],[10.867511,45.877545],[10.867283,45.877582],[10.8669,45.877578],[10.866628,45.877547],[10.864179,45.877151],[10.863346,45.876906],[10.862849,45.876804],[10.860573,45.876618],[10.859257,45.876361],[10.858972,45.876361],[10.858704,45.876424],[10.858489,45.876508],[10.858255,45.876688],[10.857856,45.877629],[10.857629,45.878088],[10.857536,45.878307],[10.857462,45.878491],[10.8573,45.878859],[10.857183,45.879034],[10.857135,45.879097],[10.856915,45.879359],[10.856744,45.879523],[10.856587,45.879674],[10.856446,45.879809],[10.85627,45.879975],[10.856086,45.880149],[10.855982,45.880247],[10.855719,45.880113],[10.855641,45.880088],[10.855562,45.880062],[10.854993,45.879684],[10.854792,45.879549]]},"properties":{"couleur":"#8a6a4f","jour":"2026-08-11","mode":"route","source":"heritee"}},{"type":"Feature","geometry":{"type":"LineString","coordinates":[[10.854792,45.879549],[10.854993,45.879684],[10.855562,45.880062],[10.855641,45.880088],[10.855719,45.880113],[10.855982,45.880247],[10.856086,45.880149],[10.85627,45.879975],[10.856446,45.879809],[10.856587,45.879674],[10.856744,45.879523],[10.856915,45.879359],[10.857135,45.879097],[10.857183,45.879034],[10.8573,45.878859],[10.857462,45.878491],[10.857536,45.878307],[10.857629,45.878088],[10.857856,45.877629],[10.858255,45.876688],[10.858489,45.876508],[10.858704,45.876424],[10.858972,45.876361],[10.859257,45.876361],[10.860573,45.876618],[10.862849,45.876804],[10.863346,45.876906],[10.864179,45.877151],[10.866628,45.877547],[10.8669,45.877578],[10.867283,45.877582],[10.867511,45.877545],[10.867764,45.877483],[10.868468,45.877252],[10.868594,45.877207],[10.869132,45.877028],[10.869225,45.876997],[10.869304,45.876962],[10.869982,45.876693],[10.870511,45.87644],[10.870558,45.876364],[10.870622,45.876332],[10.870681,45.876257],[10.870869,45.876114],[10.870983,45.876036],[10.871349,45.875784],[10.871391,45.875755],[10.871577,45.875649],[10.871809,45.875515],[10.872043,45.875382],[10.872292,45.87524],[10.872351,45.875202],[10.872753,45.874896],[10.872794,45.874862],[10.872817,45.874842],[10.872826,45.874835],[10.873236,45.874464],[10.873319,45.874381],[10.873541,45.874135],[10.873782,45.873778],[10.8741,45.873211],[10.874134,45.873152],[10.87424,45.872985],[10.874367,45.872774],[10.874501,45.872618],[10.874665,45.872469],[10.874901,45.872267],[10.874954,45.872183],[10.874989,45.872144],[10.875008,45.872139],[10.87505,45.872064],[10.875141,45.871572],[10.875219,45.871398],[10.875241,45.871364],[10.875419,45.871196],[10.875628,45.871064],[10.875716,45.871015],[10.875972,45.870798],[10.875961,45.870765],[10.875985,45.870699],[10.876059,45.870655],[10.876148,45.870646],[10.876231,45.870673],[10.876279,45.870727],[10.876373,45.87079],[10.876628,45.870978],[10.876946,45.871203],[10.879257,45.872866],[10.881013,45.87411],[10.881598,45.874554],[10.8823,45.875183],[10.885005,45.878035],[10.885223,45.87818],[10.885469,45.878289],[10.885735,45.878403],[10.88633,45.878634],[10.886451,45.878713],[10.886529,45.878801],[10.886582,45.87892],[10.886603,45.879025],[10.886584,45.879149],[10.886485,45.879309],[10.886375,45.879403],[10.885203,45.879997],[10.885068,45.880086],[10.884977,45.880137],[10.88488,45.880261],[10.884879,45.880398],[10.884914,45.880472],[10.884982,45.880534],[10.885088,45.880573],[10.885195,45.880588],[10.885334,45.880578],[10.885439,45.880537],[10.88616,45.880071],[10.886371,45.879953],[10.886543,45.87989],[10.887341,45.879678],[10.887424,45.879632],[10.887489,45.879573],[10.887537,45.879487],[10.887549,45.879421],[10.887507,45.879017],[10.887513,45.878922],[10.88755,45.878806],[10.887608,45.878716],[10.887727,45.878609],[10.887874,45.878526],[10.888063,45.878463],[10.888273,45.878435],[10.888496,45.878431],[10.88853,45.878427],[10.888756,45.878426],[10.888845,45.878425],[10.889359,45.878434],[10.889996,45.878447],[10.890405,45.878451],[10.890912,45.87846],[10.891009,45.878461],[10.891478,45.878472],[10.892022,45.878448],[10.893605,45.87817],[10.893842,45.878128],[10.893982,45.878113],[10.894592,45.878076],[10.894931,45.878067],[10.895202,45.878067],[10.895558,45.878059],[10.895964,45.87805],[10.896636,45.87803],[10.896881,45.878027],[10.896914,45.877945],[10.896954,45.877913],[10.897052,45.877879],[10.897196,45.877893],[10.897254,45.877924],[10.89731,45.878018],[10.897932,45.877994],[10.897981,45.877994],[10.89855,45.877981],[10.898831,45.877982],[10.899458,45.877963],[10.899742,45.877957],[10.901095,45.877907],[10.9015,45.877819],[10.901709,45.877769],[10.90178,45.877724],[10.903481,45.876961],[10.904513,45.876499],[10.904734,45.876367],[10.904923,45.876207],[10.905037,45.876077],[10.905111,45.875957],[10.905166,45.875815],[10.905457,45.874726],[10.905532,45.874589],[10.905614,45.874478],[10.905774,45.874343],[10.906414,45.873967],[10.906914,45.873642],[10.907062,45.873513],[10.907126,45.873399],[10.907219,45.873205],[10.907823,45.871561],[10.907903,45.871343],[10.907927,45.871221],[10.907892,45.870899],[10.907843,45.870553],[10.907657,45.869799],[10.907531,45.86958],[10.907007,45.869024],[10.90691,45.868882],[10.906883,45.868758],[10.906889,45.868604],[10.906977,45.868452],[10.907127,45.868325],[10.907293,45.868242],[10.907559,45.868184],[10.90772,45.868176],[10.9081,45.868204],[10.908883,45.868311],[10.909142,45.868367],[10.909893,45.868626],[10.910694,45.868896],[10.910895,45.86893],[10.911135,45.868925],[10.911419,45.86888],[10.911849,45.868712],[10.912643,45.868324],[10.913005,45.868178],[10.913297,45.868113],[10.914264,45.868007],[10.914359,45.867975],[10.914507,45.867894],[10.914606,45.867767],[10.914664,45.867634],[10.914759,45.866501],[10.914845,45.866136],[10.914907,45.865973],[10.914997,45.865811],[10.915192,45.865557],[10.916086,45.864692],[10.916361,45.8644],[10.916469,45.864261],[10.916547,45.864123],[10.916671,45.86379],[10.917022,45.862601],[10.917222,45.862035],[10.9174,45.861698],[10.917645,45.861357],[10.920068,45.858501],[10.920188,45.858362],[10.920478,45.858027],[10.920686,45.857859],[10.920823,45.857759],[10.921112,45.857619],[10.921443,45.857508],[10.924614,45.856785],[10.925856,45.856478],[10.927668,45.856086],[10.928932,45.855816],[10.930013,45.855571],[10.930201,45.855527],[10.930362,45.855492],[10.931141,45.855312],[10.931578,45.855157],[10.931642,45.855103],[10.931666,45.85505],[10.93171,45.855003],[10.931844,45.854943],[10.932004,45.854942],[10.932085,45.854967],[10.932232,45.855003],[10.932419,45.854998],[10.932695,45.854965],[10.932967,45.854894],[10.93414,45.85463],[10.934518,45.854546],[10.934974,45.854448],[10.935735,45.854269],[10.93635,45.854152],[10.936511,45.854146],[10.936876,45.854164],[10.937328,45.854221],[10.937426,45.85424],[10.938237,45.854478],[10.939192,45.854755],[10.941404,45.855388],[10.941666,45.855453],[10.94193,45.855498],[10.942232,45.855511],[10.942518,45.855512],[10.942708,45.855493],[10.946228,45.855051],[10.946356,45.855036],[10.949173,45.854675],[10.951062,45.854443],[10.952086,45.854308],[10.952623,45.854278],[10.953075,45.854302],[10.954363,45.854498],[10.955368,45.85461],[10.955691,45.854604],[10.956058,45.854553],[10.956495,45.85445],[10.957059,45.854289],[10.957427,45.85414],[10.957854,45.853924],[10.958216,45.853696],[10.958704,45.853262],[10.959304,45.85266],[10.959924,45.852112],[10.960506,45.851678],[10.961218,45.851208],[10.961608,45.850987],[10.96241,45.850526],[10.971848,45.845153],[10.976422,45.842746],[10.977446,45.842419],[10.978847,45.842136],[10.979723,45.84201],[10.980628,45.841968],[10.981468,45.841952],[10.982391,45.842039],[10.984564,45.842527],[10.987475,45.843323],[10.98799,45.843513],[10.988407,45.843701],[10.988907,45.843983],[10.991257,45.845625],[10.991688,45.84588],[10.991853,45.845977],[10.992168,45.846112],[10.992515,45.84624],[10.99305,45.846371],[10.993524,45.846458],[10.993815,45.84649],[10.995288,45.846584],[10.998883,45.846749],[10.999093,45.846776],[10.999303,45.846822],[10.999419,45.846854],[10.999737,45.846986],[11.000021,45.847176],[11.000206,45.847374],[11.000336,45.847617],[11.000438,45.847982],[11.000644,45.848956],[11.000752,45.849545],[11.000781,45.849773],[11.000813,45.849866],[11.000883,45.849952],[11.000989,45.85002],[11.001141,45.850062],[11.001365,45.850066],[11.001488,45.85003],[11.001657,45.849917],[11.001727,45.849831],[11.001746,45.849705],[11.001715,45.849594],[11.001659,45.849481],[11.00138,45.849111],[11.001163,45.848937],[11.001049,45.848658],[11.001003,45.84845],[11.001061,45.848085],[11.001321,45.847456],[11.001346,45.847405],[11.001377,45.847338],[11.001578,45.846932],[11.001798,45.846627],[11.001928,45.846441],[11.002125,45.846082],[11.002283,45.845714],[11.002374,45.845382],[11.002369,45.845246],[11.002324,45.845105],[11.002182,45.844895],[11.002047,45.84477],[11.001846,45.844652],[11.001569,45.844554],[11.000434,45.844346],[10.999836,45.84423],[10.998805,45.844039],[10.99863,45.844021],[10.998438,45.844026],[10.998229,45.844068],[10.997975,45.844193],[10.997828,45.844342],[10.997769,45.844438],[10.997747,45.84453],[10.997743,45.844709],[10.997797,45.844824],[10.997883,45.844924],[10.997965,45.845005],[10.998092,45.845083],[10.998325,45.84517],[10.998467,45.845202],[10.998719,45.845218],[10.999009,45.845172],[10.999156,45.845121],[10.99935,45.845015],[10.999517,45.844892],[10.999663,45.844749],[10.999784,45.844584],[11.000216,45.84367],[11.000519,45.843257],[11.00102,45.842385],[11.001897,45.840959],[11.002103,45.840527],[11.002404,45.83977],[11.002517,45.839389],[11.002611,45.838924],[11.0027,45.838408],[11.002762,45.837422],[11.002969,45.830378],[11.003039,45.829354],[11.003154,45.828715],[11.003709,45.826802],[11.003817,45.826305],[11.003888,45.825808],[11.003925,45.825316],[11.004053,45.82273],[11.004168,45.821877],[11.004397,45.820985],[11.004666,45.820306],[11.004984,45.819677],[11.005176,45.819345],[11.005371,45.819059],[11.006345,45.817757],[11.008677,45.815218],[11.009295,45.814389],[11.009527,45.814],[11.009688,45.813721],[11.010751,45.811799],[11.011577,45.810531],[11.012148,45.809837],[11.013262,45.808691],[11.014555,45.807467],[11.015154,45.806813],[11.015637,45.80615],[11.018915,45.800724],[11.019,45.800589],[11.019956,45.798984],[11.020347,45.798279],[11.020512,45.797938],[11.020774,45.797282],[11.020983,45.796414],[11.021044,45.796051],[11.021106,45.795231],[11.021063,45.794503],[11.020972,45.793885],[11.020517,45.791696],[11.020475,45.791464],[11.020234,45.790265],[11.020014,45.789356],[11.019836,45.788749],[11.019495,45.787871],[11.018959,45.786952],[11.018533,45.786363],[11.017573,45.785243],[11.017363,45.784996],[11.016853,45.784368],[11.016367,45.783679],[11.016221,45.783419],[11.015792,45.782484],[11.011502,45.772536],[11.011357,45.772268],[11.010984,45.771688],[11.010626,45.771209],[11.010417,45.770965],[11.009954,45.770509],[11.009749,45.770266],[11.009173,45.769754],[11.008839,45.769479],[11.008198,45.769026],[11.007545,45.768599],[10.999597,45.764381],[10.999254,45.764159],[10.998938,45.76394],[10.998641,45.763706],[10.998354,45.763473],[10.998125,45.763261],[10.997621,45.762715],[10.997018,45.761956],[10.996314,45.761034],[10.993489,45.757414],[10.98891,45.751373],[10.988389,45.750756],[10.987804,45.75015],[10.987232,45.749626],[10.986666,45.749203],[10.986081,45.748812],[10.985181,45.748296],[10.984798,45.748107],[10.982326,45.747037],[10.981406,45.746656],[10.977274,45.744927],[10.97512,45.744027],[10.973048,45.743163],[10.971852,45.742623],[10.971032,45.742221],[10.966771,45.740034],[10.965847,45.739595],[10.964956,45.73924],[10.964525,45.739086],[10.96373,45.738853],[10.962833,45.738633],[10.962332,45.738528],[10.96173,45.738421],[10.959016,45.737999],[10.95783,45.737745],[10.957248,45.737598],[10.956535,45.737388],[10.955531,45.737041],[10.955003,45.736835],[10.953576,45.736174],[10.948686,45.733665],[10.946709,45.73263],[10.946177,45.732322],[10.945268,45.731763],[10.944782,45.731444],[10.943476,45.730483],[10.94296,45.73006],[10.942771,45.729893],[10.941954,45.729158],[10.941231,45.72843],[10.940879,45.72805],[10.94035,45.727433],[10.939736,45.726632],[10.933044,45.71692],[10.932442,45.716082],[10.93178,45.715272],[10.931001,45.71441],[10.927875,45.711068],[10.927263,45.710345],[10.926838,45.709778],[10.926114,45.70869],[10.925617,45.707789],[10.921899,45.700738],[10.921638,45.700273],[10.921208,45.699575],[10.920857,45.699112],[10.920479,45.698641],[10.919774,45.697913],[10.919189,45.69739],[10.918443,45.696802],[10.914492,45.694111],[10.910397,45.691331],[10.909888,45.690924],[10.909246,45.690384],[10.908586,45.689721],[10.908293,45.689394],[10.907692,45.688657],[10.906955,45.68747],[10.906774,45.687088],[10.906485,45.686378],[10.906124,45.68513],[10.905744,45.683389],[10.905293,45.681497],[10.905053,45.680728],[10.904683,45.679683],[10.904399,45.679004],[10.90379,45.677699],[10.90319,45.676578],[10.902611,45.67562],[10.89896,45.670297],[10.897685,45.668421],[10.895873,45.665807],[10.89571,45.665556],[10.895283,45.664861],[10.894748,45.663846],[10.894459,45.66322],[10.894192,45.662583],[10.892854,45.659063],[10.892605,45.658526],[10.892301,45.657933],[10.891999,45.657413],[10.891611,45.656796],[10.89049,45.655271],[10.885076,45.648031],[10.884137,45.646769],[10.883665,45.646148],[10.882937,45.645277],[10.882253,45.644519],[10.881472,45.643702],[10.880466,45.642673],[10.880054,45.642262],[10.87959,45.641717],[10.878941,45.640831],[10.878682,45.640502],[10.878539,45.640323],[10.878174,45.639932],[10.877929,45.639698],[10.877547,45.639361],[10.876533,45.638548],[10.875981,45.63808],[10.875441,45.637548],[10.873659,45.635696],[10.863066,45.623262],[10.861593,45.621553],[10.860951,45.620842],[10.859631,45.619491],[10.858615,45.618465],[10.85602,45.61582],[10.855343,45.615152],[10.854348,45.614122],[10.852754,45.612522],[10.852468,45.612209],[10.852193,45.611872],[10.851949,45.611553],[10.851627,45.61108],[10.851316,45.610554],[10.850303,45.608632],[10.84986,45.607878],[10.849053,45.606633],[10.848169,45.605428],[10.847596,45.604729],[10.847072,45.604126],[10.842103,45.598675],[10.839996,45.596388],[10.839472,45.595781],[10.838972,45.595155],[10.838488,45.594478],[10.838178,45.594002],[10.837603,45.59304],[10.83592,45.590092],[10.835347,45.589153],[10.835054,45.58872],[10.83479,45.588369],[10.834393,45.587911],[10.833991,45.587494],[10.833536,45.587064],[10.833218,45.586783],[10.832545,45.586268],[10.832168,45.585997],[10.831672,45.585673],[10.830975,45.585258],[10.830594,45.58505],[10.829837,45.584686],[10.829458,45.584524],[10.829047,45.584347],[10.828133,45.58401],[10.827335,45.583764],[10.826228,45.58348],[10.82498,45.583236],[10.823998,45.583082],[10.819631,45.582479],[10.818435,45.582279],[10.817477,45.582097],[10.816542,45.581885],[10.816028,45.581751],[10.814929,45.581425],[10.814033,45.58112],[10.813094,45.580756],[10.811897,45.580211],[10.810759,45.579629],[10.810111,45.579245],[10.809096,45.578588],[10.808589,45.578221],[10.807409,45.577293],[10.80661,45.576514],[10.80612,45.575998],[10.805587,45.575381],[10.805195,45.574866],[10.804747,45.574219],[10.804373,45.573602],[10.804094,45.573062],[10.8038,45.572424],[10.803623,45.571987],[10.803295,45.570957],[10.803135,45.570295],[10.802045,45.565001],[10.800715,45.560127],[10.800442,45.559154],[10.800053,45.557635],[10.799752,45.556606],[10.799618,45.556211],[10.799269,45.555457],[10.798792,45.554679],[10.798462,45.554224],[10.798071,45.553753],[10.797639,45.553306],[10.797182,45.552877],[10.796282,45.552187],[10.795944,45.551965],[10.795257,45.551554],[10.793853,45.550784],[10.793183,45.550438],[10.792594,45.550183],[10.791813,45.54978],[10.791311,45.54955],[10.791023,45.549458],[10.7906,45.549378],[10.790444,45.549366],[10.790147,45.549372],[10.789837,45.549429],[10.789562,45.549517],[10.789304,45.549655],[10.788805,45.550075],[10.788632,45.550305],[10.78836,45.55056],[10.788266,45.550643],[10.788099,45.550777],[10.787862,45.550914],[10.787539,45.551017],[10.787064,45.551082],[10.786977,45.551113],[10.786815,45.551225],[10.786771,45.551362],[10.786694,45.551456],[10.786621,45.551513],[10.786513,45.551565],[10.786436,45.551589],[10.786335,45.55161],[10.786125,45.551612],[10.785903,45.551554],[10.785656,45.551465],[10.785009,45.551343],[10.784152,45.551105],[10.783347,45.550883],[10.783189,45.550887],[10.783054,45.550923],[10.782902,45.551018],[10.782759,45.551156],[10.782581,45.551273],[10.782375,45.551363],[10.782149,45.551426],[10.781909,45.551457],[10.781666,45.551456],[10.781427,45.551423],[10.781202,45.551359],[10.780997,45.551266],[10.780821,45.551149],[10.78068,45.55101],[10.780578,45.550853],[10.78052,45.550686],[10.780509,45.550513],[10.780537,45.550368],[10.780598,45.550228],[10.78069,45.550096],[10.780812,45.549977],[10.780959,45.549873],[10.781176,45.549671],[10.78124,45.549502],[10.781237,45.549358],[10.781058,45.548444],[10.780918,45.547711],[10.78059,45.546598],[10.780228,45.544907],[10.780133,45.544566],[10.779934,45.544015],[10.779218,45.542356],[10.779017,45.541829],[10.778545,45.540061],[10.778336,45.539431],[10.778001,45.538688],[10.777479,45.537758],[10.777368,45.537549],[10.776883,45.536517],[10.776645,45.535801],[10.776592,45.535497],[10.776536,45.535194],[10.776469,45.534559],[10.776395,45.533503],[10.776279,45.533053],[10.776089,45.53252],[10.776025,45.53234],[10.77581,45.531801],[10.775445,45.53099],[10.775156,45.530361],[10.769915,45.518909],[10.769697,45.518345],[10.769471,45.51742],[10.769372,45.516839],[10.769252,45.516137],[10.769101,45.515156],[10.769008,45.514621],[10.768222,45.510091],[10.768209,45.510001],[10.767967,45.508359],[10.768332,45.496205],[10.768329,45.49531],[10.768289,45.494929],[10.768211,45.494511],[10.767888,45.493157],[10.767754,45.492679],[10.767651,45.492301],[10.767177,45.490503],[10.76399,45.478457],[10.763548,45.476858],[10.761484,45.471097],[10.760806,45.468532],[10.760723,45.46827],[10.760234,45.466464],[10.759958,45.465743],[10.759742,45.465313],[10.75941,45.464757],[10.758985,45.464183],[10.754304,45.458288],[10.751912,45.455303],[10.750451,45.453427],[10.749959,45.452671],[10.74959,45.45202],[10.749242,45.451326],[10.745659,45.444009],[10.745197,45.443115],[10.744292,45.441262],[10.743958,45.440618],[10.743746,45.440271],[10.742705,45.438483],[10.742521,45.438288],[10.74244,45.438266],[10.742225,45.438152],[10.742093,45.437987],[10.742085,45.437968],[10.741889,45.43789],[10.74173,45.437837],[10.741456,45.437802],[10.741154,45.437791],[10.740832,45.437776],[10.740145,45.437746],[10.739325,45.437714],[10.73907,45.437704],[10.738647,45.437688],[10.738464,45.437681],[10.737659,45.43765],[10.737488,45.437643],[10.736855,45.437623],[10.736672,45.43762],[10.736174,45.437612],[10.732244,45.437597],[10.732139,45.437597],[10.731767,45.437591],[10.730409,45.437582],[10.729588,45.437605],[10.729284,45.437627],[10.729208,45.437637],[10.728278,45.437739],[10.727222,45.437913],[10.727158,45.437923],[10.727087,45.437934],[10.725882,45.438109],[10.723906,45.438427],[10.723483,45.438477],[10.722655,45.438495],[10.722153,45.438486],[10.721316,45.438445],[10.720621,45.438414],[10.719792,45.438438],[10.718631,45.438486],[10.718438,45.438494],[10.71762,45.438533],[10.714642,45.438715],[10.714094,45.438726],[10.713989,45.438724],[10.713375,45.438713],[10.713007,45.438732],[10.712886,45.438801],[10.712763,45.438819],[10.7127,45.438814],[10.712576,45.438774],[10.71249,45.438699],[10.712468,45.438653],[10.712461,45.438594],[10.712048,45.438269],[10.711684,45.438072],[10.711428,45.437875],[10.711217,45.43769],[10.710843,45.437305],[10.710524,45.436913],[10.710196,45.436364],[10.709986,45.436027],[10.709884,45.435834],[10.709433,45.434967],[10.709116,45.434441],[10.709035,45.434374],[10.708979,45.434273],[10.709,45.434201],[10.708673,45.43383],[10.708479,45.433586],[10.708037,45.433171],[10.70771,45.432944],[10.70722,45.432654],[10.706813,45.432558],[10.706553,45.432557],[10.706242,45.432588],[10.705876,45.432634],[10.705578,45.432664],[10.705439,45.432682],[10.705236,45.43266],[10.705107,45.432622],[10.704641,45.432424],[10.704212,45.432233],[10.703616,45.43197],[10.70324,45.431856],[10.702854,45.431785],[10.702436,45.431733],[10.701903,45.431707],[10.70164,45.43167],[10.701499,45.431624],[10.701438,45.431584],[10.701354,45.431486],[10.701286,45.431322],[10.701741,45.431012],[10.701879,45.430909],[10.701924,45.430821],[10.701927,45.43073],[10.701784,45.430425],[10.701749,45.430356],[10.701726,45.43031],[10.701616,45.430051],[10.701591,45.429822],[10.701607,45.42947],[10.701605,45.429171],[10.701604,45.429144],[10.701624,45.428393],[10.701658,45.428305],[10.701734,45.428197],[10.701882,45.428056],[10.702076,45.427961],[10.702295,45.4279],[10.703023,45.427827],[10.70461,45.427625],[10.705198,45.427565],[10.705568,45.427571],[10.705823,45.427616],[10.706077,45.427687],[10.706218,45.427754],[10.706539,45.428034],[10.706666,45.42823],[10.706731,45.42857],[10.706754,45.429183],[10.706749,45.42955],[10.706735,45.430062],[10.706687,45.430175],[10.706586,45.430307],[10.706373,45.430463],[10.706216,45.430528],[10.705944,45.430582],[10.705759,45.430585],[10.705495,45.43054],[10.705333,45.430481],[10.705213,45.430406],[10.705064,45.430258],[10.704913,45.429964],[10.704715,45.429733],[10.70447,45.429596],[10.704332,45.429549],[10.704084,45.429486],[10.703987,45.429479],[10.702886,45.429455],[10.701831,45.429383],[10.69977,45.429363],[10.689705,45.429304],[10.687747,45.429367],[10.686456,45.429428],[10.68517,45.429516],[10.682605,45.429657],[10.673694,45.430245],[10.673385,45.430262],[10.663609,45.430906],[10.647781,45.43192],[10.640363,45.432414],[10.634765,45.432706],[10.629677,45.432941],[10.616036,45.433619],[10.609562,45.433937],[10.604072,45.434216],[10.601058,45.434377],[10.600225,45.434436],[10.597665,45.434772],[10.595754,45.435088],[10.590131,45.436131],[10.584783,45.437151],[10.577588,45.438467],[10.550912,45.443433],[10.54297,45.444892],[10.538431,45.445763],[10.537509,45.445975],[10.536204,45.446301],[10.534542,45.446777],[10.531762,45.447638],[10.531125,45.447826],[10.529625,45.44823],[10.528376,45.448522],[10.526925,45.448826],[10.526258,45.448953],[10.524554,45.449224],[10.523675,45.449351],[10.522252,45.449511],[10.515626,45.450153],[10.501331,45.45152],[10.492584,45.452442],[10.483702,45.453509],[10.480475,45.45369],[10.476492,45.45384],[10.474123,45.454021],[10.470175,45.454514],[10.467222,45.455153],[10.453807,45.458488],[10.451232,45.459048],[10.432295,45.462948],[10.430707,45.463166],[10.428684,45.463407],[10.423607,45.463835],[10.415441,45.464496],[10.402912,45.465488],[10.401888,45.465569],[10.400316,45.465719],[10.399196,45.46587],[10.394308,45.466663],[10.386768,45.467924],[10.384566,45.468327],[10.383777,45.468488],[10.37718,45.469979],[10.371319,45.471301],[10.329002,45.480842],[10.32235,45.482341],[10.315367,45.48391],[10.306142,45.486212],[10.300333,45.487666],[10.292022,45.489743],[10.290518,45.490143],[10.289814,45.490355],[10.276289,45.494769],[10.275057,45.495165],[10.274016,45.495467],[10.250796,45.502003],[10.249545,45.502334],[10.248533,45.502573],[10.243412,45.503743],[10.238398,45.504884],[10.234219,45.505804],[10.233361,45.505956],[10.231646,45.506207],[10.228477,45.506621],[10.227088,45.506862],[10.226271,45.507032],[10.225454,45.507223],[10.224453,45.507498],[10.223539,45.507764],[10.222539,45.508101],[10.221383,45.50853],[10.220688,45.508815],[10.220016,45.509112],[10.217973,45.510053],[10.217768,45.510147],[10.215708,45.511097],[10.215488,45.511199],[10.203438,45.516738],[10.201168,45.517766],[10.200126,45.51815],[10.199236,45.518418],[10.19836,45.518624],[10.197456,45.518792],[10.19649,45.51892],[10.195203,45.519062],[10.188996,45.519771],[10.182114,45.520527],[10.178539,45.520934],[10.177297,45.521144],[10.175989,45.52142],[10.174615,45.521742],[10.173247,45.522155],[10.172384,45.522442],[10.171448,45.522781],[10.170458,45.523171],[10.169403,45.523666],[10.16656,45.524911],[10.166009,45.525153],[10.164373,45.525872],[10.164013,45.526051],[10.161152,45.527356],[10.160943,45.527451],[10.158276,45.528667],[10.158078,45.528758],[10.154416,45.530428],[10.147991,45.533311],[10.145963,45.534221],[10.144393,45.534958],[10.127156,45.543448],[10.123972,45.544965],[10.120485,45.546531],[10.11963,45.546952],[10.119101,45.547213],[10.118053,45.547723],[10.116703,45.548395],[10.110294,45.551684],[10.109951,45.551859],[10.108682,45.552508],[10.108305,45.552701],[10.105808,45.553979],[10.10324,45.555235],[10.103118,45.555294],[10.102978,45.555362],[10.094577,45.559419],[10.093257,45.559999],[10.091663,45.560648],[10.089743,45.561311],[10.088073,45.56184],[10.086064,45.562376],[10.084325,45.56277],[10.071935,45.565087],[10.06743,45.565921],[10.063335,45.566663],[10.028006,45.573174],[10.023351,45.574037],[10.022265,45.574232],[10.016059,45.575512],[10.010778,45.576503],[10.004795,45.577609],[9.993934,45.579598],[9.992399,45.579931],[9.990929,45.580324],[9.989578,45.580754],[9.988483,45.581157],[9.987297,45.581634],[9.986266,45.582114],[9.985084,45.582725],[9.968355,45.592378],[9.963032,45.595429],[9.932747,45.612865],[9.927831,45.615681],[9.926331,45.61644],[9.925,45.617052],[9.924215,45.617384],[9.922759,45.617937],[9.921762,45.618283],[9.920574,45.618651],[9.919208,45.619023],[9.91463,45.620066],[9.91109,45.62081],[9.90932,45.621148],[9.904059,45.622265],[9.900302,45.623078],[9.898953,45.62338],[9.894903,45.62431],[9.891439,45.625159],[9.871337,45.629616],[9.86177,45.63171],[9.861553,45.631757],[9.860258,45.632055],[9.853089,45.633581],[9.837188,45.637096],[9.817372,45.64141],[9.788501,45.647725],[9.787886,45.64786],[9.770285,45.651698],[9.767722,45.652229],[9.754782,45.654386],[9.746777,45.655766],[9.73267,45.658365],[9.730461,45.658785],[9.703312,45.663865],[9.703144,45.663897],[9.678484,45.668479],[9.677176,45.668722],[9.674233,45.669278],[9.672031,45.669694],[9.670706,45.669914],[9.670143,45.669957],[9.669502,45.669975],[9.668863,45.669956],[9.668343,45.66991],[9.667598,45.669788],[9.666821,45.669579],[9.666362,45.669416],[9.665883,45.669213],[9.6653,45.668932],[9.664817,45.668644],[9.66449,45.668458],[9.659473,45.665728],[9.659016,45.665471],[9.647921,45.659403],[9.623848,45.645992],[9.615338,45.641252],[9.614222,45.640645],[9.613959,45.640487],[9.613399,45.640177],[9.613126,45.640022],[9.610778,45.638731],[9.609889,45.638227],[9.602993,45.634403],[9.596917,45.630985],[9.58832,45.626189],[9.584492,45.624142],[9.582415,45.62322],[9.580003,45.622344],[9.560228,45.615634],[9.559205,45.615282],[9.551957,45.612965],[9.548206,45.611655],[9.539058,45.608572],[9.529599,45.605322],[9.527387,45.604572],[9.526434,45.604273],[9.525218,45.603866],[9.520428,45.602274],[9.517726,45.601377],[9.515493,45.600663],[9.507074,45.59785],[9.505385,45.597283],[9.502733,45.596332],[9.502338,45.5962],[9.501591,45.59595],[9.500337,45.595557],[9.499053,45.595191],[9.49728,45.594751],[9.488731,45.593191],[9.466052,45.588768],[9.465626,45.588688],[9.456522,45.586985],[9.421317,45.580162],[9.416337,45.57916],[9.41279,45.578497],[9.404941,45.577044],[9.399008,45.575911],[9.393124,45.574795],[9.388421,45.573963],[9.377222,45.572311],[9.376882,45.572258],[9.375029,45.571983],[9.372962,45.571701],[9.36944,45.571141],[9.36353,45.57027],[9.356849,45.569264],[9.354473,45.568921],[9.348253,45.568061],[9.343093,45.567297],[9.326431,45.564816],[9.30274,45.561344],[9.293129,45.55985],[9.291804,45.559683],[9.282321,45.558259],[9.279668,45.557854],[9.273362,45.556929],[9.272119,45.556741],[9.271152,45.556588],[9.270089,45.556496],[9.269494,45.556471],[9.26852,45.556382],[9.268374,45.556361],[9.267608,45.556217],[9.267163,45.556089],[9.266564,45.555921],[9.265639,45.555715],[9.262229,45.555214],[9.252504,45.553737],[9.252137,45.553685],[9.248555,45.553158],[9.237801,45.551544],[9.236307,45.55132],[9.235138,45.551158],[9.234507,45.551098],[9.230737,45.55059],[9.228227,45.550185],[9.225208,45.549694],[9.222151,45.549231],[9.221987,45.549206],[9.220187,45.548968],[9.220044,45.548954],[9.218924,45.548856],[9.217795,45.548776],[9.217579,45.548767],[9.214864,45.548676],[9.213053,45.54862],[9.209602,45.548526],[9.206618,45.54844],[9.203945,45.54836],[9.202941,45.54829],[9.202005,45.548193],[9.200799,45.548022],[9.199814,45.547848],[9.198019,45.547415],[9.187536,45.544739],[9.187293,45.544677],[9.180745,45.542936],[9.180533,45.542882],[9.178296,45.542259],[9.175212,45.541393],[9.174617,45.541203],[9.17448,45.54116],[9.173495,45.540866],[9.173249,45.540781],[9.172086,45.540365],[9.171934,45.54031],[9.171124,45.540016],[9.16973,45.539479],[9.168313,45.538885],[9.167432,45.538493],[9.166615,45.538104],[9.162605,45.536191],[9.162114,45.535949],[9.160937,45.535391],[9.160195,45.53503],[9.151271,45.530755],[9.147741,45.529007],[9.142917,45.526708],[9.140106,45.525357],[9.139818,45.525216],[9.1374,45.524036],[9.135644,45.523165],[9.134445,45.522593],[9.133326,45.522075],[9.130921,45.520905],[9.130037,45.520479],[9.127377,45.519201],[9.126779,45.518899],[9.126215,45.518581],[9.125801,45.518327],[9.124486,45.517458],[9.12439,45.517344],[9.124062,45.517124],[9.123614,45.516847],[9.123094,45.516561],[9.12245,45.516266],[9.122034,45.5161],[9.121619,45.515958],[9.121049,45.515801],[9.120666,45.515727],[9.120333,45.515681],[9.119838,45.51564],[9.118644,45.515589],[9.117211,45.515523],[9.114392,45.515403],[9.11271,45.515348],[9.111263,45.51529],[9.107328,45.515126],[9.1062,45.515076],[9.104594,45.515006],[9.103618,45.514965],[9.095012,45.514579],[9.088071,45.514272],[9.083559,45.514052],[9.080088,45.513873],[9.073991,45.51355],[9.072839,45.513475],[9.069818,45.513236],[9.067189,45.512991],[9.066447,45.512918],[9.064529,45.51272],[9.063295,45.51259],[9.061896,45.512595],[9.061413,45.512569],[9.061098,45.512533],[9.059932,45.512386],[9.059367,45.512297],[9.058146,45.512055],[9.053592,45.511569],[9.051816,45.511374],[9.051398,45.511327],[9.02439,45.508408],[9.014319,45.507302],[9.009169,45.506801],[9.004781,45.506441],[9.000624,45.506098],[8.990351,45.505313],[8.969311,45.503607],[8.962706,45.503053],[8.954032,45.502365],[8.950715,45.50201],[8.945307,45.501392],[8.939144,45.500746],[8.934813,45.500377],[8.925139,45.499412],[8.919591,45.498823],[8.910414,45.497812],[8.908092,45.497534],[8.907648,45.497476],[8.906497,45.49733],[8.901963,45.496705],[8.895191,45.495644],[8.892941,45.495261],[8.888466,45.494445],[8.883993,45.493558],[8.883844,45.493529],[8.881571,45.493082],[8.877228,45.492321],[8.872506,45.491569],[8.871039,45.491324],[8.869529,45.491048],[8.866886,45.490479],[8.865347,45.490069],[8.86353,45.489543],[8.861181,45.488769],[8.858642,45.487864],[8.851235,45.485139],[8.842127,45.481864],[8.840869,45.481389],[8.83651,45.479758],[8.832878,45.478281],[8.829449,45.476788],[8.825139,45.47491],[8.823533,45.474239],[8.821351,45.473404],[8.817271,45.472073],[8.81574,45.471664],[8.812129,45.470908],[8.809868,45.470566],[8.807354,45.470305],[8.805908,45.470184],[8.804724,45.4701],[8.803057,45.470028],[8.798107,45.469915],[8.789888,45.46969],[8.787708,45.469611],[8.785328,45.469494],[8.783068,45.469341],[8.77967,45.469099],[8.777418,45.468888],[8.772159,45.468365],[8.767671,45.468025],[8.767433,45.468008],[8.76091,45.4676],[8.754169,45.467407],[8.752029,45.467363],[8.747457,45.467346],[8.742858,45.4674],[8.733875,45.467559],[8.731464,45.467588],[8.726128,45.467688],[8.723472,45.467724],[8.723003,45.467732],[8.708526,45.467981],[8.701405,45.468109],[8.684958,45.468365],[8.684718,45.468367],[8.683181,45.468394],[8.67393,45.468543],[8.661629,45.468745],[8.657098,45.468816],[8.656856,45.468818],[8.654302,45.468862],[8.642508,45.469035],[8.641486,45.469049],[8.6348,45.469167],[8.633037,45.469217],[8.631621,45.469274],[8.628702,45.469429],[8.627672,45.469515],[8.626742,45.469587],[8.624689,45.469784],[8.621532,45.470142],[8.619476,45.470417],[8.615252,45.471049],[8.615103,45.471072],[8.614005,45.471236],[8.613702,45.471287],[8.612562,45.471475],[8.605003,45.47264],[8.600236,45.473396],[8.597869,45.47379],[8.594142,45.474328],[8.591015,45.474668],[8.589631,45.474776],[8.587887,45.474886],[8.586002,45.474971],[8.584795,45.475007],[8.582957,45.475025],[8.581257,45.475014],[8.579859,45.474982],[8.577762,45.474907],[8.576283,45.474837],[8.575083,45.474778],[8.573526,45.474695],[8.571643,45.474587],[8.568519,45.47436],[8.565914,45.474149],[8.561577,45.473759],[8.558411,45.473464],[8.555536,45.473226],[8.549521,45.472768],[8.507274,45.4697],[8.485615,45.468107],[8.472222,45.467137],[8.463887,45.466517],[8.452215,45.465644],[8.450144,45.465509],[8.440498,45.464791],[8.437667,45.4646],[8.412379,45.463236],[8.409773,45.463124],[8.402376,45.462877],[8.400476,45.462788],[8.398309,45.462655],[8.395877,45.462481],[8.391231,45.462118],[8.387563,45.461909],[8.382992,45.46167],[8.378012,45.461382],[8.376037,45.461238],[8.373539,45.461032],[8.369719,45.46063],[8.3658,45.460152],[8.362143,45.459647],[8.356061,45.458619],[8.355649,45.458556],[8.351189,45.457818],[8.348977,45.457451],[8.347119,45.457161],[8.341019,45.456139],[8.338339,45.455694],[8.337498,45.455554],[8.323055,45.453209],[8.309533,45.450961],[8.306189,45.450392],[8.301654,45.449649],[8.291561,45.447956],[8.279138,45.445911],[8.277722,45.445699],[8.271652,45.444838],[8.26828,45.44428],[8.260459,45.442808],[8.249583,45.441007],[8.242656,45.439901],[8.24137,45.439675],[8.240059,45.439455],[8.234401,45.4385],[8.234026,45.438438],[8.228654,45.437508],[8.226159,45.437009],[8.222869,45.436288],[8.219403,45.435439],[8.213523,45.433864],[8.208297,45.432254],[8.201227,45.429613],[8.198753,45.428665],[8.196188,45.427648],[8.193838,45.426587],[8.192206,45.425763],[8.188749,45.423971],[8.186796,45.422889],[8.184842,45.421688],[8.180764,45.419043],[8.176943,45.416496],[8.173351,45.413768],[8.172122,45.41281],[8.171187,45.412035],[8.169768,45.410828],[8.166444,45.407947],[8.158715,45.40077],[8.15844,45.400505],[8.142215,45.385515],[8.141679,45.385134],[8.141101,45.384663],[8.140527,45.384241],[8.139573,45.383411],[8.138868,45.382731],[8.136556,45.380612],[8.132822,45.377151],[8.132428,45.376819],[8.129575,45.374152],[8.129315,45.373956],[8.128792,45.373495],[8.128618,45.37337],[8.128318,45.373202],[8.128039,45.373105],[8.127772,45.373054],[8.127474,45.373033],[8.126079,45.373167],[8.125748,45.373164],[8.125467,45.373116],[8.125324,45.373076],[8.124306,45.372685],[8.123949,45.37258],[8.123524,45.372502],[8.122817,45.372428],[8.122471,45.372369],[8.120878,45.372251],[8.120511,45.372212],[8.119904,45.372128],[8.11914,45.371985],[8.118781,45.371918],[8.118194,45.371833],[8.117282,45.371747],[8.116668,45.371719],[8.115742,45.371729],[8.115084,45.371777],[8.114276,45.371864],[8.114089,45.371884],[8.104096,45.373026],[8.102881,45.373194],[8.101768,45.373391],[8.052995,45.383967],[8.052066,45.384193],[8.051246,45.384427],[8.050812,45.384567],[8.050382,45.384713],[8.049396,45.385094],[8.048277,45.385586],[8.042056,45.388459],[8.040394,45.389229],[8.038405,45.390142],[8.037749,45.390085],[8.037608,45.390088],[8.037531,45.390105],[8.03208,45.392654],[8.032022,45.392718],[8.031883,45.393154],[8.026804,45.395496],[8.02549,45.396131],[8.024918,45.39644],[8.024313,45.396823],[8.023575,45.397364],[8.023049,45.397821],[8.022612,45.39824],[8.022336,45.398539],[8.021798,45.399232],[8.021542,45.399609],[8.01894,45.40373],[8.018457,45.404395],[8.018161,45.404741],[8.017539,45.405386],[8.016868,45.405956],[8.016556,45.406207],[8.016209,45.406458],[8.016031,45.406577],[8.015832,45.406701],[8.015273,45.407026],[8.014563,45.407392],[8.013328,45.407933],[8.010515,45.409117],[8.00475,45.411535],[8.001205,45.413003],[8.00057,45.413252],[7.999884,45.413507],[7.998528,45.413944],[7.997353,45.414283],[7.996247,45.414561],[7.995747,45.414676],[7.994741,45.414877],[7.993843,45.415032],[7.992932,45.415167],[7.986641,45.415884],[7.976541,45.417005],[7.976149,45.417048],[7.962566,45.418571],[7.961406,45.418702],[7.952617,45.419689],[7.951235,45.419833],[7.950565,45.419889],[7.949938,45.41993],[7.94884,45.419975],[7.947379,45.419988],[7.94259,45.419973],[7.906723,45.419854],[7.904055,45.419848],[7.901934,45.419841],[7.901324,45.419843],[7.900156,45.419882],[7.8988,45.419976],[7.893884,45.420502],[7.893648,45.420527],[7.888738,45.421063],[7.888094,45.421131],[7.882977,45.421684],[7.882745,45.42171],[7.866893,45.423431],[7.864825,45.423656],[7.86342,45.423817],[7.863233,45.423837],[7.859025,45.424293],[7.858703,45.42433],[7.857797,45.424449],[7.855782,45.42483],[7.854847,45.424957],[7.851139,45.425361],[7.85003,45.425505],[7.849396,45.425582],[7.848998,45.425647],[7.848685,45.425725],[7.848418,45.425817],[7.848165,45.42593],[7.847929,45.426054],[7.847737,45.426182],[7.847529,45.426343],[7.84734,45.426525],[7.847187,45.426702],[7.847086,45.426865],[7.846974,45.427104],[7.846902,45.427316],[7.846741,45.428027],[7.84671,45.42876],[7.846629,45.430557],[7.846526,45.432603],[7.84653,45.43307],[7.846615,45.434125],[7.846655,45.43439],[7.846781,45.435017],[7.846961,45.435676],[7.849763,45.444612],[7.850531,45.447054],[7.8522,45.452485],[7.853601,45.456963],[7.853715,45.457434],[7.853767,45.457821],[7.853793,45.458269],[7.853772,45.458763],[7.853696,45.459219],[7.853626,45.45949],[7.853453,45.46],[7.853215,45.460499],[7.852928,45.460967],[7.852554,45.461458],[7.851848,45.462244],[7.851678,45.462438],[7.850864,45.46334],[7.850785,45.46343],[7.850424,45.463842],[7.850368,45.463905],[7.849988,45.464328],[7.849889,45.464433],[7.849232,45.465163],[7.849157,45.465244],[7.848415,45.46607],[7.848335,45.46616],[7.847546,45.467044],[7.847478,45.467114],[7.846638,45.46805],[7.846555,45.468148],[7.845907,45.468868],[7.845832,45.468954],[7.844675,45.470232],[7.844602,45.470313],[7.843709,45.471297],[7.843653,45.471359],[7.842835,45.472294],[7.842754,45.472376],[7.835963,45.47997],[7.835926,45.480011],[7.833779,45.48244],[7.833259,45.483113],[7.833206,45.483186],[7.832829,45.483724],[7.832493,45.484249],[7.832149,45.484839],[7.831613,45.485894],[7.831192,45.486921],[7.830869,45.487924],[7.830737,45.488445],[7.830532,45.489499],[7.830464,45.490031],[7.830415,45.490592],[7.830396,45.491177],[7.830401,45.491796],[7.830431,45.492325],[7.830661,45.494218],[7.830703,45.494544],[7.831352,45.499566],[7.831363,45.49965],[7.832207,45.506245],[7.832349,45.507179],[7.83251,45.507905],[7.834789,45.516963],[7.834921,45.51765],[7.834959,45.518016],[7.83498,45.518813],[7.83458,45.522647],[7.834572,45.52272],[7.834447,45.523893],[7.834438,45.523975],[7.834237,45.525807],[7.834168,45.526225],[7.834062,45.526692],[7.833932,45.527116],[7.83377,45.527554],[7.833604,45.527928],[7.833315,45.52847],[7.832975,45.529072],[7.830803,45.532867],[7.83041,45.533608],[7.830166,45.53417],[7.829928,45.53489],[7.829517,45.536693],[7.829464,45.536947],[7.829287,45.537677],[7.829129,45.538136],[7.828997,45.538448],[7.828815,45.538811],[7.828598,45.539183],[7.828355,45.539546],[7.82796,45.540039],[7.82536,45.54292],[7.825159,45.543162],[7.824847,45.543626],[7.824714,45.543876],[7.824497,45.544462],[7.824431,45.544743],[7.824261,45.546109],[7.82418,45.546425],[7.82408,45.546699],[7.823924,45.547039],[7.819409,45.554492],[7.819325,45.554636],[7.818422,45.556127],[7.818094,45.556669],[7.817825,45.557088],[7.817464,45.557559],[7.816996,45.558061],[7.816719,45.558316],[7.816393,45.558584],[7.813444,45.560723],[7.811905,45.561843],[7.811201,45.562446],[7.810592,45.563091],[7.810316,45.563415],[7.809147,45.564967],[7.808677,45.565587],[7.808404,45.565947],[7.805489,45.569787],[7.804728,45.570799],[7.804448,45.571199],[7.80419,45.571635],[7.803883,45.572261],[7.800613,45.58003],[7.800095,45.581297],[7.799592,45.582524],[7.798404,45.585337],[7.797986,45.586211],[7.79751,45.586838],[7.797059,45.587378],[7.796388,45.587997],[7.795765,45.588479],[7.795179,45.588858],[7.793711,45.589679],[7.791483,45.590941],[7.790448,45.591548],[7.789291,45.592315],[7.788596,45.592833],[7.787052,45.594019],[7.784443,45.595931],[7.783599,45.596494],[7.782979,45.596875],[7.782349,45.597235],[7.781677,45.597591],[7.780368,45.598222],[7.779055,45.598773],[7.777806,45.599226],[7.776802,45.599543],[7.775727,45.599843],[7.774483,45.600144],[7.773449,45.600353],[7.772571,45.600502],[7.771661,45.600634],[7.770599,45.60075],[7.769624,45.600833],[7.768793,45.600879],[7.76787,45.600907],[7.766465,45.600905],[7.76508,45.600849],[7.763801,45.600748],[7.762829,45.600651],[7.762418,45.600611],[7.761507,45.600542],[7.760565,45.60051],[7.759556,45.60052],[7.758316,45.600589],[7.757791,45.600641],[7.75638,45.600831],[7.755702,45.600969],[7.754945,45.601148],[7.754028,45.601405],[7.752262,45.601966],[7.750288,45.602553],[7.749028,45.602867],[7.748505,45.602982],[7.745856,45.603504],[7.744993,45.603725],[7.744282,45.603958],[7.743955,45.604076],[7.74345,45.604299],[7.742703,45.604666],[7.742359,45.604851],[7.741731,45.605262],[7.74123,45.605635],[7.74069,45.606089],[7.74029,45.606455],[7.73992,45.606858],[7.73959,45.607355],[7.739275,45.60801],[7.738956,45.608912],[7.738871,45.609246],[7.73881,45.609609],[7.738771,45.610113],[7.738778,45.610545],[7.738876,45.611532],[7.73892,45.612328],[7.738879,45.612909],[7.738819,45.613313],[7.73871,45.61378],[7.738555,45.614245],[7.738399,45.614633],[7.738131,45.615153],[7.737717,45.615809],[7.728116,45.630241],[7.725649,45.633955],[7.724936,45.635019],[7.724415,45.63575],[7.723747,45.636623],[7.72344,45.637006],[7.722838,45.637701],[7.722093,45.638518],[7.721654,45.638962],[7.721421,45.63919],[7.720197,45.640319],[7.719029,45.641293],[7.718445,45.641749],[7.717984,45.642101],[7.716798,45.642921],[7.715364,45.643845],[7.714492,45.644391],[7.71122,45.646439],[7.710439,45.646928],[7.698358,45.654474],[7.697409,45.655125],[7.696861,45.655541],[7.696256,45.656045],[7.695586,45.656659],[7.694768,45.657515],[7.693872,45.65855],[7.693381,45.659073],[7.693105,45.659348],[7.692482,45.659914],[7.69185,45.660437],[7.691137,45.660973],[7.688209,45.663006],[7.6874,45.663587],[7.68658,45.664269],[7.686178,45.664652],[7.68578,45.665067],[7.685565,45.665308],[7.685273,45.665665],[7.68475,45.666398],[7.684473,45.666855],[7.684162,45.667447],[7.683917,45.668016],[7.682771,45.671254],[7.682494,45.672038],[7.682105,45.673069],[7.681988,45.673318],[7.681737,45.673767],[7.681466,45.67417],[7.681075,45.674654],[7.680679,45.675063],[7.680353,45.675358],[7.67997,45.675668],[7.679547,45.675972],[7.678862,45.67639],[7.678313,45.676678],[7.676592,45.677422],[7.67596,45.677719],[7.675297,45.678089],[7.674963,45.678309],[7.674509,45.678644],[7.674017,45.679058],[7.673622,45.679444],[7.673267,45.679845],[7.668812,45.685519],[7.668477,45.686001],[7.668242,45.6864],[7.668003,45.686911],[7.667843,45.687362],[7.667734,45.687782],[7.667644,45.688419],[7.66763,45.688862],[7.667656,45.689284],[7.667727,45.68971],[7.667831,45.690134],[7.66845,45.692079],[7.66869,45.693063],[7.668797,45.693805],[7.668838,45.69445],[7.668825,45.695292],[7.668747,45.696023],[7.668628,45.696652],[7.668467,45.697268],[7.668169,45.69824],[7.667997,45.699005],[7.667939,45.699349],[7.667865,45.700036],[7.667837,45.700761],[7.667858,45.701448],[7.667936,45.702125],[7.668029,45.702646],[7.668812,45.706208],[7.66926,45.708444],[7.66954,45.710027],[7.669783,45.71144],[7.669972,45.712607],[7.670445,45.715926],[7.670519,45.716763],[7.670535,45.717195],[7.670495,45.71812],[7.670419,45.718736],[7.670347,45.719123],[7.670262,45.719548],[7.67005,45.720353],[7.669814,45.72121],[7.668686,45.725199],[7.666243,45.728826],[7.662587,45.731916],[7.660662,45.733253],[7.657136,45.735697],[7.654719,45.737325],[7.65338,45.738205],[7.65298,45.738449],[7.652308,45.738819],[7.651955,45.738982],[7.651109,45.739327],[7.650405,45.739555],[7.649361,45.739818],[7.648606,45.739955],[7.647837,45.740055],[7.646906,45.74015],[7.645223,45.740316],[7.644286,45.740436],[7.643643,45.740553],[7.642967,45.740702],[7.642141,45.740933],[7.641639,45.741093],[7.641179,45.741265],[7.640338,45.741624],[7.639539,45.742035],[7.636138,45.744038],[7.635121,45.744633],[7.63391,45.745336],[7.633444,45.745594],[7.632885,45.745876],[7.632038,45.746254],[7.631079,45.746633],[7.630668,45.746781],[7.629875,45.747029],[7.62881,45.74731],[7.627765,45.747522],[7.627305,45.747595],[7.626719,45.747666],[7.625675,45.747772],[7.625047,45.747823],[7.624211,45.747862],[7.623314,45.747872],[7.622125,45.747835],[7.621142,45.747756],[7.620679,45.747705],[7.619484,45.74753],[7.61837,45.747308],[7.616926,45.746925],[7.61667,45.746847],[7.61625,45.74671],[7.615101,45.746286],[7.614393,45.745981],[7.613457,45.74553],[7.612203,45.744884],[7.610935,45.744289],[7.610046,45.743909],[7.60916,45.743571],[7.608249,45.74328],[7.606472,45.742848],[7.605225,45.742618],[7.604536,45.742511],[7.603529,45.742388],[7.602238,45.742257],[7.598151,45.741913],[7.59784,45.741888],[7.595267,45.741671],[7.594208,45.741623],[7.593491,45.741619],[7.593094,45.74163],[7.592268,45.741684],[7.591104,45.741827],[7.590419,45.741943],[7.588908,45.74223],[7.581102,45.74372],[7.580357,45.743851],[7.578743,45.744098],[7.577059,45.744303],[7.576189,45.744385],[7.574655,45.744499],[7.573246,45.744567],[7.571589,45.744596],[7.570234,45.744586],[7.568582,45.744529],[7.566609,45.74439],[7.565218,45.744249],[7.563568,45.744037],[7.562765,45.743913],[7.558112,45.743107],[7.556007,45.74276],[7.554646,45.74255],[7.552814,45.742301],[7.551729,45.742159],[7.54943,45.7419],[7.548308,45.741785],[7.546081,45.741594],[7.544583,45.74148],[7.542997,45.741385],[7.540573,45.741273],[7.539071,45.741227],[7.538619,45.741218],[7.537536,45.741194],[7.537309,45.741191],[7.534591,45.741186],[7.533014,45.741208],[7.530833,45.741267],[7.5287,45.741361],[7.527465,45.74143],[7.525051,45.741594],[7.524235,45.741663],[7.518741,45.742186],[7.518336,45.742227],[7.515133,45.742553],[7.513637,45.742705],[7.512269,45.742818],[7.510085,45.742972],[7.507405,45.74313],[7.504764,45.743243],[7.502221,45.743307],[7.501902,45.743312],[7.499032,45.743351],[7.495346,45.743347],[7.493065,45.743301],[7.49001,45.743194],[7.488295,45.743115],[7.486454,45.743005],[7.484497,45.742836],[7.48305,45.742654],[7.48243,45.742565],[7.480704,45.742278],[7.479282,45.742005],[7.478642,45.741861],[7.47752,45.741561],[7.477373,45.741516],[7.476227,45.741146],[7.475609,45.740915],[7.474668,45.740516],[7.474029,45.740215],[7.473361,45.739874],[7.472723,45.739514],[7.472139,45.739153],[7.469361,45.737378],[7.468758,45.737046],[7.468211,45.736787],[7.467953,45.736683],[7.467311,45.73645],[7.466998,45.736358],[7.466316,45.736184],[7.465648,45.736062],[7.465277,45.736012],[7.464318,45.735936],[7.463648,45.735928],[7.463007,45.735954],[7.461978,45.736068],[7.461017,45.736243],[7.459707,45.736504],[7.459254,45.736596],[7.454732,45.737502],[7.45298,45.737853],[7.452191,45.73799],[7.451408,45.738091],[7.450496,45.738139],[7.450068,45.738139],[7.449168,45.738086],[7.448759,45.738041],[7.448324,45.737973],[7.447872,45.737889],[7.446866,45.737645],[7.434338,45.73432],[7.433739,45.734172],[7.433149,45.734045],[7.432077,45.733866],[7.431053,45.733749],[7.43054,45.733713],[7.429593,45.733679],[7.429089,45.733678],[7.428138,45.733712],[7.427661,45.733744],[7.426714,45.733846],[7.426257,45.733912],[7.425406,45.734065],[7.424486,45.734279],[7.423571,45.734539],[7.422575,45.734886],[7.420667,45.735644],[7.419409,45.736126],[7.418862,45.736309],[7.417964,45.736574],[7.416773,45.736858],[7.416014,45.737005],[7.415332,45.737114],[7.414684,45.737195],[7.414371,45.73723],[7.413786,45.737282],[7.412716,45.737331],[7.411498,45.737323],[7.410866,45.737294],[7.409787,45.737209],[7.408358,45.737022],[7.406139,45.736717],[7.404949,45.736574],[7.404498,45.736534],[7.404062,45.736499],[7.402908,45.73645],[7.401572,45.736458],[7.400189,45.736539],[7.399615,45.736595],[7.399055,45.736669],[7.39814,45.736808],[7.397507,45.736923],[7.396976,45.737039],[7.395816,45.737328],[7.39461,45.737694],[7.393926,45.737924],[7.391145,45.738898],[7.390508,45.739111],[7.389668,45.739352],[7.389432,45.739413],[7.388954,45.7395],[7.388707,45.73954],[7.388132,45.739622],[7.387667,45.739663],[7.387273,45.739675],[7.386793,45.739663],[7.385964,45.739604],[7.385617,45.739548],[7.385097,45.739429],[7.384577,45.739288],[7.384143,45.739129],[7.381761,45.738157],[7.380952,45.737867],[7.380575,45.737766],[7.380176,45.737678],[7.379564,45.73757],[7.379149,45.737526],[7.378675,45.737499],[7.378133,45.737496],[7.377687,45.737519],[7.377232,45.73756],[7.374501,45.73795],[7.373735,45.738033],[7.373244,45.738068],[7.372372,45.738078],[7.371325,45.738037],[7.366393,45.737727],[7.363256,45.737492],[7.360205,45.737183],[7.353993,45.736509],[7.351383,45.736213],[7.347399,45.735803],[7.346514,45.735666],[7.345785,45.735515],[7.344781,45.735218],[7.343934,45.734783],[7.343568,45.734558],[7.343235,45.734328],[7.342871,45.734035],[7.342603,45.733792],[7.340182,45.731362],[7.339755,45.730982],[7.339519,45.73079],[7.339167,45.730557],[7.338819,45.730347],[7.338424,45.730146],[7.33763,45.72981],[7.337249,45.729688],[7.336782,45.729566],[7.336382,45.729485],[7.335591,45.729388],[7.335052,45.729363],[7.334461,45.729372],[7.33405,45.729393],[7.331094,45.729656],[7.327629,45.72984],[7.321737,45.730166],[7.320218,45.730245],[7.318888,45.730263],[7.31814,45.730245],[7.317513,45.730208],[7.316498,45.730098],[7.315684,45.729964],[7.314811,45.729782],[7.313576,45.729437],[7.312432,45.729044],[7.310474,45.728229],[7.309785,45.72792],[7.309155,45.7277],[7.308648,45.727561],[7.308179,45.72745],[7.307762,45.727382],[7.307021,45.727303],[7.306191,45.727281],[7.299357,45.727391],[7.29685,45.727482],[7.291903,45.72767],[7.290838,45.727697],[7.289683,45.727694],[7.289092,45.727665],[7.288575,45.727618],[7.288015,45.727541],[7.287406,45.727433],[7.286412,45.727129],[7.285726,45.72686],[7.284826,45.726419],[7.27542,45.721395],[7.274639,45.720991],[7.273916,45.720642],[7.272403,45.71998],[7.271115,45.719456],[7.269749,45.718951],[7.268072,45.71842],[7.267299,45.718143],[7.266611,45.717867],[7.265998,45.717534],[7.265451,45.717166],[7.264929,45.716725],[7.264262,45.716037],[7.263957,45.715546],[7.263277,45.714521],[7.262086,45.712922],[7.26119,45.712053],[7.260139,45.71121],[7.258728,45.710382],[7.25758,45.709858],[7.255874,45.709217],[7.254013,45.708779],[7.252071,45.708513],[7.247337,45.708232],[7.246464,45.708186],[7.246116,45.708165],[7.245528,45.708171],[7.245378,45.70819],[7.245197,45.708239],[7.245026,45.708338],[7.244967,45.708449],[7.244955,45.708525],[7.244974,45.708628],[7.245023,45.708722],[7.245332,45.709027],[7.245489,45.709159],[7.245812,45.709383],[7.246231,45.709727],[7.24639,45.709901],[7.246549,45.710156],[7.24713,45.710598],[7.247433,45.710862],[7.24766,45.710991],[7.247817,45.71101],[7.247941,45.710978],[7.247996,45.710945],[7.248063,45.710831],[7.248046,45.710703],[7.247658,45.709727],[7.247462,45.709193],[7.247417,45.708898],[7.247475,45.708194],[7.24741,45.70781],[7.246673,45.706416],[7.246562,45.70625],[7.246334,45.706015],[7.246311,45.705998],[7.246167,45.705895],[7.245982,45.705784],[7.245414,45.705461],[7.245019,45.705229],[7.244878,45.705109],[7.244539,45.704664],[7.244235,45.704192],[7.244204,45.704077],[7.244198,45.703833],[7.244132,45.703721],[7.24407,45.703664],[7.242426,45.702459],[7.241827,45.702024],[7.241589,45.701884],[7.241273,45.701728],[7.240813,45.701508],[7.240759,45.701427],[7.240735,45.70128],[7.240691,45.701273],[7.240636,45.701224],[7.240655,45.701164],[7.240732,45.701136],[7.24062,45.701029],[7.24048,45.700941],[7.239049,45.700175],[7.238952,45.700106],[7.238896,45.700025],[7.238903,45.699925],[7.238957,45.699855],[7.239013,45.699821],[7.239199,45.699786],[7.23973,45.699753],[7.239842,45.699746],[7.240058,45.699734],[7.240486,45.699728],[7.240931,45.699706],[7.241397,45.699637],[7.242057,45.699506],[7.242311,45.699489],[7.242447,45.699496],[7.242734,45.699549],[7.243055,45.69965],[7.243452,45.699822],[7.243738,45.699979],[7.244327,45.700408],[7.244735,45.700612],[7.245866,45.701108],[7.246006,45.701127],[7.24617,45.701085],[7.246224,45.701043],[7.246272,45.700949],[7.24629,45.700736],[7.246338,45.70063],[7.246447,45.700548],[7.246539,45.700518],[7.246662,45.700505],[7.246774,45.700514],[7.246883,45.700548],[7.247542,45.70087],[7.247986,45.701066],[7.248046,45.701091],[7.248536,45.701302],[7.248755,45.701389],[7.248862,45.701401],[7.249008,45.701371],[7.249078,45.701328],[7.249125,45.70126],[7.249131,45.70109],[7.249042,45.700348],[7.249007,45.70022],[7.248916,45.700061],[7.248774,45.699916],[7.248637,45.699823],[7.248481,45.699747],[7.24792,45.699539],[7.247494,45.699284],[7.247196,45.699025],[7.246951,45.698758],[7.246786,45.698494],[7.246722,45.69831],[7.246624,45.697812],[7.246561,45.697698],[7.246435,45.697587],[7.246319,45.697525],[7.245707,45.697288],[7.245413,45.697175],[7.245015,45.697025],[7.244764,45.69695],[7.244493,45.696912],[7.244261,45.696911],[7.243773,45.696935],[7.243472,45.696923],[7.243232,45.696868],[7.242986,45.696746],[7.242823,45.696607],[7.242745,45.696492],[7.242557,45.695973],[7.242474,45.695809],[7.241908,45.695181],[7.241739,45.69506],[7.241626,45.695031],[7.241499,45.695021],[7.241273,45.695049],[7.241136,45.695116],[7.240832,45.695361],[7.240674,45.695441],[7.240499,45.695496],[7.240351,45.695525],[7.240186,45.695534],[7.239899,45.695502],[7.23973,45.695457],[7.23959,45.695395],[7.239355,45.695227],[7.239222,45.69505],[7.239093,45.694731],[7.238958,45.694513],[7.238824,45.694364],[7.238605,45.694194],[7.237888,45.693813],[7.237232,45.693482],[7.23704,45.693418],[7.236795,45.693375],[7.23623,45.693329],[7.236054,45.693285],[7.235861,45.693196],[7.234364,45.692193],[7.234228,45.692068],[7.234172,45.691981],[7.234076,45.691697],[7.233991,45.691635],[7.233709,45.691559],[7.233665,45.691536],[7.233236,45.691195],[7.233067,45.691016],[7.232982,45.690899],[7.232889,45.690707],[7.232817,45.690604],[7.232765,45.690568],[7.232643,45.690526],[7.232323,45.690501],[7.232181,45.690477],[7.232017,45.690385],[7.231391,45.689663],[7.231285,45.689468],[7.231188,45.689109],[7.231144,45.689028],[7.23085,45.688657],[7.230799,45.688565],[7.230668,45.688203],[7.230552,45.688093],[7.230269,45.687954],[7.230133,45.687861],[7.230022,45.687737],[7.229885,45.687499],[7.229733,45.687344],[7.229123,45.68689],[7.228928,45.686688],[7.228577,45.686482],[7.228516,45.686399],[7.228496,45.6863],[7.228512,45.685978],[7.228475,45.685771],[7.228425,45.68563],[7.228325,45.685483],[7.227957,45.685222],[7.227844,45.685073],[7.227787,45.684845],[7.227736,45.684417],[7.227544,45.683944],[7.22719,45.682732],[7.226792,45.681764],[7.226515,45.680769],[7.226115,45.679865],[7.22606,45.679675],[7.226048,45.679476],[7.226154,45.678824],[7.22619,45.678075],[7.226325,45.677643],[7.226326,45.677075],[7.226358,45.676774],[7.226552,45.676392],[7.226632,45.676189],[7.226848,45.675775],[7.227062,45.675285],[7.227143,45.67521],[7.227571,45.674954],[7.227639,45.67486],[7.227653,45.674714],[7.227582,45.674109],[7.227586,45.673921],[7.227648,45.673789],[7.227801,45.673645],[7.227889,45.673514],[7.22795,45.673368],[7.22794,45.673282],[7.227849,45.673175],[7.227706,45.672931],[7.227658,45.672756],[7.227647,45.672627],[7.227695,45.672056],[7.227619,45.671439],[7.22764,45.671288],[7.227718,45.67109],[7.227757,45.671048],[7.227875,45.670991],[7.228029,45.670977],[7.228245,45.671005],[7.22869,45.67111],[7.228829,45.671116],[7.229014,45.671074],[7.229163,45.670998],[7.229232,45.670894],[7.229239,45.670687],[7.229328,45.670516],[7.229526,45.670208],[7.229879,45.669801],[7.230096,45.669509],[7.230203,45.669228],[7.230255,45.668841],[7.230294,45.668742],[7.230382,45.668661],[7.230747,45.668478],[7.230945,45.668291],[7.230989,45.668215],[7.230971,45.668138],[7.230937,45.668108],[7.230865,45.668083],[7.23052,45.668035],[7.230209,45.667953],[7.23007,45.667905],[7.229993,45.667843],[7.229967,45.667793],[7.22996,45.667705],[7.229991,45.667222],[7.229972,45.667048],[7.229888,45.666774],[7.229665,45.66622],[7.22971,45.666066],[7.22996,45.665698],[7.230008,45.665566],[7.230072,45.665209],[7.23012,45.665086],[7.230183,45.665002],[7.230379,45.66484],[7.230672,45.664653],[7.230696,45.664562],[7.230383,45.664111],[7.23035,45.664016],[7.230401,45.663926],[7.230695,45.663541],[7.231228,45.662706],[7.231397,45.662198],[7.23143,45.66186],[7.231527,45.661689],[7.23269,45.660589],[7.233023,45.660386],[7.233714,45.660061],[7.234069,45.659908],[7.234902,45.659745],[7.235043,45.659676],[7.23512,45.659577],[7.235237,45.659323],[7.235354,45.659172],[7.236037,45.658581],[7.236532,45.658071],[7.236715,45.657868],[7.236792,45.657755],[7.23691,45.657555],[7.237072,45.657223],[7.237328,45.656826],[7.237519,45.656654],[7.237897,45.656425],[7.238045,45.656314],[7.23816,45.656206],[7.238484,45.655806],[7.238569,45.655738],[7.239001,45.655524],[7.239192,45.655382],[7.239426,45.655107],[7.239512,45.655035],[7.239599,45.65497],[7.23999,45.654764],[7.240979,45.654101],[7.241103,45.653998],[7.241485,45.653555],[7.24157,45.65348],[7.241864,45.653293],[7.242057,45.653022],[7.242151,45.652905],[7.242338,45.652759],[7.242573,45.652641],[7.242979,45.652495],[7.243527,45.652309],[7.243905,45.652155],[7.244141,45.652048],[7.244274,45.651945],[7.244448,45.65177],[7.244741,45.651398],[7.244948,45.651264],[7.245099,45.651205],[7.245246,45.651171],[7.245782,45.651086],[7.24604,45.651018],[7.246243,45.65093],[7.247032,45.650473],[7.247273,45.650354],[7.24751,45.650263],[7.247825,45.650196],[7.248489,45.650109],[7.249242,45.650042],[7.249965,45.649908],[7.250385,45.649803],[7.250928,45.649581],[7.251235,45.649519],[7.253906,45.649492],[7.254327,45.649458],[7.25513,45.649335],[7.255362,45.649261],[7.25544,45.649217],[7.255498,45.649157],[7.255531,45.648959],[7.25552,45.648696],[7.255575,45.648448],[7.255669,45.648247],[7.255717,45.648204],[7.255825,45.648164],[7.255961,45.648152],[7.256057,45.648172],[7.256143,45.64822],[7.256373,45.648616],[7.256523,45.648777],[7.256628,45.648836],[7.256734,45.648858],[7.256859,45.648862],[7.257355,45.648837],[7.25803,45.648781],[7.258496,45.648791],[7.25897,45.648721],[7.259161,45.648708],[7.259723,45.648702],[7.26208,45.648618],[7.263109,45.648496],[7.26422,45.648441],[7.264473,45.648401],[7.265219,45.648213],[7.265915,45.647967],[7.267085,45.647434],[7.267713,45.647171],[7.267852,45.647046],[7.268018,45.646825],[7.268066,45.646729],[7.268111,45.646547],[7.268139,45.646211],[7.268168,45.646152],[7.268312,45.646028],[7.268794,45.645723],[7.26911,45.645447],[7.269447,45.645279],[7.269781,45.645169],[7.270168,45.645084],[7.270736,45.645012],[7.271098,45.644941],[7.271508,45.64483],[7.271751,45.644753],[7.272401,45.64455],[7.272572,45.644512],[7.273185,45.644458],[7.274452,45.644413],[7.274757,45.644369],[7.275598,45.644181],[7.276113,45.644078],[7.27629,45.644062],[7.277261,45.644146],[7.277482,45.644149],[7.277699,45.644132],[7.277924,45.644093],[7.278473,45.643968],[7.278726,45.643916],[7.278971,45.643892],[7.279269,45.643908],[7.279823,45.643973],[7.280284,45.644032],[7.280891,45.644087],[7.281466,45.644046],[7.281951,45.644046],[7.28243,45.644017],[7.282685,45.64398],[7.283429,45.643818],[7.283799,45.643756],[7.284079,45.643726],[7.284688,45.643697],[7.285776,45.643742],[7.286247,45.643786],[7.286408,45.643814],[7.286584,45.643863],[7.286722,45.643927],[7.286832,45.644017],[7.287087,45.6443],[7.287413,45.644728],[7.287475,45.644756],[7.287562,45.644764],[7.288223,45.644743],[7.289254,45.644825],[7.289696,45.644827],[7.289938,45.644811],[7.290836,45.644519],[7.291584,45.644339],[7.292276,45.644035],[7.292442,45.643976],[7.292819,45.643886],[7.293157,45.643786],[7.29423,45.643277],[7.29468,45.643],[7.295205,45.642624],[7.295262,45.642565],[7.295581,45.642096],[7.295739,45.641908],[7.296038,45.641609],[7.296401,45.641293],[7.296753,45.641007],[7.296919,45.64089],[7.297078,45.640808],[7.297481,45.640636],[7.297899,45.640487],[7.29867,45.640318],[7.299315,45.640235],[7.301142,45.639997],[7.301368,45.639945],[7.301786,45.639744],[7.301938,45.639642],[7.302548,45.639049],[7.302698,45.638898],[7.302797,45.638831],[7.302909,45.638799],[7.303068,45.6388],[7.303619,45.638935],[7.30367,45.638938],[7.303779,45.638915],[7.304885,45.638379],[7.305575,45.6381],[7.306489,45.637664],[7.309121,45.636916],[7.310118,45.63656],[7.310708,45.636283],[7.312555,45.635395],[7.313973,45.634915],[7.314289,45.6348],[7.314706,45.634617],[7.315026,45.634446],[7.315707,45.634044],[7.316366,45.633603],[7.317495,45.633174],[7.320506,45.631742],[7.320768,45.63164],[7.320872,45.631577],[7.320959,45.631513],[7.321053,45.631398],[7.32122,45.630843],[7.321341,45.630341],[7.321413,45.630175],[7.321523,45.630007],[7.321707,45.629783],[7.322346,45.629277],[7.323103,45.628711],[7.32323,45.628618],[7.323282,45.628569],[7.32341,45.628496],[7.32348,45.628467],[7.324181,45.62833],[7.324349,45.628328],[7.324492,45.628348],[7.325024,45.628532],[7.325118,45.628564],[7.325216,45.628599],[7.325363,45.628626],[7.32552,45.628619],[7.325979,45.628457],[7.32616,45.628347],[7.326611,45.62799],[7.327022,45.627667],[7.32767,45.62725],[7.327798,45.627145],[7.328031,45.626878],[7.329219,45.6254],[7.329304,45.625321],[7.330063,45.624784],[7.330206,45.624627],[7.330421,45.624346],[7.330904,45.623109],[7.331072,45.622747],[7.331189,45.622558],[7.331589,45.622026],[7.331803,45.62189],[7.331924,45.621837],[7.332707,45.621551],[7.334606,45.620555],[7.334765,45.620451],[7.334853,45.620345],[7.334884,45.62028],[7.335196,45.619252],[7.335249,45.619154],[7.335385,45.619067],[7.335705,45.618933],[7.336211,45.618736],[7.336819,45.618505],[7.337309,45.618321],[7.337589,45.618209],[7.337975,45.61806],[7.338359,45.617911],[7.338503,45.617857],[7.338922,45.617683],[7.33916,45.617563],[7.340177,45.61702],[7.341411,45.616352],[7.341751,45.616095],[7.342545,45.615434],[7.34265,45.615368],[7.343737,45.61492],[7.344199,45.614671],[7.3447,45.614401],[7.344838,45.614308],[7.345022,45.614137],[7.345137,45.613964],[7.345547,45.613245],[7.345722,45.612951],[7.346004,45.612652],[7.346108,45.612581],[7.346204,45.612512],[7.346539,45.612358],[7.346982,45.612156],[7.347942,45.611733],[7.348121,45.611657],[7.348733,45.611397],[7.349018,45.61127],[7.34952,45.611049],[7.350116,45.610788],[7.350433,45.610649],[7.350691,45.610561],[7.350944,45.610446],[7.351029,45.610445],[7.351094,45.610432],[7.351171,45.610344],[7.351283,45.610297],[7.351524,45.610164],[7.352723,45.609648],[7.353419,45.609348],[7.354086,45.609051],[7.354547,45.608841],[7.354643,45.608796],[7.354778,45.608733],[7.354828,45.608711],[7.355329,45.608529],[7.355672,45.608452],[7.355833,45.608405],[7.355978,45.608372],[7.356055,45.608353],[7.356144,45.608299],[7.356078,45.608234],[7.356002,45.608084],[7.355978,45.607945],[7.356099,45.607734],[7.356121,45.607672],[7.356116,45.607583],[7.356076,45.607476],[7.355761,45.606664],[7.355754,45.606636],[7.355697,45.606506],[7.355516,45.606134],[7.355401,45.605757],[7.355088,45.604627],[7.354934,45.604306],[7.354649,45.60389],[7.354339,45.60347],[7.353551,45.602543],[7.353235,45.602131],[7.353106,45.601913],[7.352941,45.601526],[7.352813,45.601339],[7.352566,45.601089],[7.352418,45.600792],[7.352358,45.600502],[7.35234,45.600371],[7.352248,45.599861],[7.352198,45.599638],[7.352099,45.599427],[7.351572,45.598531],[7.351481,45.598447],[7.3513,45.598372],[7.350944,45.598141],[7.350379,45.597702],[7.349507,45.596817],[7.349128,45.59632],[7.349014,45.596127],[7.348881,45.595769],[7.348822,45.59567],[7.34874,45.595586],[7.348214,45.595247],[7.347924,45.594967],[7.347834,45.594835],[7.347574,45.59415],[7.347522,45.593972],[7.347513,45.593592],[7.347297,45.593132],[7.347283,45.59302],[7.347282,45.591766],[7.347217,45.591578],[7.34707,45.591424],[7.346261,45.590867],[7.345205,45.590092],[7.34514,45.589981],[7.345144,45.589624],[7.345126,45.589562],[7.344961,45.58939],[7.344767,45.589271],[7.344343,45.589115],[7.344147,45.588962],[7.34397,45.588882],[7.343568,45.58878],[7.343443,45.588702],[7.343303,45.588564],[7.34343,45.588471],[7.343488,45.588398],[7.343455,45.588279]]},"properties":{"couleur":"#8a6a4f","jour":"2026-08-12","mode":"route","source":"heritee"}},{"type":"Feature","geometry":{"type":"LineString","coordinates":[[7.343455,45.588279],[7.343488,45.588398],[7.34343,45.588471],[7.343303,45.588564],[7.343443,45.588702],[7.343568,45.58878],[7.34397,45.588882],[7.344147,45.588962],[7.344343,45.589115],[7.344767,45.589271],[7.344961,45.58939],[7.345126,45.589562],[7.345144,45.589624],[7.34514,45.589981],[7.345205,45.590092],[7.346261,45.590867],[7.34707,45.591424],[7.347217,45.591578],[7.347282,45.591766],[7.347283,45.59302],[7.347297,45.593132],[7.347513,45.593592],[7.347522,45.593972],[7.347574,45.59415],[7.347834,45.594835],[7.347924,45.594967],[7.348214,45.595247],[7.34874,45.595586],[7.348822,45.59567],[7.348881,45.595769],[7.349014,45.596127],[7.349128,45.59632],[7.349507,45.596817],[7.350379,45.597702],[7.350944,45.598141],[7.3513,45.598372],[7.351481,45.598447],[7.351572,45.598531],[7.352099,45.599427],[7.352198,45.599638],[7.352248,45.599861],[7.35234,45.600371],[7.352358,45.600502],[7.352418,45.600792],[7.352566,45.601089],[7.352813,45.601339],[7.352941,45.601526],[7.353106,45.601913],[7.353235,45.602131],[7.353551,45.602543],[7.354339,45.60347],[7.354649,45.60389],[7.354934,45.604306],[7.355088,45.604627],[7.355401,45.605757],[7.355516,45.606134],[7.355697,45.606506],[7.355491,45.606527],[7.355016,45.606478],[7.354727,45.606472],[7.354475,45.606559],[7.354022,45.606828],[7.353551,45.607163],[7.353457,45.607242],[7.353406,45.607313],[7.353583,45.607554],[7.354302,45.608226],[7.354637,45.60855],[7.354778,45.608733],[7.354643,45.608796],[7.354547,45.608841],[7.354086,45.609051],[7.353419,45.609348],[7.352723,45.609648],[7.351524,45.610164],[7.351283,45.610297],[7.351177,45.610397],[7.351174,45.610449],[7.351211,45.610478],[7.351227,45.61051],[7.351214,45.610566],[7.351164,45.610604],[7.351111,45.610616],[7.351055,45.610612],[7.350976,45.610563],[7.350919,45.610543],[7.350846,45.610539],[7.350691,45.610561],[7.350433,45.610649],[7.350116,45.610788],[7.34952,45.611049],[7.349018,45.61127],[7.348733,45.611397],[7.348121,45.611657],[7.347942,45.611733],[7.346982,45.612156],[7.346539,45.612358],[7.346204,45.612512],[7.346108,45.612581],[7.346004,45.612652],[7.345722,45.612951],[7.345547,45.613245],[7.345137,45.613964],[7.345022,45.614137],[7.344838,45.614308],[7.3447,45.614401],[7.344199,45.614671],[7.343737,45.61492],[7.34265,45.615368],[7.342545,45.615434],[7.341751,45.616095],[7.341411,45.616352],[7.340177,45.61702],[7.33916,45.617563],[7.338922,45.617683],[7.338503,45.617857],[7.338359,45.617911],[7.337975,45.61806],[7.337589,45.618209],[7.337309,45.618321],[7.336819,45.618505],[7.336211,45.618736],[7.335705,45.618933],[7.335385,45.619067],[7.335249,45.619154],[7.335196,45.619252],[7.334884,45.62028],[7.334853,45.620345],[7.334765,45.620451],[7.334606,45.620555],[7.332707,45.621551],[7.331924,45.621837],[7.331803,45.62189],[7.331589,45.622026],[7.331189,45.622558],[7.331072,45.622747],[7.330904,45.623109],[7.330421,45.624346],[7.330206,45.624627],[7.330063,45.624784],[7.329304,45.625321],[7.329219,45.6254],[7.328031,45.626878],[7.327798,45.627145],[7.32767,45.62725],[7.327022,45.627667],[7.326611,45.62799],[7.32616,45.628347],[7.325979,45.628457],[7.32552,45.628619],[7.325363,45.628626],[7.325216,45.628599],[7.325118,45.628564],[7.325024,45.628532],[7.324492,45.628348],[7.324349,45.628328],[7.324181,45.62833],[7.32348,45.628467],[7.32341,45.628496],[7.323282,45.628569],[7.32323,45.628618],[7.323103,45.628711],[7.322346,45.629277],[7.321707,45.629783],[7.321523,45.630007],[7.321413,45.630175],[7.321341,45.630341],[7.32122,45.630843],[7.321053,45.631398],[7.320959,45.631513],[7.320872,45.631577],[7.320768,45.63164],[7.320506,45.631742],[7.317495,45.633174],[7.316366,45.633603],[7.315707,45.634044],[7.315026,45.634446],[7.314706,45.634617],[7.314289,45.6348],[7.313973,45.634915],[7.312555,45.635395],[7.310708,45.636283],[7.310118,45.63656],[7.309121,45.636916],[7.306489,45.637664],[7.305575,45.6381],[7.304885,45.638379],[7.303779,45.638915],[7.30367,45.638938],[7.303619,45.638935],[7.303068,45.6388],[7.302909,45.638799],[7.302797,45.638831],[7.302698,45.638898],[7.302548,45.639049],[7.301938,45.639642],[7.301786,45.639744],[7.301368,45.639945],[7.301142,45.639997],[7.299315,45.640235],[7.29867,45.640318],[7.297899,45.640487],[7.297481,45.640636],[7.297078,45.640808],[7.296919,45.64089],[7.296753,45.641007],[7.296401,45.641293],[7.296038,45.641609],[7.295739,45.641908],[7.295581,45.642096],[7.295262,45.642565],[7.295205,45.642624],[7.29468,45.643],[7.29423,45.643277],[7.293157,45.643786],[7.292819,45.643886],[7.292442,45.643976],[7.292276,45.644035],[7.291584,45.644339],[7.290836,45.644519],[7.289938,45.644811],[7.289696,45.644827],[7.289254,45.644825],[7.288223,45.644743],[7.287562,45.644764],[7.287475,45.644756],[7.287413,45.644728],[7.287087,45.6443],[7.286832,45.644017],[7.286722,45.643927],[7.286584,45.643863],[7.286408,45.643814],[7.286247,45.643786],[7.285776,45.643742],[7.284688,45.643697],[7.284079,45.643726],[7.283799,45.643756],[7.283429,45.643818],[7.282685,45.64398],[7.28243,45.644017],[7.281951,45.644046],[7.281466,45.644046],[7.280891,45.644087],[7.280284,45.644032],[7.279823,45.643973],[7.279269,45.643908],[7.278971,45.643892],[7.278726,45.643916],[7.278473,45.643968],[7.277924,45.644093],[7.277699,45.644132],[7.277482,45.644149],[7.277261,45.644146],[7.27629,45.644062],[7.276113,45.644078],[7.275598,45.644181],[7.274757,45.644369],[7.274452,45.644413],[7.273185,45.644458],[7.272572,45.644512],[7.272401,45.64455],[7.271751,45.644753],[7.271508,45.64483],[7.271098,45.644941],[7.270736,45.645012],[7.270168,45.645084],[7.269781,45.645169],[7.269447,45.645279],[7.26911,45.645447],[7.268794,45.645723],[7.268312,45.646028],[7.268168,45.646152],[7.268139,45.646211],[7.268111,45.646547],[7.268066,45.646729],[7.268018,45.646825],[7.267852,45.647046],[7.267713,45.647171],[7.267085,45.647434],[7.265915,45.647967],[7.265219,45.648213],[7.264473,45.648401],[7.26422,45.648441],[7.263109,45.648496],[7.26208,45.648618],[7.259723,45.648702],[7.259161,45.648708],[7.25897,45.648721],[7.258496,45.648791],[7.25803,45.648781],[7.257355,45.648837],[7.256859,45.648862],[7.256734,45.648858],[7.256628,45.648836],[7.256523,45.648777],[7.256373,45.648616],[7.256143,45.64822],[7.256057,45.648172],[7.255961,45.648152],[7.255825,45.648164],[7.255717,45.648204],[7.255669,45.648247],[7.255575,45.648448],[7.25552,45.648696],[7.255531,45.648959],[7.255498,45.649157],[7.25544,45.649217],[7.255362,45.649261],[7.25513,45.649335],[7.254327,45.649458],[7.253906,45.649492],[7.251235,45.649519],[7.250928,45.649581],[7.250385,45.649803],[7.249965,45.649908],[7.249242,45.650042],[7.248489,45.650109],[7.247825,45.650196],[7.24751,45.650263],[7.247273,45.650354],[7.247032,45.650473],[7.246243,45.65093],[7.24604,45.651018],[7.245782,45.651086],[7.245246,45.651171],[7.245099,45.651205],[7.244948,45.651264],[7.244741,45.651398],[7.244448,45.65177],[7.244274,45.651945],[7.244141,45.652048],[7.243905,45.652155],[7.243527,45.652309],[7.242979,45.652495],[7.242573,45.652641],[7.242338,45.652759],[7.242151,45.652905],[7.242057,45.653022],[7.241864,45.653293],[7.24157,45.65348],[7.241485,45.653555],[7.241103,45.653998],[7.240979,45.654101],[7.23999,45.654764],[7.239599,45.65497],[7.239512,45.655035],[7.239426,45.655107],[7.239192,45.655382],[7.239001,45.655524],[7.238569,45.655738],[7.238484,45.655806],[7.23816,45.656206],[7.238045,45.656314],[7.237897,45.656425],[7.237519,45.656654],[7.237328,45.656826],[7.237072,45.657223],[7.23691,45.657555],[7.236792,45.657755],[7.236715,45.657868],[7.236532,45.658071],[7.236037,45.658581],[7.235354,45.659172],[7.235237,45.659323],[7.23512,45.659577],[7.235043,45.659676],[7.234902,45.659745],[7.234069,45.659908],[7.233714,45.660061],[7.233023,45.660386],[7.23269,45.660589],[7.231527,45.661689],[7.23143,45.66186],[7.231397,45.662198],[7.231228,45.662706],[7.230695,45.663541],[7.230401,45.663926],[7.23035,45.664016],[7.230383,45.664111],[7.230696,45.664562],[7.230672,45.664653],[7.230379,45.66484],[7.230183,45.665002],[7.23012,45.665086],[7.230072,45.665209],[7.230008,45.665566],[7.22996,45.665698],[7.22971,45.666066],[7.229665,45.66622],[7.229888,45.666774],[7.229972,45.667048],[7.229991,45.667222],[7.22996,45.667705],[7.229967,45.667793],[7.229993,45.667843],[7.23007,45.667905],[7.230209,45.667953],[7.23052,45.668035],[7.230865,45.668083],[7.230937,45.668108],[7.230971,45.668138],[7.230989,45.668215],[7.230945,45.668291],[7.230747,45.668478],[7.230382,45.668661],[7.230294,45.668742],[7.230255,45.668841],[7.230203,45.669228],[7.230096,45.669509],[7.229879,45.669801],[7.229526,45.670208],[7.229328,45.670516],[7.229239,45.670687],[7.229232,45.670894],[7.229163,45.670998],[7.229014,45.671074],[7.228829,45.671116],[7.22869,45.67111],[7.228245,45.671005],[7.228029,45.670977],[7.227875,45.670991],[7.227757,45.671048],[7.227718,45.67109],[7.22764,45.671288],[7.227619,45.671439],[7.227695,45.672056],[7.227647,45.672627],[7.227658,45.672756],[7.227706,45.672931],[7.227849,45.673175],[7.22794,45.673282],[7.22795,45.673368],[7.227889,45.673514],[7.227801,45.673645],[7.227648,45.673789],[7.227586,45.673921],[7.227582,45.674109],[7.227653,45.674714],[7.227639,45.67486],[7.227571,45.674954],[7.227143,45.67521],[7.227062,45.675285],[7.226848,45.675775],[7.226632,45.676189],[7.226552,45.676392],[7.226358,45.676774],[7.226326,45.677075],[7.226325,45.677643],[7.22619,45.678075],[7.226154,45.678824],[7.226048,45.679476],[7.22606,45.679675],[7.226115,45.679865],[7.226515,45.680769],[7.226792,45.681764],[7.22719,45.682732],[7.227544,45.683944],[7.227736,45.684417],[7.227787,45.684845],[7.227844,45.685073],[7.227957,45.685222],[7.228325,45.685483],[7.228425,45.68563],[7.228475,45.685771],[7.228512,45.685978],[7.228496,45.6863],[7.228516,45.686399],[7.228577,45.686482],[7.228928,45.686688],[7.229123,45.68689],[7.229733,45.687344],[7.229885,45.687499],[7.230022,45.687737],[7.230133,45.687861],[7.230269,45.687954],[7.230552,45.688093],[7.230668,45.688203],[7.230799,45.688565],[7.23085,45.688657],[7.231144,45.689028],[7.231188,45.689109],[7.231285,45.689468],[7.231391,45.689663],[7.232017,45.690385],[7.232181,45.690477],[7.232323,45.690501],[7.232643,45.690526],[7.232765,45.690568],[7.232817,45.690604],[7.232889,45.690707],[7.232982,45.690899],[7.233067,45.691016],[7.233236,45.691195],[7.233665,45.691536],[7.233709,45.691559],[7.233991,45.691635],[7.234076,45.691697],[7.234172,45.691981],[7.234228,45.692068],[7.234364,45.692193],[7.235861,45.693196],[7.236054,45.693285],[7.23623,45.693329],[7.236795,45.693375],[7.23704,45.693418],[7.237232,45.693482],[7.237888,45.693813],[7.238605,45.694194],[7.238824,45.694364],[7.238958,45.694513],[7.239093,45.694731],[7.239222,45.69505],[7.239355,45.695227],[7.23959,45.695395],[7.23973,45.695457],[7.239899,45.695502],[7.240186,45.695534],[7.240351,45.695525],[7.240499,45.695496],[7.240674,45.695441],[7.240832,45.695361],[7.241136,45.695116],[7.241273,45.695049],[7.241499,45.695021],[7.241626,45.695031],[7.241739,45.69506],[7.241908,45.695181],[7.242474,45.695809],[7.242557,45.695973],[7.242745,45.696492],[7.242823,45.696607],[7.242986,45.696746],[7.243232,45.696868],[7.243472,45.696923],[7.243773,45.696935],[7.244261,45.696911],[7.244493,45.696912],[7.244764,45.69695],[7.245015,45.697025],[7.245413,45.697175],[7.245707,45.697288],[7.246319,45.697525],[7.246435,45.697587],[7.246561,45.697698],[7.246624,45.697812],[7.246722,45.69831],[7.246786,45.698494],[7.246951,45.698758],[7.247196,45.699025],[7.247494,45.699284],[7.24792,45.699539],[7.248481,45.699747],[7.248637,45.699823],[7.248774,45.699916],[7.248916,45.700061],[7.249007,45.70022],[7.249042,45.700348],[7.249131,45.70109],[7.249125,45.70126],[7.249078,45.701328],[7.249008,45.701371],[7.248862,45.701401],[7.248755,45.701389],[7.248536,45.701302],[7.248046,45.701091],[7.247986,45.701066],[7.247542,45.70087],[7.246883,45.700548],[7.246774,45.700514],[7.246662,45.700505],[7.246539,45.700518],[7.246447,45.700548],[7.246338,45.70063],[7.24629,45.700736],[7.246272,45.700949],[7.246224,45.701043],[7.24617,45.701085],[7.246006,45.701127],[7.245866,45.701108],[7.244735,45.700612],[7.244327,45.700408],[7.243738,45.699979],[7.243452,45.699822],[7.243055,45.69965],[7.242734,45.699549],[7.242447,45.699496],[7.242311,45.699489],[7.242057,45.699506],[7.241397,45.699637],[7.240931,45.699706],[7.240486,45.699728],[7.240058,45.699734],[7.239842,45.699746],[7.23973,45.699753],[7.239199,45.699786],[7.239013,45.699821],[7.238957,45.699855],[7.238903,45.699925],[7.238896,45.700025],[7.238952,45.700106],[7.239049,45.700175],[7.24048,45.700941],[7.24062,45.701029],[7.240732,45.701136],[7.240817,45.701163],[7.24084,45.701203],[7.240799,45.701266],[7.240735,45.70128],[7.240759,45.701427],[7.240813,45.701508],[7.241273,45.701728],[7.241589,45.701884],[7.241827,45.702024],[7.242426,45.702459],[7.24407,45.703664],[7.244132,45.703721],[7.244198,45.703833],[7.244204,45.704077],[7.244235,45.704192],[7.244539,45.704664],[7.244878,45.705109],[7.245019,45.705229],[7.245414,45.705461],[7.245982,45.705784],[7.246167,45.705895],[7.246311,45.705998],[7.246334,45.706015],[7.246562,45.70625],[7.246673,45.706416],[7.24741,45.70781],[7.247475,45.708194],[7.247417,45.708898],[7.247462,45.709193],[7.247658,45.709727],[7.248046,45.710703],[7.248181,45.710921],[7.248369,45.711107],[7.248542,45.711225],[7.24888,45.71137],[7.249187,45.71144],[7.250571,45.71153],[7.251681,45.7116],[7.249878,45.711656],[7.249252,45.711629],[7.249015,45.711596],[7.248527,45.711488],[7.248277,45.711418],[7.248036,45.711336],[7.247748,45.711216],[7.247501,45.711099],[7.247291,45.710966],[7.247103,45.710809],[7.246892,45.710594],[7.246436,45.71022],[7.245854,45.709751],[7.245665,45.709577],[7.245415,45.709299],[7.244606,45.708576],[7.24403,45.708184],[7.243544,45.707909],[7.242952,45.707646],[7.241523,45.707098],[7.240579,45.706806],[7.23796,45.7059],[7.237551,45.705742],[7.236955,45.705486],[7.235555,45.704863],[7.235009,45.704606],[7.234234,45.704239],[7.224476,45.699612],[7.221628,45.698286],[7.22004,45.697529],[7.217433,45.696371],[7.215491,45.695719],[7.214043,45.695344],[7.212862,45.695063],[7.212219,45.694962],[7.209542,45.694651],[7.207085,45.694662],[7.205207,45.694805],[7.202836,45.695164],[7.200369,45.695674],[7.19847,45.696326],[7.197646,45.696577],[7.197377,45.696663],[7.196057,45.697098],[7.195212,45.697349],[7.194448,45.697549],[7.193839,45.697709],[7.192737,45.697924],[7.192126,45.698028],[7.190685,45.698207],[7.189904,45.698267],[7.189722,45.698278],[7.18923,45.698302],[7.188401,45.698316],[7.187094,45.698304],[7.181969,45.698207],[7.175757,45.698124],[7.168021,45.69796],[7.164599,45.69793],[7.16204,45.698027],[7.158773,45.698334],[7.157432,45.698544],[7.156149,45.698773],[7.155624,45.698886],[7.154083,45.699233],[7.150968,45.700099],[7.138769,45.703988],[7.137176,45.704512],[7.135781,45.705022],[7.134724,45.705513],[7.133399,45.706254],[7.132294,45.707048],[7.131219,45.707949],[7.124935,45.713623],[7.123285,45.714959],[7.12183,45.716046],[7.119849,45.717334],[7.11766,45.71857],[7.115783,45.719499],[7.114109,45.720286],[7.112403,45.720975],[7.11001,45.721761],[7.107318,45.722567],[7.100133,45.724477],[7.09946,45.724778],[7.098823,45.725117],[7.098224,45.725579],[7.097681,45.726058],[7.09087,45.734156],[7.089068,45.735864],[7.088081,45.73662],[7.08675,45.737451],[7.085677,45.737923],[7.084787,45.738275],[7.083939,45.738514],[7.082373,45.738784],[7.08057,45.738904],[7.079342,45.738829],[7.078049,45.738679],[7.076547,45.738485],[7.074766,45.738058],[7.071786,45.737056],[7.070958,45.736811],[7.07032,45.736661],[7.069724,45.736557],[7.069181,45.736509],[7.068303,45.736511],[7.067438,45.736571],[7.066231,45.736818],[7.064922,45.737331],[7.063828,45.738028],[7.063254,45.738589],[7.062814,45.739166],[7.062423,45.739847],[7.061721,45.74142],[7.061556,45.741773],[7.061421,45.741991],[7.060966,45.742579],[7.060789,45.742778],[7.06039,45.74316],[7.059543,45.743775],[7.058975,45.74414],[7.058543,45.744378],[7.058055,45.744613],[7.056884,45.745012],[7.056005,45.745227],[7.054542,45.745631],[7.053115,45.746066],[7.052273,45.746397],[7.051855,45.74658],[7.050879,45.74708],[7.048005,45.748916],[7.047268,45.749342],[7.0469,45.749541],[7.04648,45.749739],[7.045882,45.749973],[7.045341,45.750143],[7.044667,45.750304],[7.044315,45.750366],[7.043881,45.750427],[7.043237,45.75048],[7.042646,45.750493],[7.041765,45.750454],[7.035273,45.749906],[7.03331,45.749873],[7.031377,45.750028],[7.029537,45.750451],[7.027956,45.750928],[7.026347,45.751617],[7.024995,45.752403],[7.023869,45.753264],[7.022649,45.754443],[7.018162,45.758873],[7.014267,45.762727],[7.013333,45.763625],[7.009318,45.767627],[7.00725,45.769626],[7.005887,45.770808],[7.004267,45.771953],[7.002561,45.772881],[7.000169,45.773757],[6.996939,45.774378],[6.994321,45.774558],[6.991704,45.774475],[6.989322,45.774363],[6.986425,45.774198],[6.984901,45.774041],[6.983727,45.773959],[6.981848,45.77387],[6.981061,45.773876],[6.980288,45.77394],[6.979966,45.773987],[6.979156,45.774156],[6.978784,45.774264],[6.978404,45.774397],[6.977804,45.774653],[6.977449,45.77485],[6.97673,45.775362],[6.97636,45.775692],[6.975965,45.776089],[6.974467,45.777793],[6.973853,45.778518],[6.973006,45.779486],[6.972053,45.780559],[6.971744,45.780885],[6.97137,45.781217],[6.970593,45.781746],[6.97017,45.781998],[6.969797,45.782171],[6.969115,45.782428],[6.968759,45.782541],[6.968013,45.782762],[6.96651,45.783157],[6.965795,45.783373],[6.965083,45.783613],[6.9648,45.783704],[6.963868,45.784109],[6.963251,45.784416],[6.962607,45.78479],[6.962162,45.785074],[6.961528,45.785533],[6.960944,45.786028],[6.960601,45.786365],[6.960263,45.786728],[6.959925,45.787177],[6.959458,45.787876],[6.959109,45.788482],[6.958793,45.789185],[6.958568,45.789952],[6.958439,45.790884],[6.958466,45.791938],[6.959002,45.795679],[6.961024,45.807893],[6.961089,45.808713],[6.961008,45.809366],[6.960863,45.809874],[6.960745,45.810117],[6.96046,45.81059],[6.960119,45.811002],[6.959985,45.811138],[6.959687,45.811419],[6.959221,45.811784],[6.958289,45.812382],[6.956805,45.813208],[6.955632,45.813906],[6.955474,45.814014],[6.954751,45.814477],[6.954486,45.81467],[6.954333,45.814796],[6.954199,45.814941],[6.954095,45.815069],[6.954015,45.81522],[6.953972,45.815413],[6.953997,45.81564],[6.954059,45.815767],[6.954145,45.815877],[6.954231,45.815965],[6.9544,45.81608],[6.954655,45.816204],[6.95504,45.816341],[6.955313,45.816419],[6.955614,45.816481],[6.955936,45.81652],[6.959273,45.816638],[6.959636,45.816668],[6.959941,45.816727],[6.960278,45.816837],[6.960676,45.817041],[6.960982,45.817229],[6.961367,45.817431],[6.961534,45.817496],[6.961745,45.817548],[6.961918,45.817573],[6.962113,45.817579],[6.96237,45.817558],[6.962507,45.817532],[6.962676,45.817481],[6.963076,45.817289],[6.963279,45.817232],[6.963384,45.817223],[6.963581,45.817239],[6.96375,45.81729],[6.963898,45.817379],[6.963953,45.817431],[6.964039,45.817556],[6.964061,45.817631],[6.964041,45.817786],[6.963949,45.817926],[6.96383,45.818014],[6.963673,45.818088],[6.963505,45.818119],[6.963284,45.818108],[6.960758,45.817548],[6.960415,45.817499],[6.959622,45.817478],[6.959301,45.817432],[6.959106,45.817406],[6.958454,45.817339],[6.958001,45.817309],[6.957695,45.817293],[6.957258,45.817295],[6.957087,45.817309],[6.95528,45.817594],[6.955072,45.817631],[6.95478,45.817634],[6.954218,45.8177],[6.954052,45.817701],[6.953885,45.817672],[6.953817,45.817651],[6.953012,45.817424],[6.952961,45.81737],[6.952957,45.817286],[6.952947,45.817216],[6.952918,45.817142],[6.952843,45.817056],[6.952499,45.81687],[6.952425,45.816852],[6.952281,45.816844],[6.952114,45.81689],[6.952008,45.816953],[6.951863,45.817072],[6.951763,45.817173],[6.951665,45.817265],[6.95161,45.81738],[6.951662,45.817512],[6.951904,45.817813],[6.951927,45.817874],[6.951904,45.817961],[6.951858,45.818004],[6.9517,45.818096],[6.92958,45.838939],[6.921385,45.846741],[6.8782,45.887063],[6.875828,45.889055],[6.863493,45.900445],[6.863318,45.900586],[6.862873,45.90086],[6.862517,45.901003],[6.862108,45.901124],[6.861556,45.901204],[6.86128,45.90122],[6.861165,45.901243],[6.860815,45.90127],[6.860543,45.901263],[6.860291,45.901225],[6.859006,45.901015],[6.858356,45.900866],[6.857852,45.900736],[6.857448,45.900626],[6.856908,45.900443],[6.856359,45.900321],[6.855258,45.900188],[6.85471,45.90008],[6.854569,45.90004],[6.854434,45.899972],[6.854305,45.899877],[6.854123,45.899701],[6.854056,45.899662],[6.853924,45.899636],[6.853813,45.899643],[6.853678,45.899691],[6.853622,45.899739],[6.853578,45.899834],[6.853581,45.899897],[6.853611,45.899959],[6.853708,45.900039],[6.85384,45.900083],[6.854179,45.900155],[6.854506,45.900288],[6.854832,45.900464],[6.855126,45.900656],[6.855545,45.900992],[6.856022,45.901412],[6.856282,45.901601],[6.856751,45.901925],[6.856974,45.902077],[6.857237,45.902227],[6.857893,45.902539],[6.858762,45.902961],[6.859037,45.903123],[6.859409,45.903412],[6.85964,45.903651],[6.860237,45.904386],[6.860734,45.904878],[6.861134,45.905244],[6.86123,45.905392],[6.861225,45.905504],[6.861164,45.905603],[6.861049,45.905675],[6.860937,45.905704],[6.860755,45.905697],[6.860658,45.905667],[6.860577,45.905623],[6.860491,45.90554],[6.860057,45.905004],[6.8598,45.904787],[6.859509,45.904654],[6.859281,45.904593],[6.858488,45.904478],[6.855853,45.90408],[6.855686,45.90404],[6.855543,45.903985],[6.85542,45.903918],[6.85516,45.903737],[6.855028,45.903683],[6.854931,45.903672],[6.854817,45.903684],[6.854721,45.903712],[6.85463,45.903762],[6.854548,45.903858],[6.85453,45.903926],[6.854539,45.904021],[6.854582,45.904089],[6.854688,45.904167],[6.854924,45.904273],[6.855097,45.90437],[6.855264,45.904513],[6.855414,45.904667],[6.855649,45.90489],[6.855823,45.905041],[6.858238,45.90683],[6.858953,45.907316],[6.859511,45.907637],[6.860502,45.908129],[6.861209,45.908437],[6.86143,45.908528],[6.861978,45.908752],[6.862221,45.908825],[6.862404,45.908853],[6.863049,45.908889],[6.863201,45.908925],[6.863309,45.908985],[6.863389,45.909082],[6.863413,45.90917],[6.863387,45.909262],[6.863281,45.909362],[6.863121,45.909419],[6.862553,45.909435],[6.861187,45.909758],[6.86107,45.909778],[6.860637,45.909846],[6.860273,45.909884],[6.859583,45.909952],[6.859065,45.909984],[6.857169,45.910035],[6.856042,45.910053],[6.855367,45.910036],[6.854754,45.909986],[6.854116,45.909901],[6.853624,45.90981],[6.852772,45.909609],[6.851066,45.909084],[6.850142,45.908847],[6.848764,45.908477],[6.848257,45.908316],[6.847568,45.908068],[6.847114,45.907889],[6.846209,45.90751],[6.843036,45.906037],[6.841182,45.905194],[6.840196,45.90473],[6.839377,45.90438],[6.838524,45.904041],[6.838004,45.903854],[6.835741,45.903049],[6.834783,45.902666],[6.833875,45.902247],[6.828602,45.899556],[6.827685,45.899147],[6.826874,45.89881],[6.826733,45.898751],[6.824314,45.897738],[6.823935,45.897586],[6.823755,45.897517],[6.823217,45.897325],[6.822736,45.897188],[6.822229,45.897078],[6.821611,45.896979],[6.821284,45.896944],[6.82081,45.89692],[6.820367,45.896917],[6.819705,45.89695],[6.818986,45.897044],[6.818283,45.897186],[6.815827,45.89778],[6.815217,45.89794],[6.814733,45.898047],[6.814025,45.898162],[6.813626,45.898198],[6.813174,45.898221],[6.812434,45.898208],[6.811917,45.898156],[6.811303,45.898056],[6.811122,45.898021],[6.810742,45.89794],[6.809423,45.897615],[6.806477,45.896881],[6.802865,45.895971],[6.802213,45.89577],[6.801744,45.895564],[6.801413,45.89536],[6.801251,45.895242],[6.800834,45.894842],[6.800032,45.893975],[6.799614,45.893613],[6.799162,45.893291],[6.798808,45.893081],[6.798134,45.892738],[6.796667,45.892038],[6.796069,45.891798],[6.795309,45.891556],[6.795094,45.891505],[6.794707,45.891436],[6.794194,45.891372],[6.793863,45.891352],[6.793553,45.891347],[6.793092,45.891364],[6.792449,45.891445],[6.791794,45.891591],[6.7914,45.89172],[6.791016,45.891867],[6.790734,45.892001],[6.790322,45.892227],[6.789087,45.892963],[6.788601,45.893257],[6.788356,45.893441],[6.788055,45.893732],[6.787931,45.893882],[6.787792,45.894095],[6.787677,45.894353],[6.787492,45.895024],[6.787377,45.895412],[6.787102,45.895853],[6.786869,45.896127],[6.786332,45.896571],[6.786208,45.896728],[6.786008,45.89706],[6.785918,45.897175],[6.78571,45.89737],[6.785572,45.897459],[6.785351,45.897579],[6.784277,45.898082],[6.78405,45.898245],[6.783923,45.898379],[6.7837,45.898704],[6.783227,45.899165],[6.783114,45.899336],[6.78298,45.899632],[6.782698,45.900037],[6.78256,45.900175],[6.78186,45.900653],[6.781444,45.900988],[6.781108,45.901232],[6.780418,45.901574],[6.779288,45.902243],[6.778891,45.902501],[6.77871,45.902633],[6.778335,45.902935],[6.777995,45.903261],[6.777512,45.903777],[6.777191,45.904187],[6.776902,45.904577],[6.776313,45.905298],[6.775957,45.905831],[6.775794,45.906043],[6.775598,45.90624],[6.775397,45.906405],[6.77468,45.906911],[6.774344,45.90718],[6.774062,45.907479],[6.773852,45.90781],[6.773759,45.908018],[6.773699,45.908265],[6.773675,45.908501],[6.773686,45.908739],[6.773734,45.908979],[6.77409,45.909902],[6.774204,45.910285],[6.774227,45.91044],[6.77422,45.910824],[6.77409,45.911281],[6.773925,45.911585],[6.773641,45.911942],[6.773429,45.912157],[6.77231,45.913307],[6.772222,45.913386],[6.772072,45.913513],[6.771763,45.913754],[6.771353,45.914016],[6.770816,45.914289],[6.770239,45.914506],[6.769763,45.914645],[6.769065,45.914777],[6.768613,45.914836],[6.767079,45.914981],[6.766634,45.915037],[6.76623,45.915117],[6.765808,45.915244],[6.765353,45.915447],[6.765081,45.91561],[6.764858,45.91578],[6.764663,45.915961],[6.764483,45.916177],[6.764344,45.916397],[6.764195,45.916726],[6.763853,45.917793],[6.763432,45.918689],[6.763362,45.918915],[6.763321,45.919152],[6.763096,45.921089],[6.763068,45.921412],[6.762966,45.922293],[6.762848,45.923038],[6.762664,45.923844],[6.762485,45.924451],[6.76223,45.925047],[6.761964,45.925473],[6.761715,45.925788],[6.761413,45.926082],[6.761175,45.926278],[6.760802,45.926531],[6.760479,45.926719],[6.760245,45.926833],[6.759788,45.92701],[6.757732,45.927726],[6.757466,45.927807],[6.757253,45.92785],[6.757081,45.927877],[6.756764,45.927896],[6.756401,45.927875],[6.756045,45.927802],[6.755863,45.927745],[6.75552,45.927603],[6.754714,45.927266],[6.754456,45.927168],[6.754102,45.927034],[6.75354,45.926862],[6.753022,45.926766],[6.752643,45.926735],[6.751077,45.926728],[6.750491,45.926739],[6.75025,45.926765],[6.749946,45.92682],[6.749657,45.926896],[6.748697,45.927254],[6.747405,45.927676],[6.745242,45.928281],[6.745071,45.928317],[6.744737,45.928354],[6.744229,45.928351],[6.74396,45.928364],[6.743588,45.928436],[6.743296,45.928547],[6.742674,45.928921],[6.742536,45.928988],[6.741685,45.929297],[6.740095,45.930048],[6.739977,45.930093],[6.739154,45.930312],[6.738447,45.930629],[6.737839,45.930801],[6.736962,45.930955],[6.736634,45.931061],[6.736241,45.931241],[6.735974,45.931394],[6.735009,45.932054],[6.734868,45.932107],[6.734787,45.932116],[6.73467,45.932103],[6.734525,45.93204],[6.73444,45.931933],[6.73443,45.931852],[6.734443,45.931782],[6.734515,45.931676],[6.734939,45.931199],[6.735091,45.931043],[6.735451,45.930766],[6.735536,45.930623],[6.735544,45.930491],[6.735494,45.930371],[6.735252,45.93013],[6.735211,45.930019],[6.735223,45.929901],[6.735376,45.929532],[6.735395,45.92943],[6.735369,45.929319],[6.735262,45.929149],[6.735251,45.92906],[6.735382,45.928556],[6.735361,45.928416],[6.735175,45.928079],[6.735091,45.927826],[6.735029,45.92773],[6.734832,45.92757],[6.734429,45.927327],[6.734064,45.927111],[6.733955,45.927029],[6.733848,45.926899],[6.733829,45.926779],[6.733876,45.926407],[6.733856,45.926301],[6.733791,45.92618],[6.73366,45.926018],[6.733578,45.925868],[6.733495,45.92577],[6.733139,45.92552],[6.73285,45.925251],[6.732557,45.924845],[6.732345,45.924652],[6.732206,45.924491],[6.732141,45.924327],[6.732105,45.924133],[6.732026,45.923972],[6.73193,45.923881],[6.731612,45.923678],[6.731514,45.923545],[6.731475,45.923372],[6.731548,45.922938],[6.731541,45.922742],[6.731479,45.922593],[6.731253,45.92219],[6.731157,45.921703],[6.731044,45.921318],[6.730914,45.921029],[6.730774,45.920838],[6.73006,45.920012],[6.729411,45.919085],[6.728722,45.918033],[6.728458,45.917685],[6.728015,45.917224],[6.72731,45.916573],[6.726885,45.916216],[6.726574,45.915996],[6.725906,45.915609],[6.724857,45.915107],[6.724644,45.914987],[6.724384,45.914822],[6.723636,45.914262],[6.723217,45.914005],[6.722924,45.913868],[6.722714,45.913789],[6.722477,45.913712],[6.72162,45.913504],[6.720361,45.913049],[6.718294,45.912117],[6.717095,45.911624],[6.716692,45.911503],[6.716526,45.911472],[6.716199,45.911435],[6.714759,45.911356],[6.714255,45.911289],[6.713663,45.911164],[6.713321,45.911052],[6.713068,45.91094],[6.712827,45.910805],[6.71215,45.910332],[6.71193,45.91021],[6.711559,45.910051],[6.711366,45.90999],[6.710837,45.909867],[6.710428,45.909828],[6.710277,45.909822],[6.709512,45.909813],[6.708994,45.90983],[6.706618,45.910034],[6.705377,45.910152],[6.703597,45.910278],[6.702855,45.910316],[6.699459,45.910408],[6.697972,45.910482],[6.696965,45.910583],[6.696097,45.910719],[6.695463,45.910852],[6.694745,45.911043],[6.693935,45.911293],[6.693356,45.911495],[6.691934,45.912063],[6.690054,45.91288],[6.689868,45.912959],[6.688824,45.913404],[6.687736,45.913839],[6.686464,45.914295],[6.685253,45.914676],[6.683748,45.915094],[6.682575,45.915386],[6.679111,45.916263],[6.678479,45.916434],[6.6773,45.916782],[6.676361,45.917083],[6.675549,45.917364],[6.674544,45.917745],[6.672969,45.918381],[6.671519,45.919007],[6.669388,45.919924],[6.667545,45.920696],[6.666466,45.921129],[6.664512,45.921872],[6.6552,45.925255],[6.65366,45.925859],[6.652837,45.926217],[6.652451,45.926401],[6.651779,45.926743],[6.651297,45.927015],[6.650652,45.927419],[6.650035,45.927864],[6.6496,45.928214],[6.648898,45.928859],[6.648264,45.929524],[6.647635,45.93028],[6.647147,45.930946],[6.646255,45.932351],[6.641702,45.94008],[6.641471,45.940433],[6.641226,45.94076],[6.6405,45.941641],[6.640279,45.941902],[6.639723,45.94259],[6.639262,45.943238],[6.639122,45.943465],[6.638824,45.944027],[6.638536,45.944707],[6.638374,45.945203],[6.63819,45.945896],[6.637568,45.948711],[6.637123,45.950434],[6.635937,45.954249],[6.635444,45.955653],[6.635169,45.956326],[6.634899,45.956927],[6.634575,45.957582],[6.634259,45.958143],[6.63379,45.958884],[6.633189,45.959672],[6.632696,45.960249],[6.632123,45.960874],[6.631574,45.961435],[6.63027,45.962741],[6.629768,45.963257],[6.629261,45.963837],[6.628675,45.964611],[6.628305,45.965203],[6.628011,45.965778],[6.627738,45.966478],[6.627634,45.966822],[6.627484,45.967536],[6.627425,45.968127],[6.627426,45.968956],[6.627528,45.969884],[6.627687,45.970732],[6.627961,45.971795],[6.628435,45.973374],[6.628761,45.974587],[6.628931,45.975446],[6.629039,45.976325],[6.629057,45.976917],[6.629032,45.977642],[6.628962,45.978377],[6.628727,45.980247],[6.62862,45.981595],[6.628646,45.982548],[6.628722,45.983311],[6.628911,45.984301],[6.629822,45.987764],[6.630052,45.988847],[6.630116,45.989237],[6.630208,45.99002],[6.630255,45.990898],[6.630256,45.991411],[6.6302,45.992388],[6.629997,45.993899],[6.628777,46.00064],[6.628205,46.00364],[6.627916,46.004866],[6.627626,46.00583],[6.627141,46.007077],[6.626712,46.007955],[6.626405,46.00851],[6.625614,46.009809],[6.625555,46.009895],[6.624168,46.011996],[6.624094,46.012108],[6.619661,46.018735],[6.618541,46.020476],[6.617552,46.022119],[6.616694,46.023745],[6.616281,46.024607],[6.615565,46.026302],[6.614716,46.028506],[6.614478,46.029155],[6.61355,46.031509],[6.613083,46.032495],[6.612534,46.033461],[6.611948,46.034314],[6.611352,46.035063],[6.610961,46.035509],[6.609691,46.03682],[6.609165,46.037373],[6.608598,46.038031],[6.608433,46.03825],[6.607979,46.038952],[6.607613,46.039668],[6.60739,46.04022],[6.607001,46.041327],[6.606748,46.041982],[6.606626,46.042236],[6.606227,46.042919],[6.605977,46.043247],[6.60551,46.043771],[6.605137,46.044102],[6.604398,46.044658],[6.604063,46.044867],[6.603499,46.04517],[6.603177,46.045323],[6.602817,46.045478],[6.601767,46.045833],[6.601319,46.045959],[6.600314,46.046186],[6.597968,46.046731],[6.596609,46.04695],[6.595872,46.047129],[6.592779,46.047775],[6.590334,46.048367],[6.589486,46.048601],[6.588439,46.048913],[6.587394,46.049247],[6.586747,46.04948],[6.586117,46.049738],[6.585639,46.049953],[6.584953,46.0503],[6.584437,46.050594],[6.583951,46.050908],[6.583648,46.051132],[6.583149,46.051556],[6.582844,46.051856],[6.582447,46.052308],[6.58191,46.053021],[6.581583,46.053421],[6.581268,46.053768],[6.580901,46.054112],[6.580471,46.054461],[6.580218,46.054642],[6.579596,46.055015],[6.579288,46.055183],[6.578587,46.0555],[6.578282,46.055617],[6.577533,46.055854],[6.576744,46.056051],[6.576183,46.056156],[6.574845,46.056364],[6.573896,46.056539],[6.573541,46.056623],[6.572811,46.056848],[6.572202,46.057056],[6.571453,46.057349],[6.570721,46.057699],[6.568601,46.058793],[6.568022,46.059067],[6.567422,46.059328],[6.566259,46.059761],[6.563534,46.060654],[6.561949,46.061251],[6.561044,46.061648],[6.560126,46.062115],[6.559092,46.062694],[6.558113,46.063307],[6.554095,46.065949],[6.552835,46.066722],[6.552174,46.067093],[6.550943,46.067737],[6.550302,46.068041],[6.549482,46.068406],[6.54865,46.06874],[6.547068,46.069306],[6.545835,46.069675],[6.544746,46.069975],[6.543326,46.070297],[6.543107,46.07034],[6.542159,46.070517],[6.541482,46.070625],[6.54042,46.070768],[6.539643,46.070845],[6.539318,46.070876],[6.537991,46.070973],[6.537276,46.071007],[6.535085,46.071035],[6.533585,46.071026],[6.532078,46.070985],[6.529372,46.070858],[6.5291,46.070842],[6.527506,46.070742],[6.525537,46.070595],[6.519708,46.07012],[6.517204,46.069952],[6.515877,46.069887],[6.514026,46.069839],[6.512549,46.069828],[6.5104,46.069838],[6.507384,46.069873],[6.5056,46.069871],[6.504895,46.069861],[6.503516,46.069812],[6.50199,46.069708],[6.500958,46.069603],[6.500277,46.069516],[6.498596,46.069254],[6.491781,46.067949],[6.490495,46.067734],[6.490123,46.06768],[6.489233,46.067587],[6.488297,46.067537],[6.487347,46.067532],[6.486596,46.067567],[6.485538,46.067665],[6.484905,46.067753],[6.483641,46.067998],[6.482517,46.068275],[6.476981,46.069781],[6.475838,46.070081],[6.474598,46.070382],[6.473454,46.07063],[6.472128,46.070866],[6.47061,46.071086],[6.46911,46.071269],[6.468115,46.071373],[6.45687,46.072508],[6.454199,46.072758],[6.452826,46.072865],[6.450421,46.073007],[6.448414,46.073059],[6.446856,46.073051],[6.44602,46.073026],[6.444348,46.072931],[6.443399,46.072851],[6.44185,46.072672],[6.441151,46.072575],[6.439725,46.072344],[6.438691,46.072147],[6.437265,46.07184],[6.435564,46.071425],[6.434126,46.07104],[6.432507,46.070582],[6.430849,46.070091],[6.424261,46.068095],[6.421236,46.0672],[6.418891,46.066563],[6.417493,46.066219],[6.415935,46.065875],[6.414323,46.065568],[6.413327,46.065414],[6.412077,46.065249],[6.41058,46.065098],[6.410004,46.065056],[6.408846,46.06499],[6.407438,46.064951],[6.40663,46.064949],[6.405496,46.06497],[6.404179,46.065035],[6.402525,46.065167],[6.401571,46.065275],[6.400165,46.065471],[6.398842,46.065699],[6.397557,46.06596],[6.396004,46.066337],[6.394741,46.066693],[6.394451,46.066778],[6.393755,46.066998],[6.392506,46.067434],[6.391269,46.067914],[6.390514,46.068229],[6.389716,46.068587],[6.388965,46.068951],[6.38869,46.06909],[6.387387,46.069787],[6.386848,46.070098],[6.385953,46.07065],[6.38572,46.070799],[6.38447,46.071669],[6.383737,46.072219],[6.382572,46.073165],[6.381192,46.074373],[6.380517,46.075007],[6.378576,46.076894],[6.375389,46.080035],[6.375272,46.080143],[6.374604,46.080759],[6.373685,46.081552],[6.373152,46.081981],[6.372414,46.08254],[6.371585,46.083128],[6.370485,46.083848],[6.369718,46.084327],[6.364005,46.08775],[6.362882,46.088456],[6.362034,46.089014],[6.360424,46.090127],[6.358954,46.091216],[6.35769,46.092217],[6.356502,46.09321],[6.354921,46.094631],[6.354138,46.095382],[6.352914,46.096619],[6.351585,46.09808],[6.350825,46.098974],[6.350164,46.099786],[6.349569,46.100559],[6.345816,46.105592],[6.345322,46.106261],[6.344221,46.107691],[6.34342,46.108665],[6.342518,46.109694],[6.341701,46.110579],[6.340874,46.111424],[6.339461,46.112793],[6.338444,46.113709],[6.337352,46.114646],[6.334833,46.116688],[6.334062,46.117331],[6.333429,46.118066],[6.33327,46.118307],[6.332917,46.11885],[6.332714,46.119092],[6.332565,46.119239],[6.332304,46.119459],[6.332105,46.119596],[6.33185,46.119747],[6.331494,46.11992],[6.330965,46.120111],[6.330496,46.120225],[6.32999,46.120301],[6.329649,46.120326],[6.329132,46.120321],[6.328738,46.120284],[6.328305,46.120212],[6.327946,46.120125],[6.327386,46.119932],[6.326952,46.119717],[6.326652,46.119527],[6.326384,46.119321],[6.326103,46.119049],[6.325948,46.11886],[6.325787,46.118622],[6.325334,46.11773],[6.325112,46.117354],[6.324228,46.116265],[6.322387,46.114503],[6.32074,46.112932],[6.319887,46.112179],[6.318987,46.111468],[6.318263,46.110953],[6.31791,46.110721],[6.317124,46.110267],[6.316722,46.110039],[6.315922,46.109621],[6.315267,46.109302],[6.312671,46.108101],[6.311664,46.107618],[6.310546,46.107044],[6.309582,46.106486],[6.308948,46.106086],[6.307969,46.105405],[6.307121,46.104733],[6.305354,46.103243],[6.304646,46.102684],[6.30415,46.102316],[6.303169,46.101694],[6.302498,46.101324],[6.301812,46.100983],[6.300961,46.100614],[6.300209,46.100329],[6.299441,46.100076],[6.298979,46.099942],[6.296629,46.099303],[6.295729,46.099008],[6.295146,46.09878],[6.294486,46.098477],[6.293843,46.098124],[6.293581,46.097963],[6.293024,46.097585],[6.292766,46.097389],[6.292229,46.096925],[6.292135,46.096837],[6.291778,46.09647],[6.291412,46.096038],[6.291005,46.095465],[6.290589,46.094769],[6.290192,46.093974],[6.28999,46.093492],[6.28969,46.092602],[6.289551,46.092084],[6.288795,46.088705],[6.288318,46.086467],[6.288207,46.085636],[6.288178,46.085296],[6.288165,46.084721],[6.288184,46.084161],[6.288237,46.083584],[6.288406,46.08263],[6.288513,46.082185],[6.288662,46.081709],[6.288965,46.080869],[6.289764,46.078838],[6.290061,46.077981],[6.290253,46.077341],[6.290449,46.076572],[6.290535,46.076128],[6.290621,46.0755],[6.29064,46.075154],[6.290629,46.074499],[6.290569,46.073973],[6.290476,46.073502],[6.290375,46.073127],[6.28958,46.070808],[6.289389,46.07002],[6.289306,46.069484],[6.289252,46.068744],[6.289268,46.06812],[6.289326,46.067517],[6.289432,46.06693],[6.289547,46.066477],[6.2897,46.065997],[6.290119,46.065011],[6.291106,46.063071],[6.291525,46.062179],[6.291651,46.061855],[6.291793,46.061395],[6.291879,46.060969],[6.291914,46.060617],[6.291916,46.060159],[6.291862,46.059673],[6.291758,46.059222],[6.291575,46.058704],[6.291344,46.058209],[6.291099,46.057771],[6.289802,46.055638],[6.289248,46.054738],[6.288122,46.052915],[6.287697,46.052269],[6.287278,46.051707],[6.286878,46.051242],[6.286616,46.050979],[6.286196,46.050612],[6.285674,46.050229],[6.285195,46.049932],[6.284707,46.049669],[6.28383,46.049278],[6.283311,46.049079],[6.282418,46.048776],[6.281813,46.04859],[6.280823,46.048319],[6.279954,46.048108],[6.278988,46.047905],[6.277342,46.047627],[6.276249,46.047483],[6.274618,46.047296],[6.273098,46.047136],[6.272204,46.047059],[6.271617,46.047026],[6.2708,46.047015],[6.270101,46.047034],[6.269268,46.047078],[6.269087,46.047089],[6.26753,46.047183],[6.266402,46.0472],[6.265436,46.047155],[6.264877,46.047095],[6.264387,46.047024],[6.2638,46.046906],[6.263334,46.046794],[6.262807,46.046645],[6.262289,46.046469],[6.261864,46.046301],[6.261287,46.04604],[6.260233,46.045487],[6.258948,46.044742],[6.258046,46.044245],[6.257099,46.043764],[6.256259,46.04339],[6.255485,46.043083],[6.254763,46.04282],[6.251587,46.041756],[6.245673,46.039787],[6.244213,46.039284],[6.243348,46.038926],[6.242517,46.038519],[6.242137,46.038308],[6.241513,46.03791],[6.240922,46.037478],[6.24027,46.036939],[6.23901,46.035833],[6.238566,46.035474],[6.238102,46.035127],[6.236289,46.033862],[6.235629,46.033344],[6.235114,46.032868],[6.234773,46.032503],[6.233493,46.030966],[6.232955,46.030354],[6.232274,46.029658],[6.229542,46.026989],[6.22884,46.026342],[6.228402,46.026005],[6.227896,46.025697],[6.227363,46.025428],[6.226779,46.025194],[6.226482,46.025095],[6.22586,46.024929],[6.225224,46.024808],[6.224625,46.024737],[6.217772,46.024314],[6.216954,46.024248],[6.216254,46.024174],[6.215639,46.024081],[6.214828,46.023919],[6.213995,46.023716],[6.212433,46.023277],[6.209941,46.022583],[6.208911,46.022285],[6.208081,46.021994],[6.207554,46.021764],[6.206796,46.021372],[6.206074,46.020932],[6.205043,46.020234],[6.204001,46.019506],[6.203209,46.018899],[6.202839,46.018564],[6.202486,46.018215],[6.202144,46.017818],[6.201764,46.017298],[6.201428,46.016729],[6.201214,46.016324],[6.200609,46.015097],[6.200214,46.014444],[6.199992,46.014149],[6.199638,46.013752],[6.199215,46.013357],[6.198782,46.013017],[6.198295,46.012697],[6.197743,46.012393],[6.197452,46.012256],[6.196752,46.011975],[6.196254,46.011814],[6.195163,46.011541],[6.193093,46.011122],[6.191892,46.010845],[6.191013,46.010589],[6.190225,46.010316],[6.189885,46.010182],[6.188947,46.00977],[6.188002,46.00927],[6.187218,46.008777],[6.185622,46.007655],[6.184265,46.00674],[6.183329,46.006171],[6.182273,46.005593],[6.181368,46.005145],[6.180853,46.004903],[6.179483,46.004313],[6.172632,46.001502],[6.171552,46.001074],[6.169348,46.000235],[6.167152,45.999438],[6.165184,45.998751],[6.16367,45.998246],[6.161697,45.997605],[6.16057,45.997254],[6.159448,45.996961],[6.15877,45.996822],[6.158328,45.996746],[6.157341,45.996621],[6.156358,45.996566],[6.156025,45.996566],[6.155359,45.996599],[6.155023,45.996629],[6.154382,45.996718],[6.153743,45.996846],[6.153437,45.996924],[6.152817,45.997115],[6.152243,45.997334],[6.151695,45.997587],[6.151177,45.997874],[6.150695,45.998191],[6.150237,45.998532],[6.149805,45.998883],[6.148694,45.99984],[6.14802,46.000363],[6.147524,46.000702],[6.147133,46.000947],[6.146738,46.001173],[6.146059,46.001522],[6.145409,46.001817],[6.144472,46.002198],[6.143794,46.002449],[6.142888,46.002757],[6.142019,46.003026],[6.141254,46.003238],[6.140279,46.003481],[6.139576,46.003639],[6.138383,46.00387],[6.136895,46.004101],[6.135739,46.004235],[6.135086,46.004285],[6.134415,46.004314],[6.133739,46.004311],[6.133076,46.004272],[6.13274,46.004237],[6.132081,46.004132],[6.131463,46.003984],[6.131128,46.003884],[6.128959,46.003186],[6.128528,46.00302],[6.127996,46.002761],[6.127733,46.002601],[6.127491,46.002439],[6.127084,46.002102],[6.126928,46.001948],[6.126604,46.00157],[6.126359,46.001199],[6.126147,46.000695],[6.12605,46.000282],[6.126009,45.99967],[6.126237,45.994699],[6.12636,45.993901],[6.1265,45.99318],[6.126557,45.992739],[6.126756,45.991745],[6.126869,45.991024],[6.127133,45.989762],[6.127147,45.989696],[6.127158,45.989653],[6.127725,45.987408],[6.127831,45.98686],[6.128125,45.985901],[6.13083,45.978651],[6.131226,45.977563],[6.131375,45.977062],[6.131584,45.976167],[6.131707,45.975239],[6.131738,45.97421],[6.131684,45.973186],[6.13144,45.970115],[6.131345,45.969171],[6.131258,45.968698],[6.131134,45.96821],[6.130554,45.966381],[6.130451,45.965897],[6.130401,45.965473],[6.130385,45.964973],[6.130419,45.964446],[6.130729,45.962132],[6.130798,45.961308],[6.130802,45.960241],[6.13071,45.95926],[6.130583,45.958615],[6.130364,45.957904],[6.13001,45.957108],[6.129691,45.956556],[6.129487,45.956247],[6.129127,45.955767],[6.128718,45.955296],[6.128288,45.95486],[6.128011,45.954607],[6.127464,45.954154],[6.126827,45.953707],[6.126361,45.953423],[6.126035,45.953244],[6.125349,45.95291],[6.124688,45.952645],[6.124243,45.952489],[6.123575,45.952289],[6.122819,45.952105],[6.122182,45.951989],[6.121086,45.951848],[6.118873,45.951645],[6.117889,45.951526],[6.117244,45.951427],[6.116348,45.951245],[6.115634,45.951048],[6.115347,45.950955],[6.11492,45.950793],[6.114277,45.950494],[6.113846,45.950249],[6.113605,45.950091],[6.113363,45.949914],[6.112921,45.949534],[6.112538,45.949123],[6.112369,45.948904],[6.112219,45.948685],[6.111985,45.948251],[6.111877,45.947997],[6.111751,45.947602],[6.111698,45.947373],[6.111633,45.946848],[6.111649,45.946105],[6.111691,45.945796],[6.111811,45.945231],[6.112086,45.944422],[6.112393,45.943768],[6.112956,45.94282],[6.114127,45.940953],[6.114448,45.940368],[6.114618,45.940009],[6.114832,45.939487],[6.115044,45.938753],[6.115125,45.938325],[6.115169,45.937999],[6.115206,45.937366],[6.115193,45.936938],[6.115113,45.936265],[6.114982,45.935657],[6.114876,45.935299],[6.114834,45.935174],[6.114421,45.934188],[6.113685,45.932779],[6.113379,45.932182],[6.112382,45.930517],[6.111889,45.929793],[6.111172,45.928853],[6.110457,45.928011],[6.109792,45.927296],[6.109116,45.926622],[6.105494,45.923195],[6.104708,45.92242],[6.103976,45.921641],[6.102753,45.920247],[6.09853,45.915244],[6.097765,45.914227],[6.097543,45.913906],[6.097311,45.913558],[6.09685,45.912767],[6.096317,45.91167],[6.095874,45.910539],[6.095702,45.910142],[6.095542,45.909703],[6.095071,45.908467],[6.094366,45.90669],[6.09408,45.905997],[6.093779,45.905376],[6.093413,45.904747],[6.093123,45.904321],[6.092586,45.903605],[6.090586,45.901228],[6.089753,45.900217],[6.089453,45.89982],[6.088802,45.898862],[6.088201,45.897917],[6.087312,45.896117],[6.086886,45.895185],[6.085822,45.892698],[6.085455,45.891855],[6.084834,45.890575],[6.084598,45.890125],[6.08396,45.889005],[6.083336,45.888027],[6.082924,45.887432],[6.082463,45.886806],[6.081677,45.885832],[6.081039,45.885081],[6.079928,45.883915],[6.079462,45.883466],[6.078489,45.882581],[6.076714,45.881089],[6.074066,45.878908],[6.066491,45.872674],[6.063338,45.870075],[6.062719,45.869547],[6.061568,45.86852],[6.061065,45.868035],[6.060408,45.86736],[6.059819,45.866685],[6.059435,45.866215],[6.058859,45.865432],[6.058241,45.864466],[6.057921,45.863903],[6.057618,45.863309],[6.057105,45.862109],[6.056837,45.861312],[6.056704,45.860845],[6.056488,45.859882],[6.056344,45.858901],[6.056272,45.85789],[6.056262,45.856508],[6.056298,45.855388],[6.056471,45.852229],[6.056518,45.851207],[6.056642,45.848762],[6.056743,45.846617],[6.056751,45.845756],[6.056721,45.845067],[6.056654,45.844353],[6.056551,45.843704],[6.056381,45.842977],[6.05626,45.842559],[6.055921,45.841621],[6.055698,45.841125],[6.055342,45.840433],[6.054974,45.839812],[6.054722,45.839425],[6.054347,45.838903],[6.053935,45.838389],[6.05342,45.837803],[6.052868,45.837244],[6.052238,45.836664],[6.051599,45.836132],[6.050687,45.835456],[6.049608,45.834742],[6.048893,45.8343],[6.042333,45.830468],[6.041572,45.830042],[6.040074,45.829252],[6.038548,45.828523],[6.037015,45.827863],[6.035504,45.827271],[6.030731,45.825526],[6.029397,45.825061],[6.027601,45.824396],[6.024418,45.823249],[6.019827,45.821593],[6.015271,45.819969],[6.01354,45.819377],[6.013181,45.819256],[6.011758,45.8188],[6.008738,45.81786],[6.005678,45.816891],[6.003587,45.816238],[6.00315,45.816101],[5.997629,45.814356],[5.995114,45.813515],[5.992878,45.812692],[5.991582,45.812168],[5.990364,45.811635],[5.989721,45.811339],[5.988394,45.810682],[5.987617,45.810275],[5.986083,45.809414],[5.984523,45.808449],[5.983716,45.807918],[5.982561,45.807104],[5.981638,45.806416],[5.980481,45.805505],[5.979266,45.804501],[5.977061,45.802615],[5.976303,45.801904],[5.976018,45.801613],[5.975587,45.801114],[5.975323,45.800772],[5.97504,45.800363],[5.974829,45.800018],[5.974054,45.798632],[5.97368,45.798031],[5.973165,45.797339],[5.971389,45.795167],[5.970848,45.794471],[5.970143,45.79349],[5.969133,45.791942],[5.966944,45.788396],[5.966208,45.787216],[5.964859,45.784993],[5.964104,45.783694],[5.963171,45.782012],[5.962595,45.780909],[5.961738,45.779114],[5.961232,45.777925],[5.960813,45.776843],[5.960327,45.775434],[5.95984,45.773912],[5.958444,45.769142],[5.958059,45.76804],[5.957693,45.76715],[5.957323,45.766361],[5.956841,45.765459],[5.956328,45.764602],[5.955988,45.764082],[5.955644,45.763583],[5.954908,45.762611],[5.953925,45.761467],[5.953277,45.760786],[5.952274,45.759823],[5.951156,45.758859],[5.950361,45.758233],[5.949529,45.757622],[5.948728,45.757072],[5.947896,45.75653],[5.94522,45.754842],[5.944343,45.754249],[5.943306,45.753487],[5.941072,45.75172],[5.940595,45.751371],[5.939704,45.750773],[5.938791,45.750239],[5.938291,45.749971],[5.937422,45.749551],[5.936416,45.749112],[5.934031,45.748145],[5.933221,45.747793],[5.932619,45.747509],[5.931538,45.74694],[5.930577,45.746357],[5.930114,45.746041],[5.929727,45.74577],[5.928955,45.745164],[5.928548,45.744818],[5.927936,45.744248],[5.927464,45.743757],[5.926971,45.743193],[5.926679,45.742824],[5.92617,45.742113],[5.92558,45.741149],[5.925308,45.740634],[5.925029,45.740073],[5.92479,45.739533],[5.924433,45.738646],[5.924092,45.73763],[5.923768,45.736351],[5.923652,45.735765],[5.92348,45.734493],[5.923404,45.733261],[5.923394,45.732633],[5.92343,45.731102],[5.92353,45.729537],[5.924053,45.72301],[5.924085,45.722592],[5.924148,45.721604],[5.92418,45.720059],[5.924164,45.71945],[5.924115,45.718727],[5.923994,45.717668],[5.923859,45.716682],[5.923663,45.715138],[5.923607,45.714041],[5.923639,45.713287],[5.923684,45.71289],[5.923798,45.712196],[5.923989,45.711368],[5.924218,45.710683],[5.92439,45.710239],[5.924698,45.709565],[5.925051,45.708902],[5.925874,45.707599],[5.926697,45.706378],[5.927363,45.705332],[5.927758,45.704646],[5.928102,45.703999],[5.928524,45.703072],[5.92881,45.702312],[5.929032,45.7016],[5.9292,45.700937],[5.929393,45.699894],[5.929702,45.697451],[5.929821,45.696708],[5.929908,45.696275],[5.930142,45.69536],[5.930454,45.694406],[5.931652,45.69126],[5.93194,45.690405],[5.932126,45.689719],[5.932289,45.688953],[5.932395,45.688259],[5.932467,45.687534],[5.932503,45.686881],[5.932498,45.686264],[5.932442,45.685632],[5.93234,45.685053],[5.932193,45.684487],[5.931685,45.682929],[5.931414,45.681957],[5.931285,45.68136],[5.930922,45.679323],[5.930669,45.67833],[5.930464,45.677705],[5.930258,45.677168],[5.929911,45.6764],[5.929583,45.675764],[5.928903,45.674668],[5.9275,45.672684],[5.926975,45.671913],[5.926686,45.671444],[5.92613,45.670439],[5.925835,45.669805],[5.925626,45.669278],[5.925404,45.668615],[5.925295,45.668198],[5.925183,45.667584],[5.925118,45.666992],[5.925095,45.66618],[5.925121,45.665581],[5.925177,45.664959],[5.925274,45.664248],[5.925429,45.66341],[5.925594,45.662663],[5.926262,45.660081],[5.92647,45.659063],[5.926563,45.658387],[5.926602,45.657785],[5.926582,45.656945],[5.926486,45.656195],[5.92629,45.655328],[5.926043,45.654591],[5.925847,45.654105],[5.925623,45.653633],[5.925328,45.653107],[5.924873,45.652397],[5.924236,45.651591],[5.923603,45.650878],[5.922713,45.649902],[5.922028,45.649051],[5.921505,45.648263],[5.921228,45.64776],[5.920994,45.647264],[5.920699,45.646478],[5.920471,45.645621],[5.920322,45.644729],[5.920238,45.643679],[5.920215,45.643051],[5.92021,45.642664],[5.920195,45.640407],[5.920169,45.640018],[5.920071,45.639256],[5.919891,45.63852],[5.919685,45.637928],[5.919328,45.637185],[5.919049,45.636717],[5.918693,45.636204],[5.918146,45.635549],[5.917571,45.634974],[5.917312,45.634743],[5.916808,45.634336],[5.91608,45.633823],[5.915491,45.63346],[5.914769,45.633075],[5.914284,45.632851],[5.913697,45.632603],[5.913247,45.632437],[5.91241,45.632157],[5.91152,45.631918],[5.910969,45.631795],[5.908683,45.631375],[5.907587,45.631131],[5.906825,45.630915],[5.906393,45.630775],[5.905541,45.630462],[5.904965,45.63021],[5.904329,45.629902],[5.903924,45.629682],[5.903097,45.629171],[5.902519,45.628757],[5.902197,45.628499],[5.901785,45.628137],[5.901253,45.627599],[5.9009,45.627177],[5.900529,45.626651],[5.900201,45.626061],[5.899983,45.625558],[5.899867,45.625212],[5.899712,45.624544],[5.899474,45.622729],[5.899364,45.622182],[5.899218,45.621673],[5.898883,45.620848],[5.898116,45.619379],[5.897822,45.618739],[5.897557,45.617973],[5.897023,45.61617],[5.896756,45.615399],[5.896468,45.614691],[5.896121,45.613964],[5.895828,45.613415],[5.895526,45.612898],[5.895041,45.612149],[5.894522,45.611445],[5.894151,45.610988],[5.893572,45.610356],[5.892926,45.60975],[5.892374,45.609295],[5.891547,45.608677],[5.891111,45.60838],[5.889183,45.607159],[5.888755,45.606903],[5.888225,45.606591],[5.887418,45.606128],[5.886368,45.605559],[5.885493,45.605124],[5.885195,45.60498],[5.88496,45.604868],[5.884227,45.604543],[5.884042,45.604465],[5.883912,45.604411],[5.882835,45.603997],[5.882322,45.60382],[5.881139,45.603462],[5.880362,45.603276],[5.879643,45.603145],[5.878678,45.602983],[5.878208,45.602922],[5.877278,45.602833],[5.876173,45.602789],[5.875189,45.6028],[5.874624,45.602821],[5.873693,45.602895],[5.87272,45.603028],[5.871864,45.603188],[5.870855,45.603428],[5.869822,45.603736],[5.868774,45.604075],[5.868121,45.604258],[5.867407,45.604417],[5.866884,45.604504],[5.866279,45.604576],[5.865466,45.604628],[5.864769,45.604635],[5.864099,45.604602],[5.863512,45.604546],[5.862833,45.604442],[5.862166,45.604305],[5.861659,45.604175],[5.861064,45.603989],[5.860466,45.603764],[5.859865,45.603493],[5.859171,45.603116],[5.858469,45.602647],[5.858101,45.602355],[5.857799,45.602088],[5.857388,45.601657],[5.857249,45.601502],[5.856807,45.600901],[5.856655,45.60065],[5.856418,45.600185],[5.856228,45.59972],[5.85611,45.599347],[5.856024,45.599036],[5.855926,45.598557],[5.855823,45.597642],[5.855794,45.596575],[5.855868,45.595425],[5.85607,45.593921],[5.856084,45.593803],[5.856316,45.59224],[5.856401,45.591407],[5.856453,45.590245],[5.856437,45.589582],[5.856357,45.588773],[5.856266,45.5881],[5.856119,45.587365],[5.855872,45.586541],[5.855422,45.585292],[5.85498,45.58439],[5.854725,45.583983],[5.854557,45.583751],[5.854166,45.583268],[5.853836,45.5829],[5.853774,45.582833],[5.853406,45.582487],[5.85306,45.582191],[5.852492,45.581764],[5.851908,45.581383],[5.851408,45.581098],[5.850725,45.580762],[5.85006,45.580472],[5.849412,45.580245],[5.84904,45.580132],[5.848059,45.579891],[5.84704,45.579684],[5.844836,45.579287],[5.841465,45.578785],[5.840014,45.578654],[5.838013,45.578494],[5.836656,45.578434],[5.834796,45.578429],[5.832536,45.578486],[5.826947,45.57876],[5.818942,45.579321],[5.815958,45.579447],[5.808812,45.579845],[5.807058,45.579916],[5.8045,45.579944],[5.802916,45.579867],[5.80226,45.579811],[5.801295,45.579702],[5.800277,45.579547],[5.799538,45.579408],[5.798778,45.579243],[5.798033,45.579058],[5.797876,45.579017],[5.796668,45.578651],[5.795673,45.578278],[5.795152,45.578052],[5.794626,45.577783],[5.793912,45.577351],[5.793584,45.577114],[5.793188,45.57679],[5.792859,45.576477],[5.792506,45.576085],[5.792262,45.575775],[5.791989,45.575371],[5.791831,45.575059],[5.791705,45.574824],[5.791499,45.574189],[5.791401,45.573673],[5.791379,45.573453],[5.791365,45.573215],[5.791376,45.572717],[5.791478,45.571668],[5.791528,45.571146],[5.791502,45.570546],[5.791487,45.570375],[5.791473,45.570289],[5.791386,45.569848],[5.791285,45.569543],[5.791164,45.569248],[5.790962,45.568859],[5.79073,45.568493],[5.790419,45.568088],[5.790139,45.567791],[5.789736,45.567425],[5.789109,45.566959],[5.788386,45.566523],[5.787986,45.566317],[5.787267,45.565998],[5.786565,45.565734],[5.785874,45.565493],[5.785179,45.565285],[5.784499,45.565101],[5.783845,45.564931],[5.781963,45.56449],[5.780258,45.564142],[5.778857,45.563897],[5.777449,45.56368],[5.776361,45.563535],[5.774389,45.563331],[5.772809,45.563205],[5.772662,45.563195],[5.771867,45.563139],[5.768596,45.562958],[5.767827,45.562901],[5.767093,45.562829],[5.766347,45.562723],[5.765214,45.562486],[5.764734,45.562358],[5.763806,45.562064],[5.763426,45.56192],[5.762349,45.56145],[5.761714,45.561108],[5.761422,45.560938],[5.760805,45.560524],[5.760255,45.560103],[5.759853,45.559758],[5.759468,45.559391],[5.759125,45.559013],[5.758814,45.558636],[5.758289,45.557896],[5.757362,45.556535],[5.757091,45.556186],[5.756884,45.555967],[5.756566,45.55567],[5.756187,45.555366],[5.75582,45.555119],[5.755426,45.554884],[5.754812,45.554609],[5.754452,45.554476],[5.754073,45.554353],[5.75347,45.554212],[5.752948,45.554124],[5.752516,45.554073],[5.752051,45.554047],[5.751035,45.554063],[5.75054,45.554089],[5.749757,45.554174],[5.748923,45.554304],[5.732046,45.557556],[5.729181,45.557998],[5.728637,45.558068],[5.727755,45.558142],[5.727239,45.558159],[5.726805,45.558154],[5.726299,45.55812],[5.72579,45.558053],[5.725229,45.557946],[5.724612,45.557804],[5.723685,45.557541],[5.722753,45.557296],[5.722365,45.557205],[5.721972,45.557132],[5.721659,45.557085],[5.72101,45.557029],[5.72071,45.557016],[5.719913,45.557035],[5.719827,45.557041],[5.719027,45.557136],[5.717577,45.557402],[5.717158,45.557462],[5.716234,45.557541],[5.714673,45.557626],[5.713594,45.557732],[5.7128,45.557848],[5.712065,45.55799],[5.711228,45.558194],[5.710387,45.558444],[5.709574,45.558732],[5.708102,45.559276],[5.706608,45.55979],[5.705368,45.560145],[5.704303,45.560401],[5.703735,45.560512],[5.703649,45.560529],[5.702575,45.560718],[5.701987,45.5608],[5.700451,45.560966],[5.699164,45.561035],[5.697796,45.561044],[5.694196,45.560973],[5.693275,45.560974],[5.691937,45.561028],[5.691095,45.561094],[5.690301,45.561174],[5.689079,45.56135],[5.68895,45.561369],[5.687846,45.561578],[5.686818,45.561817],[5.685588,45.562125],[5.684372,45.562456],[5.682993,45.56286],[5.681727,45.563257],[5.679439,45.564023],[5.678178,45.564491],[5.677338,45.564821],[5.676211,45.565318],[5.675094,45.565862],[5.673666,45.566627],[5.671204,45.567988],[5.671084,45.568053],[5.669,45.569149],[5.667865,45.569711],[5.665973,45.570567],[5.665113,45.570912],[5.663894,45.571345],[5.662484,45.571747],[5.66157,45.571962],[5.66141,45.571997],[5.6607,45.572138],[5.659788,45.572292],[5.658337,45.572465],[5.656121,45.572634],[5.653401,45.572861],[5.65178,45.573036],[5.650206,45.573228],[5.649183,45.57338],[5.647974,45.573584],[5.646701,45.57383],[5.645649,45.574064],[5.644595,45.574329],[5.643581,45.57461],[5.642545,45.57492],[5.640921,45.575441],[5.638183,45.576357],[5.636932,45.576772],[5.635162,45.577328],[5.63354,45.577795],[5.632006,45.578171],[5.630594,45.57846],[5.629933,45.578569],[5.629109,45.578692],[5.627411,45.578888],[5.625789,45.578996],[5.624917,45.579019],[5.623356,45.579017],[5.622557,45.578993],[5.621873,45.578954],[5.620416,45.578841],[5.619657,45.578752],[5.618429,45.578585],[5.617066,45.57833],[5.615808,45.578054],[5.614633,45.577754],[5.613947,45.577543],[5.612594,45.577087],[5.611869,45.576823],[5.610518,45.576262],[5.609028,45.575586],[5.607546,45.574877],[5.60508,45.5737],[5.604366,45.573374],[5.603406,45.572965],[5.602488,45.572608],[5.602062,45.572459],[5.600905,45.572068],[5.600055,45.571821],[5.599121,45.571572],[5.59801,45.57132],[5.596881,45.571097],[5.595931,45.57094],[5.594981,45.570806],[5.594063,45.570706],[5.593153,45.570631],[5.591832,45.570551],[5.590504,45.570494],[5.587822,45.570412],[5.586551,45.570345],[5.585041,45.57021],[5.581357,45.569808],[5.580163,45.569698],[5.578481,45.569574],[5.577801,45.569542],[5.576446,45.569511],[5.575598,45.569512],[5.574763,45.569532],[5.572995,45.569609],[5.572194,45.569667],[5.571369,45.569745],[5.569915,45.569897],[5.566555,45.570287],[5.565045,45.570446],[5.564222,45.570516],[5.562556,45.570609],[5.56146,45.570638],[5.560625,45.570631],[5.559463,45.570592],[5.558587,45.570538],[5.557205,45.57041],[5.556298,45.570298],[5.555269,45.570139],[5.554285,45.569964],[5.553208,45.569741],[5.55036,45.569101],[5.54747,45.568457],[5.545311,45.568009],[5.543393,45.567644],[5.542198,45.567434],[5.540996,45.567233],[5.538547,45.566875],[5.537359,45.566717],[5.534718,45.566412],[5.534506,45.566394],[5.533287,45.566307],[5.530237,45.566206],[5.529089,45.566123],[5.528519,45.566049],[5.527999,45.565972],[5.527034,45.565775],[5.524707,45.56519],[5.523552,45.564921],[5.522983,45.564809],[5.522123,45.564659],[5.521093,45.56451],[5.520279,45.564417],[5.519425,45.56434],[5.517445,45.564241],[5.516113,45.564222],[5.514718,45.564231],[5.508112,45.564435],[5.507211,45.564442],[5.50621,45.564421],[5.504957,45.564373],[5.503944,45.564304],[5.503,45.564224],[5.499533,45.563873],[5.497638,45.563706],[5.496133,45.563609],[5.494551,45.563551],[5.493938,45.563543],[5.492374,45.563546],[5.488964,45.563625],[5.488059,45.563635],[5.487148,45.563621],[5.486105,45.563564],[5.485251,45.563477],[5.484391,45.563357],[5.482983,45.563118],[5.477217,45.561993],[5.47621,45.561763],[5.475131,45.561485],[5.474019,45.561133],[5.471644,45.560296],[5.471088,45.560093],[5.468135,45.55903],[5.467075,45.558714],[5.463256,45.557735],[5.462481,45.557576],[5.461773,45.557458],[5.461084,45.557368],[5.460475,45.557325],[5.459869,45.557308],[5.459244,45.557313],[5.458681,45.557345],[5.457984,45.55742],[5.457446,45.557501],[5.456456,45.557699],[5.455809,45.557863],[5.455071,45.558071],[5.453713,45.558484],[5.452965,45.558683],[5.451859,45.558935],[5.451399,45.559014],[5.450531,45.559122],[5.450133,45.55915],[5.448465,45.559211],[5.447411,45.559279],[5.447012,45.559323],[5.445947,45.559502],[5.445124,45.559717],[5.444421,45.559937],[5.44282,45.560491],[5.442311,45.560638],[5.441838,45.560753],[5.441217,45.560875],[5.44058,45.560966],[5.439767,45.561032],[5.439452,45.561044],[5.438902,45.561048],[5.43841,45.561034],[5.436876,45.560949],[5.436093,45.560901],[5.434909,45.560831],[5.434335,45.560813],[5.433333,45.560804],[5.430465,45.56083],[5.428674,45.560853],[5.423753,45.560857],[5.422032,45.560815],[5.420318,45.560753],[5.417255,45.560603],[5.395513,45.559372],[5.394803,45.55934],[5.39349,45.559329],[5.39178,45.559404],[5.390833,45.559497],[5.389902,45.559612],[5.388991,45.559763],[5.388206,45.559923],[5.387028,45.560207],[5.384481,45.560881],[5.38339,45.561131],[5.381883,45.561392],[5.380139,45.5616],[5.377359,45.561833],[5.376219,45.561962],[5.375441,45.562078],[5.368869,45.563268],[5.367179,45.563556],[5.365599,45.56379],[5.364235,45.563949],[5.363002,45.564067],[5.361577,45.564181],[5.358166,45.564413],[5.356055,45.564584],[5.354546,45.564743],[5.353293,45.564909],[5.352308,45.56506],[5.351356,45.565226],[5.349945,45.565505],[5.348538,45.565822],[5.347874,45.565989],[5.346764,45.566286],[5.345656,45.56661],[5.343953,45.567167],[5.339927,45.568588],[5.33853,45.569119],[5.335743,45.570105],[5.333752,45.570782],[5.332984,45.571017],[5.332582,45.571128],[5.331703,45.571338],[5.330751,45.571518],[5.329893,45.571641],[5.328698,45.571762],[5.327978,45.571808],[5.327181,45.571839],[5.325483,45.571868],[5.322833,45.571874],[5.322168,45.571886],[5.320985,45.571936],[5.319676,45.572031],[5.31882,45.572119],[5.318002,45.572224],[5.316876,45.572399],[5.315607,45.572648],[5.314891,45.572806],[5.313408,45.573191],[5.312701,45.573398],[5.311691,45.573727],[5.310614,45.574123],[5.310006,45.574373],[5.309407,45.574646],[5.308764,45.574968],[5.308439,45.575146],[5.307827,45.57552],[5.307514,45.57573],[5.306897,45.576192],[5.306476,45.576548],[5.306117,45.576885],[5.305695,45.577332],[5.3053,45.577803],[5.304999,45.57822],[5.304732,45.578641],[5.304394,45.57927],[5.30412,45.579914],[5.303896,45.580541],[5.30362,45.581474],[5.303539,45.581787],[5.303453,45.582104],[5.303368,45.582418],[5.303012,45.583702],[5.302773,45.584482],[5.302508,45.585145],[5.302352,45.585478],[5.302169,45.585843],[5.301747,45.58659],[5.301208,45.58734],[5.300553,45.588145],[5.299874,45.588874],[5.299108,45.589588],[5.298314,45.590243],[5.297548,45.590799],[5.296647,45.591365],[5.295824,45.591837],[5.294938,45.592288],[5.293869,45.592766],[5.292657,45.593247],[5.291008,45.593776],[5.287887,45.594442],[5.284603,45.595182],[5.283475,45.595471],[5.282201,45.595843],[5.280461,45.596408],[5.279006,45.596935],[5.276328,45.598019],[5.274261,45.59889],[5.272833,45.599446],[5.272261,45.599696],[5.271202,45.600082],[5.270089,45.600444],[5.269156,45.600711],[5.268053,45.600995],[5.266914,45.601259],[5.266153,45.601427],[5.24225,45.606258],[5.233866,45.607953],[5.231535,45.608471],[5.22925,45.609039],[5.227092,45.609641],[5.223125,45.610828],[5.221784,45.611215],[5.220399,45.611576],[5.218994,45.611882],[5.218246,45.61206],[5.217538,45.612211],[5.216569,45.612386],[5.214941,45.612681],[5.21475,45.612745],[5.214578,45.612776],[5.214143,45.612893],[5.214028,45.61292],[5.213393,45.613245],[5.213311,45.613289],[5.213233,45.613328],[5.213205,45.61332]]},"properties":{"couleur":"#8a6a4f","jour":"2026-08-15","mode":"route","source":"heritee"}},{"type":"Feature","geometry":{"type":"Point","coordinates":[13.648,46.201]},"properties":{"fiabilite":"haute","id":"GOPR2699","jour":"2026-08-02","origine_position":"override"}},{"type":"Feature","geometry":{"type":"Point","coordinates":[13.648,46.201]},"properties":{"fiabilite":"haute","id":"GOPR2700","jour":"2026-08-02","origine_position":"override"}},{"type":"Feature","geometry":{"type":"Point","coordinates":[13.648,46.201]},"properties":{"fiabilite":"haute","id":"GOPR2701","jour":"2026-08-02","origine_position":"override"}},{"type":"Feature","geometry":{"type":"Point","coordinates":[13.648,46.201]},"properties":{"fiabilite":"haute","id":"GOPR2702","jour":"2026-08-02","origine_position":"override"}},{"type":"Feature","geometry":{"type":"Point","coordinates":[13.648,46.201]},"properties":{"fiabilite":"haute","id":"GOPR2704","jour":"2026-08-02","origine_position":"override"}},{"type":"Feature","geometry":{"type":"Point","coordinates":[13.648,46.201]},"properties":{"fiabilite":"haute","id":"GOPR2705","jour":"2026-08-02","origine_position":"override"}},{"type":"Feature","geometry":{"type":"Point","coordinates":[13.648,46.201]},"properties":{"fiabilite":"haute","id":"GOPR2708","jour":"2026-08-02","origine_position":"override"}},{"type":"Feature","geometry":{"type":"Point","coordinates":[13.648,46.201]},"properties":{"fiabilite":"haute","id":"GOPR2710","jour":"2026-08-02","origine_position":"override"}},{"type":"Feature","geometry":{"type":"Point","coordinates":[13.648,46.201]},"properties":{"fiabilite":"haute","id":"GOPR2711","jour":"2026-08-02","origine_position":"override"}},{"type":"Feature","geometry":{"type":"Point","coordinates":[13.648,46.201]},"properties":{"fiabilite":"haute","id":"GOPR2712","jour":"2026-08-02","origine_position":"override"}},{"type":"Feature","geometry":{"type":"Point","coordinates":[13.648,46.201]},"properties":{"fiabilite":"haute","id":"GOPR2713","jour":"2026-08-02","origine_position":"override"}},{"type":"Feature","geometry":{"type":"Point","coordinates":[13.648,46.201]},"properties":{"fiabilite":"haute","id":"GOPR2714","jour":"2026-08-02","origine_position":"override"}},{"type":"Feature","geometry":{"type":"Point","coordinates":[13.648,46.201]},"properties":{"fiabilite":"haute","id":"GOPR2716","jour":"2026-08-02","origine_position":"override"}},{"type":"Feature","geometry":{"type":"Point","coordinates":[13.648,46.201]},"properties":{"fiabilite":"haute","id":"GOPR2717","jour":"2026-08-02","origine_position":"override"}},{"type":"Feature","geometry":{"type":"Point","coordinates":[6.118472222222222,49.21221944444445]},"properties":{"fiabilite":"basse","id":"IMG20260724171145","jour":"2026-07-24","origine_position":"exif"}},{"type":"Feature","geometry":{"type":"Point","coordinates":[8.180133333333332,48.42919722222222]},"properties":{"fiabilite":"haute","id":"IMG20260724201243","jour":"2026-07-24","origine_position":"exif"}},{"type":"Feature","geometry":{"type":"Point","coordinates":[8.18435,48.43119444444444]},"properties":{"fiabilite":"haute","id":"IMG20260724212526","jour":"2026-07-24","origine_position":"exif"}},{"type":"Feature","geometry":{"type":"Point","coordinates":[8.18435,48.43119444444444]},"properties":{"fiabilite":"haute","id":"IMG20260724212530","jour":"2026-07-24","origine_position":"exif"}},{"type":"Feature","geometry":{"type":"Point","coordinates":[8.184377777777778,48.4312]},"properties":{"fiabilite":"haute","id":"IMG20260724214050","jour":"2026-07-24","origine_position":"exif"}},{"type":"Feature","geometry":{"type":"Point","coordinates":[8.163144444444445,48.46886111111111]},"properties":{"fiabilite":"haute","id":"IMG20260725121433","jour":"2026-07-25","origine_position":"exif"}},{"type":"Feature","geometry":{"type":"Point","coordinates":[8.163244444444445,48.468583333333335]},"properties":{"fiabilite":"haute","id":"IMG20260725122054","jour":"2026-07-25","origine_position":"exif"}},{"type":"Feature","geometry":{"type":"Point","coordinates":[8.188186111111111,48.52849444444444]},"properties":{"fiabilite":"haute","id":"IMG20260725130600","jour":"2026-07-25","origine_position":"exif"}},{"type":"Feature","geometry":{"type":"Point","coordinates":[8.188186111111111,48.52849444444444]},"properties":{"fiabilite":"haute","id":"IMG20260725131215","jour":"2026-07-25","origine_position":"exif"}},{"type":"Feature","geometry":{"type":"Point","coordinates":[8.188186111111111,48.52849444444444]},"properties":{"fiabilite":"haute","id":"IMG20260725131230","jour":"2026-07-25","origine_position":"exif"}},{"type":"Feature","geometry":{"type":"Point","coordinates":[8.188186111111111,48.52849444444444]},"properties":{"fiabilite":"haute","id":"IMG20260725131502","jour":"2026-07-25","origine_position":"exif"}},{"type":"Feature","geometry":{"type":"Point","coordinates":[8.188186111111111,48.52849444444444]},"properties":{"fiabilite":"haute","id":"IMG20260725131538","jour":"2026-07-25","origine_position":"exif"}},{"type":"Feature","geometry":{"type":"Point","coordinates":[8.192944444444445,48.534166666666664]},"properties":{"fiabilite":"haute","id":"IMG20260725133615","jour":"2026-07-25","origine_position":"exif"}},{"type":"Feature","geometry":{"type":"Point","coordinates":[8.194022222222223,48.53695833333333]},"properties":{"fiabilite":"haute","id":"IMG20260725140237","jour":"2026-07-25","origine_position":"exif"}},{"type":"Feature","geometry":{"type":"Point","coordinates":[8.192244444444444,48.533116666666665]},"properties":{"fiabilite":"haute","id":"IMG20260725151644","jour":"2026-07-25","origine_position":"exif"}},{"type":"Feature","geometry":{"type":"Point","coordinates":[8.192244444444444,48.533116666666665]},"properties":{"fiabilite":"haute","id":"IMG20260725151647","jour":"2026-07-25","origine_position":"exif"}},{"type":"Feature","geometry":{"type":"Point","coordinates":[8.217413888888888,48.53033055555555]},"properties":{"fiabilite":"basse","id":"IMG20260725163219","jour":"2026-07-25","origine_position":"exif"}},{"type":"Feature","geometry":{"type":"Point","coordinates":[8.217413888888888,48.53033055555555]},"properties":{"fiabilite":"basse","id":"IMG20260725163233","jour":"2026-07-25","origine_position":"exif"}},{"type":"Feature","geometry":{"type":"Point","coordinates":[8.222269444444445,48.50669722222222]},"properties":{"fiabilite":"basse","id":"IMG20260725163307","jour":"2026-07-25","origine_position":"exif"}},{"type":"Feature","geometry":{"type":"Point","coordinates":[8.217413888888888,48.53033055555555]},"properties":{"fiabilite":"basse","id":"IMG20260725163324","jour":"2026-07-25","origine_position":"exif"}},{"type":"Feature","geometry":{"type":"Point","coordinates":[8.180499999999999,48.4867]},"properties":{"fiabilite":"basse","id":"VID20260725164207","jour":"2026-07-25","origine_position":"exif"}},{"type":"Feature","geometry":{"type":"Point","coordinates":[8.274655555555556,48.481225]},"properties":{"fiabilite":"basse","id":"IMG20260725164425","jour":"2026-07-25","origine_position":"exif"}},{"type":"Feature","geometry":{"type":"Point","coordinates":[8.274700000000001,48.4812]},"properties":{"fiabilite":"haute","id":"VID20260725165108","jour":"2026-07-25","origine_position":"exif"}},{"type":"Feature","geometry":{"type":"Point","coordinates":[8.180499999999999,48.4867]},"properties":{"fiabilite":"basse","id":"VID20260725170450","jour":"2026-07-25","origine_position":"exif"}},{"type":"Feature","geometry":{"type":"Point","coordinates":[8.218588888888888,48.52898611111111]},"properties":{"fiabilite":"basse","id":"IMG20260725170918","jour":"2026-07-25","origine_position":"exif"}},{"type":"Feature","geometry":{"type":"Point","coordinates":[8.20155,48.59696666666667]},"properties":{"fiabilite":"basse","id":"IMG20260725184341","jour":"2026-07-25","origine_position":"exif"}},{"type":"Feature","geometry":{"type":"Point","coordinates":[8.20155,48.59696666666667]},"properties":{"fiabilite":"basse","id":"IMG20260725184353","jour":"2026-07-25","origine_position":"exif"}},{"type":"Feature","geometry":{"type":"Point","coordinates":[8.20155,48.59696666666667]},"properties":{"fiabilite":"basse","id":"IMG20260725185259","jour":"2026-07-25","origine_position":"exif"}},{"type":"Feature","geometry":{"type":"Point","coordinates":[8.20155,48.59696666666667]},"properties":{"fiabilite":"basse","id":"IMG20260725185307","jour":"2026-07-25","origine_position":"exif"}},{"type":"Feature","geometry":{"type":"Point","coordinates":[8.20155,48.59696666666667]},"properties":{"fiabilite":"basse","id":"IMG20260725185309","jour":"2026-07-25","origine_position":"exif"}},{"type":"Feature","geometry":{"type":"Point","coordinates":[8.20155,48.59696666666667]},"properties":{"fiabilite":"basse","id":"IMG20260725185313","jour":"2026-07-25","origine_position":"exif"}},{"type":"Feature","geometry":{"type":"Point","coordinates":[8.201158333333332,48.59668611111111]},"properties":{"fiabilite":"haute","id":"IMG20260725185648","jour":"2026-07-25","origine_position":"exif"}},{"type":"Feature","geometry":{"type":"Point","coordinates":[8.201158333333332,48.59668611111111]},"properties":{"fiabilite":"haute","id":"IMG20260725185651","jour":"2026-07-25","origine_position":"exif"}},{"type":"Feature","geometry":{"type":"Point","coordinates":[8.2012,48.5966]},"properties":{"fiabilite":"haute","id":"VID20260725190125","jour":"2026-07-25","origine_position":"exif"}},{"type":"Feature","geometry":{"type":"Point","coordinates":[8.2012,48.5966]},"properties":{"fiabilite":"haute","id":"VID20260725190134","jour":"2026-07-25","origine_position":"exif"}},{"type":"Feature","geometry":{"type":"Point","coordinates":[8.181055555555554,48.429224999999995]},"properties":{"fiabilite":"haute","id":"IMG20260725211903","jour":"2026-07-25","origine_position":"exif"}},{"type":"Feature","geometry":{"type":"Point","coordinates":[8.950888888888889,48.33555833333334]},"properties":{"fiabilite":"haute","id":"IMG20260726121923","jour":"2026-07-26","origine_position":"exif"}},{"type":"Feature","geometry":{"type":"Point","coordinates":[9.115438888888889,48.28882222222222]},"properties":{"fiabilite":"haute","id":"IMG20260726130520","jour":"2026-07-26","origine_position":"exif"}},{"type":"Feature","geometry":{"type":"Point","coordinates":[9.113616666666667,48.28970277777778]},"properties":{"fiabilite":"haute","id":"IMG20260726131228","jour":"2026-07-26","origine_position":"exif"}},{"type":"Feature","geometry":{"type":"Point","coordinates":[11.255461111111112,47.49036944444445]},"properties":{"fiabilite":"haute","id":"IMG20260726194149","jour":"2026-07-26","origine_position":"exif"}},{"type":"Feature","geometry":{"type":"Point","coordinates":[11.088291666666667,47.49599166666667]},"properties":{"fiabilite":"haute","id":"IMG20260726201303","jour":"2026-07-26","origine_position":"exif"}},{"type":"Feature","geometry":{"type":"Point","coordinates":[11.088291666666667,47.49599166666667]},"properties":{"fiabilite":"haute","id":"IMG20260726201305","jour":"2026-07-26","origine_position":"exif"}},{"type":"Feature","geometry":{"type":"Point","coordinates":[11.089727777777778,47.49686111111111]},"properties":{"fiabilite":"haute","id":"IMG20260726201632","jour":"2026-07-26","origine_position":"exif"}},{"type":"Feature","geometry":{"type":"Point","coordinates":[11.0897,47.496900000000004]},"properties":{"fiabilite":"haute","id":"VID20260726201641","jour":"2026-07-26","origine_position":"exif"}},{"type":"Feature","geometry":{"type":"Point","coordinates":[11.090133333333334,47.497102777777776]},"properties":{"fiabilite":"haute","id":"IMG20260726203211","jour":"2026-07-26","origine_position":"exif"}},{"type":"Feature","geometry":{"type":"Point","coordinates":[11.090133333333334,47.497102777777776]},"properties":{"fiabilite":"haute","id":"IMG20260726203214","jour":"2026-07-26","origine_position":"exif"}},{"type":"Feature","geometry":{"type":"Point","coordinates":[11.090200000000001,47.496900000000004]},"properties":{"fiabilite":"haute","id":"VID20260726203433","jour":"2026-07-26","origine_position":"exif"}},{"type":"Feature","geometry":{"type":"Point","coordinates":[11.090200000000001,47.497]},"properties":{"fiabilite":"haute","id":"VID20260726212143","jour":"2026-07-26","origine_position":"exif"}},{"type":"Feature","geometry":{"type":"Point","coordinates":[11.0899,47.4975]},"properties":{"fiabilite":"haute","id":"VID20260726212942","jour":"2026-07-26","origine_position":"exif"}},{"type":"Feature","geometry":{"type":"Point","coordinates":[11.25565,47.49031111111111]},"properties":{"fiabilite":"haute","id":"IMG20260727111003","jour":"2026-07-27","origine_position":"exif"}},{"type":"Feature","geometry":{"type":"Point","coordinates":[11.255994444444445,47.48994444444445]},"properties":{"fiabilite":"haute","id":"IMG20260727111908","jour":"2026-07-27","origine_position":"exif"}},{"type":"Feature","geometry":{"type":"Point","coordinates":[11.110508333333334,47.49968611111111]},"properties":{"fiabilite":"haute","id":"IMG20260727153713","jour":"2026-07-27","origine_position":"exif"}},{"type":"Feature","geometry":{"type":"Point","coordinates":[11.111130555555555,47.49855277777778]},"properties":{"fiabilite":"haute","id":"IMG20260727153906","jour":"2026-07-27","origine_position":"exif"}},{"type":"Feature","geometry":{"type":"Point","coordinates":[11.10998611111111,47.49425]},"properties":{"fiabilite":"basse","id":"IMG20260727154001","jour":"2026-07-27","origine_position":"exif"}},{"type":"Feature","geometry":{"type":"Point","coordinates":[11.10998611111111,47.49425]},"properties":{"fiabilite":"basse","id":"IMG20260727154018","jour":"2026-07-27","origine_position":"exif"}},{"type":"Feature","geometry":{"type":"Point","coordinates":[11.099572222222223,47.495736111111114]},"properties":{"fiabilite":"haute","id":"IMG20260727154135","jour":"2026-07-27","origine_position":"exif"}},{"type":"Feature","geometry":{"type":"Point","coordinates":[11.107775,47.49588888888889]},"properties":{"fiabilite":"haute","id":"IMG20260727154218","jour":"2026-07-27","origine_position":"exif"}},{"type":"Feature","geometry":{"type":"Point","coordinates":[11.11148611111111,47.49848055555556]},"properties":{"fiabilite":"haute","id":"IMG20260727154336","jour":"2026-07-27","origine_position":"exif"}},{"type":"Feature","geometry":{"type":"Point","coordinates":[10.99223611111111,47.456411111111116]},"properties":{"fiabilite":"haute","id":"IMG20260727163113","jour":"2026-07-27","origine_position":"exif"}},{"type":"Feature","geometry":{"type":"Point","coordinates":[10.98861111111111,47.456561111111114]},"properties":{"fiabilite":"haute","id":"IMG20260727163755","jour":"2026-07-27","origine_position":"exif"}},{"type":"Feature","geometry":{"type":"Point","coordinates":[10.989927777777776,47.45718333333333]},"properties":{"fiabilite":"haute","id":"IMG20260727164256","jour":"2026-07-27","origine_position":"exif"}},{"type":"Feature","geometry":{"type":"Point","coordinates":[10.982575,47.454225]},"properties":{"fiabilite":"haute","id":"IMG20260727164643","jour":"2026-07-27","origine_position":"exif"}},{"type":"Feature","geometry":{"type":"Point","coordinates":[10.980369444444445,47.457525000000004]},"properties":{"fiabilite":"basse","id":"IMG20260727164955","jour":"2026-07-27","origine_position":"exif"}},{"type":"Feature","geometry":{"type":"Point","coordinates":[10.980369444444445,47.457525000000004]},"properties":{"fiabilite":"basse","id":"IMG20260727165131","jour":"2026-07-27","origine_position":"exif"}},{"type":"Feature","geometry":{"type":"Point","coordinates":[10.980369444444445,47.457525000000004]},"properties":{"fiabilite":"basse","id":"IMG20260727170532","jour":"2026-07-27","origine_position":"exif"}},{"type":"Feature","geometry":{"type":"Point","coordinates":[10.980369444444445,47.457525000000004]},"properties":{"fiabilite":"basse","id":"IMG20260727170547","jour":"2026-07-27","origine_position":"exif"}},{"type":"Feature","geometry":{"type":"Point","coordinates":[10.980369444444445,47.457525000000004]},"properties":{"fiabilite":"basse","id":"IMG20260727170644","jour":"2026-07-27","origine_position":"exif"}},{"type":"Feature","geometry":{"type":"Point","coordinates":[10.980369444444445,47.457525000000004]},"properties":{"fiabilite":"basse","id":"IMG20260727171053","jour":"2026-07-27","origine_position":"exif"}},{"type":"Feature","geometry":{"type":"Point","coordinates":[10.980369444444445,47.457525000000004]},"properties":{"fiabilite":"basse","id":"IMG20260727171056","jour":"2026-07-27","origine_position":"exif"}},{"type":"Feature","geometry":{"type":"Point","coordinates":[10.980369444444445,47.457525000000004]},"properties":{"fiabilite":"basse","id":"IMG20260727171104","jour":"2026-07-27","origine_position":"exif"}},{"type":"Feature","geometry":{"type":"Point","coordinates":[10.980369444444445,47.457525000000004]},"properties":{"fiabilite":"basse","id":"IMG20260727171105","jour":"2026-07-27","origine_position":"exif"}},{"type":"Feature","geometry":{"type":"Point","coordinates":[10.9772,47.4557]},"properties":{"fiabilite":"haute","id":"VID20260727171206","jour":"2026-07-27","origine_position":"exif"}},{"type":"Feature","geometry":{"type":"Point","coordinates":[10.980369444444445,47.457525000000004]},"properties":{"fiabilite":"basse","id":"IMG20260727171606","jour":"2026-07-27","origine_position":"exif"}},{"type":"Feature","geometry":{"type":"Point","coordinates":[10.9804,47.4575]},"properties":{"fiabilite":"haute","id":"VID20260727171618","jour":"2026-07-27","origine_position":"exif"}},{"type":"Feature","geometry":{"type":"Point","coordinates":[10.980369444444445,47.457525000000004]},"properties":{"fiabilite":"basse","id":"IMG20260727172211","jour":"2026-07-27","origine_position":"exif"}},{"type":"Feature","geometry":{"type":"Point","coordinates":[10.9804,47.4575]},"properties":{"fiabilite":"haute","id":"VID20260727173259","jour":"2026-07-27","origine_position":"exif"}},{"type":"Feature","geometry":{"type":"Point","coordinates":[10.980369444444445,47.457525000000004]},"properties":{"fiabilite":"basse","id":"IMG20260727173432","jour":"2026-07-27","origine_position":"exif"}},{"type":"Feature","geometry":{"type":"Point","coordinates":[10.980369444444445,47.457525000000004]},"properties":{"fiabilite":"basse","id":"IMG20260727173510","jour":"2026-07-27","origine_position":"exif"}},{"type":"Feature","geometry":{"type":"Point","coordinates":[10.976522222222222,47.45789722222222]},"properties":{"fiabilite":"basse","id":"IMG20260727174000","jour":"2026-07-27","origine_position":"exif"}},{"type":"Feature","geometry":{"type":"Point","coordinates":[10.993963888888889,47.45653611111111]},"properties":{"fiabilite":"haute","id":"IMG20260727175608","jour":"2026-07-27","origine_position":"exif"}},{"type":"Feature","geometry":{"type":"Point","coordinates":[10.976522222222222,47.45789722222222]},"properties":{"fiabilite":"basse","id":"IMG20260727175715","jour":"2026-07-27","origine_position":"exif"}},{"type":"Feature","geometry":{"type":"Point","coordinates":[10.976522222222222,47.45789722222222]},"properties":{"fiabilite":"basse","id":"IMG20260727175723","jour":"2026-07-27","origine_position":"exif"}},{"type":"Feature","geometry":{"type":"Point","coordinates":[10.976522222222222,47.45789722222222]},"properties":{"fiabilite":"basse","id":"IMG20260727175750","jour":"2026-07-27","origine_position":"exif"}},{"type":"Feature","geometry":{"type":"Point","coordinates":[10.976522222222222,47.45789722222222]},"properties":{"fiabilite":"basse","id":"IMG20260727175826","jour":"2026-07-27","origine_position":"exif"}},{"type":"Feature","geometry":{"type":"Point","coordinates":[10.976522222222222,47.45789722222222]},"properties":{"fiabilite":"basse","id":"IMG20260727180435","jour":"2026-07-27","origine_position":"exif"}},{"type":"Feature","geometry":{"type":"Point","coordinates":[10.993944444444443,47.45648611111111]},"properties":{"fiabilite":"haute","id":"IMG20260727181751","jour":"2026-07-27","origine_position":"exif"}},{"type":"Feature","geometry":{"type":"Point","coordinates":[10.993944444444443,47.45648611111111]},"properties":{"fiabilite":"haute","id":"IMG20260727181753","jour":"2026-07-27","origine_position":"exif"}},{"type":"Feature","geometry":{"type":"Point","coordinates":[10.976522222222222,47.45789722222222]},"properties":{"fiabilite":"basse","id":"IMG20260727181755","jour":"2026-07-27","origine_position":"exif"}},{"type":"Feature","geometry":{"type":"Point","coordinates":[10.976522222222222,47.45789722222222]},"properties":{"fiabilite":"basse","id":"IMG20260727181756","jour":"2026-07-27","origine_position":"exif"}},{"type":"Feature","geometry":{"type":"Point","coordinates":[10.976522222222222,47.45789722222222]},"properties":{"fiabilite":"basse","id":"IMG20260727181759","jour":"2026-07-27","origine_position":"exif"}},{"type":"Feature","geometry":{"type":"Point","coordinates":[10.976522222222222,47.45789722222222]},"properties":{"fiabilite":"basse","id":"IMG20260727181808","jour":"2026-07-27","origine_position":"exif"}},{"type":"Feature","geometry":{"type":"Point","coordinates":[10.980369444444445,47.457525000000004]},"properties":{"fiabilite":"basse","id":"IMG20260727182449","jour":"2026-07-27","origine_position":"exif"}},{"type":"Feature","geometry":{"type":"Point","coordinates":[10.976522222222222,47.45789722222222]},"properties":{"fiabilite":"basse","id":"IMG_20260727_183401","jour":"2026-07-27","origine_position":"exif"}},{"type":"Feature","geometry":{"type":"Point","coordinates":[10.976522222222222,47.45789722222222]},"properties":{"fiabilite":"basse","id":"IMG20260727183416","jour":"2026-07-27","origine_position":"exif"}},{"type":"Feature","geometry":{"type":"Point","coordinates":[10.9765,47.4579]},"properties":{"fiabilite":"haute","id":"VID20260727183812","jour":"2026-07-27","origine_position":"exif"}},{"type":"Feature","geometry":{"type":"Point","coordinates":[10.976522222222222,47.45789722222222]},"properties":{"fiabilite":"basse","id":"IMG20260727183943","jour":"2026-07-27","origine_position":"exif"}},{"type":"Feature","geometry":{"type":"Point","coordinates":[10.980369444444445,47.457525000000004]},"properties":{"fiabilite":"basse","id":"IMG20260727184655","jour":"2026-07-27","origine_position":"exif"}},{"type":"Feature","geometry":{"type":"Point","coordinates":[10.980369444444445,47.457525000000004]},"properties":{"fiabilite":"basse","id":"IMG20260727184701","jour":"2026-07-27","origine_position":"exif"}},{"type":"Feature","geometry":{"type":"Point","coordinates":[10.976522222222222,47.45789722222222]},"properties":{"fiabilite":"basse","id":"IMG20260727184713","jour":"2026-07-27","origine_position":"exif"}},{"type":"Feature","geometry":{"type":"Point","coordinates":[10.976522222222222,47.45789722222222]},"properties":{"fiabilite":"basse","id":"IMG20260727184850","jour":"2026-07-27","origine_position":"exif"}},{"type":"Feature","geometry":{"type":"Point","coordinates":[10.976522222222222,47.45789722222222]},"properties":{"fiabilite":"basse","id":"IMG20260727184857","jour":"2026-07-27","origine_position":"exif"}},{"type":"Feature","geometry":{"type":"Point","coordinates":[10.98973611111111,47.45780277777778]},"properties":{"fiabilite":"haute","id":"IMG20260727190706","jour":"2026-07-27","origine_position":"exif"}},{"type":"Feature","geometry":{"type":"Point","coordinates":[11.09,47.4975]},"properties":{"fiabilite":"haute","id":"VID20260727201429","jour":"2026-07-27","origine_position":"exif"}},{"type":"Feature","geometry":{"type":"Point","coordinates":[11.099300000000001,47.5027]},"properties":{"fiabilite":"haute","id":"VID20260727201820","jour":"2026-07-27","origine_position":"exif"}},{"type":"Feature","geometry":{"type":"Point","coordinates":[11.099300000000001,47.5027]},"properties":{"fiabilite":"haute","id":"VID20260727202016","jour":"2026-07-27","origine_position":"exif"}},{"type":"Feature","geometry":{"type":"Point","coordinates":[11.090100000000001,47.4974]},"properties":{"fiabilite":"haute","id":"VID20260727202243","jour":"2026-07-27","origine_position":"exif"}},{"type":"Feature","geometry":{"type":"Point","coordinates":[11.090200000000001,47.496900000000004]},"properties":{"fiabilite":"haute","id":"VID20260727203850","jour":"2026-07-27","origine_position":"exif"}},{"type":"Feature","geometry":{"type":"Point","coordinates":[11.090200000000001,47.496900000000004]},"properties":{"fiabilite":"haute","id":"VID20260727203924","jour":"2026-07-27","origine_position":"exif"}},{"type":"Feature","geometry":{"type":"Point","coordinates":[11.09013888888889,47.49743888888889]},"properties":{"fiabilite":"haute","id":"IMG20260727204351","jour":"2026-07-27","origine_position":"exif"}},{"type":"Feature","geometry":{"type":"Point","coordinates":[11.090130555555556,47.496972222222226]},"properties":{"fiabilite":"haute","id":"IMG20260727204515","jour":"2026-07-27","origine_position":"exif"}},{"type":"Feature","geometry":{"type":"Point","coordinates":[11.037513888888888,47.46960833333333]},"properties":{"fiabilite":"haute","id":"IMG20260728100112","jour":"2026-07-28","origine_position":"exif"}},{"type":"Feature","geometry":{"type":"Point","coordinates":[11.037513888888888,47.46960833333333]},"properties":{"fiabilite":"haute","id":"IMG20260728100801","jour":"2026-07-28","origine_position":"exif"}},{"type":"Feature","geometry":{"type":"Point","coordinates":[11.034669444444445,47.47273333333334]},"properties":{"fiabilite":"basse","id":"IMG20260728104240","jour":"2026-07-28","origine_position":"exif"}},{"type":"Feature","geometry":{"type":"Point","coordinates":[11.044522222222222,47.44828611111111]},"properties":{"fiabilite":"haute","id":"IMG20260728110900","jour":"2026-07-28","origine_position":"exif"}},{"type":"Feature","geometry":{"type":"Point","coordinates":[11.044522222222222,47.44828611111111]},"properties":{"fiabilite":"haute","id":"IMG20260728110905","jour":"2026-07-28","origine_position":"exif"}},{"type":"Feature","geometry":{"type":"Point","coordinates":[11.044541666666667,47.44816944444444]},"properties":{"fiabilite":"haute","id":"IMG20260728110927","jour":"2026-07-28","origine_position":"exif"}},{"type":"Feature","geometry":{"type":"Point","coordinates":[11.044541666666667,47.44816944444444]},"properties":{"fiabilite":"haute","id":"IMG20260728110931","jour":"2026-07-28","origine_position":"exif"}},{"type":"Feature","geometry":{"type":"Point","coordinates":[11.044541666666667,47.44816944444444]},"properties":{"fiabilite":"haute","id":"IMG20260728110949","jour":"2026-07-28","origine_position":"exif"}},{"type":"Feature","geometry":{"type":"Point","coordinates":[11.044541666666667,47.44816944444444]},"properties":{"fiabilite":"haute","id":"IMG20260728111004","jour":"2026-07-28","origine_position":"exif"}},{"type":"Feature","geometry":{"type":"Point","coordinates":[11.0445,47.4482]},"properties":{"fiabilite":"haute","id":"VID20260728111011","jour":"2026-07-28","origine_position":"exif"}},{"type":"Feature","geometry":{"type":"Point","coordinates":[11.044599999999999,47.44799999999999]},"properties":{"fiabilite":"haute","id":"VID20260728111037","jour":"2026-07-28","origine_position":"exif"}},{"type":"Feature","geometry":{"type":"Point","coordinates":[11.044599999999999,47.4481]},"properties":{"fiabilite":"haute","id":"VID20260728111113","jour":"2026-07-28","origine_position":"exif"}},{"type":"Feature","geometry":{"type":"Point","coordinates":[11.044563888888888,47.44814444444444]},"properties":{"fiabilite":"haute","id":"IMG20260728111216","jour":"2026-07-28","origine_position":"exif"}},{"type":"Feature","geometry":{"type":"Point","coordinates":[11.048505555555556,47.47945555555556]},"properties":{"fiabilite":"basse","id":"IMG20260728111251","jour":"2026-07-28","origine_position":"exif"}},{"type":"Feature","geometry":{"type":"Point","coordinates":[11.048505555555556,47.47945555555556]},"properties":{"fiabilite":"basse","id":"IMG20260728111258","jour":"2026-07-28","origine_position":"exif"}},{"type":"Feature","geometry":{"type":"Point","coordinates":[11.060202777777778,47.48173055555556]},"properties":{"fiabilite":"basse","id":"IMG20260728111543","jour":"2026-07-28","origine_position":"exif"}},{"type":"Feature","geometry":{"type":"Point","coordinates":[11.0602,47.481700000000004]},"properties":{"fiabilite":"basse","id":"VID20260728111632","jour":"2026-07-28","origine_position":"exif"}},{"type":"Feature","geometry":{"type":"Point","coordinates":[11.060202777777778,47.48173055555556]},"properties":{"fiabilite":"basse","id":"IMG20260728111936","jour":"2026-07-28","origine_position":"exif"}},{"type":"Feature","geometry":{"type":"Point","coordinates":[11.060202777777778,47.48173055555556]},"properties":{"fiabilite":"basse","id":"IMG20260728112309","jour":"2026-07-28","origine_position":"exif"}},{"type":"Feature","geometry":{"type":"Point","coordinates":[11.060202777777778,47.48173055555556]},"properties":{"fiabilite":"basse","id":"IMG20260728112340","jour":"2026-07-28","origine_position":"exif"}},{"type":"Feature","geometry":{"type":"Point","coordinates":[11.060202777777778,47.48173055555556]},"properties":{"fiabilite":"basse","id":"IMG20260728112444","jour":"2026-07-28","origine_position":"exif"}},{"type":"Feature","geometry":{"type":"Point","coordinates":[11.041633333333333,47.445074999999996]},"properties":{"fiabilite":"haute","id":"IMG20260728113409","jour":"2026-07-28","origine_position":"exif"}},{"type":"Feature","geometry":{"type":"Point","coordinates":[11.041633333333333,47.445074999999996]},"properties":{"fiabilite":"haute","id":"IMG20260728113413","jour":"2026-07-28","origine_position":"exif"}},{"type":"Feature","geometry":{"type":"Point","coordinates":[11.0416,47.4451]},"properties":{"fiabilite":"haute","id":"VID20260728113445","jour":"2026-07-28","origine_position":"exif"}},{"type":"Feature","geometry":{"type":"Point","coordinates":[11.041633333333333,47.445074999999996]},"properties":{"fiabilite":"haute","id":"IMG20260728113835","jour":"2026-07-28","origine_position":"exif"}},{"type":"Feature","geometry":{"type":"Point","coordinates":[11.0602,47.481700000000004]},"properties":{"fiabilite":"basse","id":"VID20260728114412","jour":"2026-07-28","origine_position":"exif"}},{"type":"Feature","geometry":{"type":"Point","coordinates":[10.98105,47.45311944444445]},"properties":{"fiabilite":"basse","id":"IMG20260728115007","jour":"2026-07-28","origine_position":"exif"}},{"type":"Feature","geometry":{"type":"Point","coordinates":[10.98105,47.45311944444445]},"properties":{"fiabilite":"basse","id":"IMG20260728121249","jour":"2026-07-28","origine_position":"exif"}},{"type":"Feature","geometry":{"type":"Point","coordinates":[11.025669444444445,47.43846111111111]},"properties":{"fiabilite":"haute","id":"IMG_20260730_071148","jour":"2026-07-28","origine_position":"exif"}},{"type":"Feature","geometry":{"type":"Point","coordinates":[11.025669444444445,47.43846111111111]},"properties":{"fiabilite":"haute","id":"IMG20260728123628","jour":"2026-07-28","origine_position":"exif"}},{"type":"Feature","geometry":{"type":"Point","coordinates":[11.025669444444445,47.43846111111111]},"properties":{"fiabilite":"haute","id":"IMG20260728123851","jour":"2026-07-28","origine_position":"exif"}},{"type":"Feature","geometry":{"type":"Point","coordinates":[11.02485,47.43774166666666]},"properties":{"fiabilite":"haute","id":"IMG20260728131921","jour":"2026-07-28","origine_position":"exif"}},{"type":"Feature","geometry":{"type":"Point","coordinates":[11.02485,47.43774166666666]},"properties":{"fiabilite":"haute","id":"IMG20260728132000","jour":"2026-07-28","origine_position":"exif"}},{"type":"Feature","geometry":{"type":"Point","coordinates":[11.024794444444446,47.43774444444444]},"properties":{"fiabilite":"haute","id":"IMG20260728132101","jour":"2026-07-28","origine_position":"exif"}},{"type":"Feature","geometry":{"type":"Point","coordinates":[11.024794444444446,47.43774444444444]},"properties":{"fiabilite":"haute","id":"IMG20260728132109","jour":"2026-07-28","origine_position":"exif"}},{"type":"Feature","geometry":{"type":"Point","coordinates":[10.9811,47.453100000000006]},"properties":{"fiabilite":"basse","id":"VID20260728132221","jour":"2026-07-28","origine_position":"exif"}},{"type":"Feature","geometry":{"type":"Point","coordinates":[11.0338,47.4409]},"properties":{"fiabilite":"haute","id":"VID20260728140127","jour":"2026-07-28","origine_position":"exif"}},{"type":"Feature","geometry":{"type":"Point","coordinates":[10.98105,47.45311944444445]},"properties":{"fiabilite":"basse","id":"IMG20260728143500","jour":"2026-07-28","origine_position":"exif"}},{"type":"Feature","geometry":{"type":"Point","coordinates":[10.98105,47.45311944444445]},"properties":{"fiabilite":"basse","id":"IMG20260728150831","jour":"2026-07-28","origine_position":"exif"}},{"type":"Feature","geometry":{"type":"Point","coordinates":[10.98105,47.45311944444445]},"properties":{"fiabilite":"basse","id":"IMG20260728150907","jour":"2026-07-28","origine_position":"exif"}},{"type":"Feature","geometry":{"type":"Point","coordinates":[10.98105,47.45311944444445]},"properties":{"fiabilite":"basse","id":"IMG20260728150928","jour":"2026-07-28","origine_position":"exif"}},{"type":"Feature","geometry":{"type":"Point","coordinates":[10.98105,47.45311944444445]},"properties":{"fiabilite":"basse","id":"IMG20260728150933","jour":"2026-07-28","origine_position":"exif"}},{"type":"Feature","geometry":{"type":"Point","coordinates":[10.98105,47.45311944444445]},"properties":{"fiabilite":"basse","id":"IMG20260728150942","jour":"2026-07-28","origine_position":"exif"}},{"type":"Feature","geometry":{"type":"Point","coordinates":[10.98105,47.45311944444445]},"properties":{"fiabilite":"basse","id":"IMG20260728151158","jour":"2026-07-28","origine_position":"exif"}},{"type":"Feature","geometry":{"type":"Point","coordinates":[10.9811,47.453100000000006]},"properties":{"fiabilite":"basse","id":"VID20260728151210","jour":"2026-07-28","origine_position":"exif"}},{"type":"Feature","geometry":{"type":"Point","coordinates":[10.98105,47.45311944444445]},"properties":{"fiabilite":"basse","id":"IMG20260728152908","jour":"2026-07-28","origine_position":"exif"}},{"type":"Feature","geometry":{"type":"Point","coordinates":[10.98105,47.45311944444445]},"properties":{"fiabilite":"basse","id":"IMG20260728152913","jour":"2026-07-28","origine_position":"exif"}},{"type":"Feature","geometry":{"type":"Point","coordinates":[10.98105,47.45311944444445]},"properties":{"fiabilite":"basse","id":"IMG20260728153511","jour":"2026-07-28","origine_position":"exif"}},{"type":"Feature","geometry":{"type":"Point","coordinates":[11.046083333333334,47.46511111111111]},"properties":{"fiabilite":"basse","id":"IMG20260728155704","jour":"2026-07-28","origine_position":"exif"}},{"type":"Feature","geometry":{"type":"Point","coordinates":[10.980369444444445,47.457525000000004]},"properties":{"fiabilite":"basse","id":"IMG20260728181606","jour":"2026-07-28","origine_position":"exif"}},{"type":"Feature","geometry":{"type":"Point","coordinates":[10.980369444444445,47.457525000000004]},"properties":{"fiabilite":"basse","id":"IMG20260728181637","jour":"2026-07-28","origine_position":"exif"}},{"type":"Feature","geometry":{"type":"Point","coordinates":[11.18523888888889,47.483758333333334]},"properties":{"fiabilite":"basse","id":"IMG20260728194929","jour":"2026-07-28","origine_position":"exif"}},{"type":"Feature","geometry":{"type":"Point","coordinates":[11.18523888888889,47.483758333333334]},"properties":{"fiabilite":"basse","id":"IMG20260728194932","jour":"2026-07-28","origine_position":"exif"}},{"type":"Feature","geometry":{"type":"Point","coordinates":[11.537272222222223,47.57501388888889]},"properties":{"fiabilite":"basse","id":"IMG20260729091316","jour":"2026-07-29","origine_position":"exif"}},{"type":"Feature","geometry":{"type":"Point","coordinates":[11.537272222222223,47.57501388888889]},"properties":{"fiabilite":"basse","id":"IMG20260729091332","jour":"2026-07-29","origine_position":"exif"}},{"type":"Feature","geometry":{"type":"Point","coordinates":[11.537516666666667,47.575611111111115]},"properties":{"fiabilite":"basse","id":"IMG20260729091521","jour":"2026-07-29","origine_position":"exif"}},{"type":"Feature","geometry":{"type":"Point","coordinates":[12.935616666666666,47.67648888888888]},"properties":{"fiabilite":"haute","id":"IMG20260729140940","jour":"2026-07-29","origine_position":"exif"}},{"type":"Feature","geometry":{"type":"Point","coordinates":[12.852777777777778,47.605830555555556]},"properties":{"fiabilite":"basse","id":"IMG20260729180207","jour":"2026-07-29","origine_position":"exif"}},{"type":"Feature","geometry":{"type":"Point","coordinates":[12.852777777777778,47.605830555555556]},"properties":{"fiabilite":"basse","id":"IMG20260729180218","jour":"2026-07-29","origine_position":"exif"}},{"type":"Feature","geometry":{"type":"Point","coordinates":[12.853752777777778,47.608719444444446]},"properties":{"fiabilite":"haute","id":"IMG20260729180221","jour":"2026-07-29","origine_position":"exif"}},{"type":"Feature","geometry":{"type":"Point","coordinates":[12.853752777777778,47.608719444444446]},"properties":{"fiabilite":"haute","id":"IMG20260729180244","jour":"2026-07-29","origine_position":"exif"}},{"type":"Feature","geometry":{"type":"Point","coordinates":[12.853752777777778,47.608719444444446]},"properties":{"fiabilite":"haute","id":"IMG20260729180246","jour":"2026-07-29","origine_position":"exif"}},{"type":"Feature","geometry":{"type":"Point","coordinates":[12.853752777777778,47.608719444444446]},"properties":{"fiabilite":"haute","id":"IMG20260729180304","jour":"2026-07-29","origine_position":"exif"}},{"type":"Feature","geometry":{"type":"Point","coordinates":[12.853752777777778,47.608719444444446]},"properties":{"fiabilite":"haute","id":"IMG20260729180305","jour":"2026-07-29","origine_position":"exif"}},{"type":"Feature","geometry":{"type":"Point","coordinates":[12.853752777777778,47.608719444444446]},"properties":{"fiabilite":"haute","id":"IMG20260729180307","jour":"2026-07-29","origine_position":"exif"}},{"type":"Feature","geometry":{"type":"Point","coordinates":[12.852108333333334,47.60761388888889]},"properties":{"fiabilite":"haute","id":"IMG20260729182800","jour":"2026-07-29","origine_position":"exif"}},{"type":"Feature","geometry":{"type":"Point","coordinates":[12.852108333333334,47.60761388888889]},"properties":{"fiabilite":"haute","id":"IMG20260729182802","jour":"2026-07-29","origine_position":"exif"}},{"type":"Feature","geometry":{"type":"Point","coordinates":[12.852819444444444,47.60833888888889]},"properties":{"fiabilite":"haute","id":"IMG20260729183215","jour":"2026-07-29","origine_position":"exif"}},{"type":"Feature","geometry":{"type":"Point","coordinates":[12.853027777777777,47.608608333333336]},"properties":{"fiabilite":"haute","id":"IMG20260729183454","jour":"2026-07-29","origine_position":"exif"}},{"type":"Feature","geometry":{"type":"Point","coordinates":[12.853027777777777,47.608608333333336]},"properties":{"fiabilite":"haute","id":"IMG20260729183505","jour":"2026-07-29","origine_position":"exif"}},{"type":"Feature","geometry":{"type":"Point","coordinates":[12.85188611111111,47.60745277777778]},"properties":{"fiabilite":"haute","id":"IMG20260729183548","jour":"2026-07-29","origine_position":"exif"}},{"type":"Feature","geometry":{"type":"Point","coordinates":[12.85188611111111,47.60745277777778]},"properties":{"fiabilite":"haute","id":"IMG20260729183621","jour":"2026-07-29","origine_position":"exif"}},{"type":"Feature","geometry":{"type":"Point","coordinates":[12.85188611111111,47.60745277777778]},"properties":{"fiabilite":"haute","id":"IMG20260729183710","jour":"2026-07-29","origine_position":"exif"}},{"type":"Feature","geometry":{"type":"Point","coordinates":[12.85188611111111,47.60745277777778]},"properties":{"fiabilite":"haute","id":"IMG20260729183739","jour":"2026-07-29","origine_position":"exif"}},{"type":"Feature","geometry":{"type":"Point","coordinates":[12.85188611111111,47.60745277777778]},"properties":{"fiabilite":"haute","id":"IMG20260729183747","jour":"2026-07-29","origine_position":"exif"}},{"type":"Feature","geometry":{"type":"Point","coordinates":[12.85188611111111,47.60745277777778]},"properties":{"fiabilite":"haute","id":"IMG20260729183754","jour":"2026-07-29","origine_position":"exif"}},{"type":"Feature","geometry":{"type":"Point","coordinates":[12.852055555555555,47.607597222222225]},"properties":{"fiabilite":"haute","id":"IMG20260729183835","jour":"2026-07-29","origine_position":"exif"}},{"type":"Feature","geometry":{"type":"Point","coordinates":[12.852055555555555,47.607597222222225]},"properties":{"fiabilite":"haute","id":"IMG20260729183836","jour":"2026-07-29","origine_position":"exif"}},{"type":"Feature","geometry":{"type":"Point","coordinates":[12.852055555555555,47.607597222222225]},"properties":{"fiabilite":"haute","id":"IMG20260729183838","jour":"2026-07-29","origine_position":"exif"}},{"type":"Feature","geometry":{"type":"Point","coordinates":[12.852055555555555,47.607597222222225]},"properties":{"fiabilite":"haute","id":"IMG20260729183842","jour":"2026-07-29","origine_position":"exif"}},{"type":"Feature","geometry":{"type":"Point","coordinates":[12.852055555555555,47.607597222222225]},"properties":{"fiabilite":"haute","id":"IMG20260729183843","jour":"2026-07-29","origine_position":"exif"}},{"type":"Feature","geometry":{"type":"Point","coordinates":[12.852055555555555,47.607597222222225]},"properties":{"fiabilite":"haute","id":"IMG20260729183928","jour":"2026-07-29","origine_position":"exif"}},{"type":"Feature","geometry":{"type":"Point","coordinates":[12.864663888888888,47.60729166666667]},"properties":{"fiabilite":"basse","id":"IMG20260729184110","jour":"2026-07-29","origine_position":"exif"}},{"type":"Feature","geometry":{"type":"Point","coordinates":[12.864663888888888,47.60729166666667]},"properties":{"fiabilite":"basse","id":"IMG20260729184117","jour":"2026-07-29","origine_position":"exif"}},{"type":"Feature","geometry":{"type":"Point","coordinates":[12.852127777777778,47.607622222222226]},"properties":{"fiabilite":"haute","id":"IMG20260729184128","jour":"2026-07-29","origine_position":"exif"}},{"type":"Feature","geometry":{"type":"Point","coordinates":[12.892627777777777,47.60736111111111]},"properties":{"fiabilite":"haute","id":"IMG20260729190111","jour":"2026-07-29","origine_position":"exif"}},{"type":"Feature","geometry":{"type":"Point","coordinates":[12.892627777777777,47.60736111111111]},"properties":{"fiabilite":"haute","id":"IMG20260729190144","jour":"2026-07-29","origine_position":"exif"}},{"type":"Feature","geometry":{"type":"Point","coordinates":[12.892133333333334,47.607350000000004]},"properties":{"fiabilite":"haute","id":"IMG20260729190244","jour":"2026-07-29","origine_position":"exif"}},{"type":"Feature","geometry":{"type":"Point","coordinates":[12.892133333333334,47.607350000000004]},"properties":{"fiabilite":"haute","id":"IMG20260729190256","jour":"2026-07-29","origine_position":"exif"}},{"type":"Feature","geometry":{"type":"Point","coordinates":[12.894769444444444,47.607372222222224]},"properties":{"fiabilite":"haute","id":"IMG20260729190646","jour":"2026-07-29","origine_position":"exif"}},{"type":"Feature","geometry":{"type":"Point","coordinates":[12.936594444444445,47.67648611111111]},"properties":{"fiabilite":"haute","id":"IMG20260729200654","jour":"2026-07-29","origine_position":"exif"}},{"type":"Feature","geometry":{"type":"Point","coordinates":[13.015294444444445,47.63935]},"properties":{"fiabilite":"haute","id":"IMG20260730085841","jour":"2026-07-30","origine_position":"exif"}},{"type":"Feature","geometry":{"type":"Point","coordinates":[13.017780555555557,47.63766111111111]},"properties":{"fiabilite":"haute","id":"IMG20260730091016","jour":"2026-07-30","origine_position":"exif"}},{"type":"Feature","geometry":{"type":"Point","coordinates":[13.01786388888889,47.63778055555556]},"properties":{"fiabilite":"haute","id":"IMG20260730093224","jour":"2026-07-30","origine_position":"exif"}},{"type":"Feature","geometry":{"type":"Point","coordinates":[13.01786388888889,47.63778055555556]},"properties":{"fiabilite":"haute","id":"IMG20260730093226","jour":"2026-07-30","origine_position":"exif"}},{"type":"Feature","geometry":{"type":"Point","coordinates":[13.017900000000001,47.6378]},"properties":{"fiabilite":"haute","id":"VID20260730100834","jour":"2026-07-30","origine_position":"exif"}},{"type":"Feature","geometry":{"type":"Point","coordinates":[13.017900000000001,47.6378]},"properties":{"fiabilite":"haute","id":"VID20260730102103","jour":"2026-07-30","origine_position":"exif"}},{"type":"Feature","geometry":{"type":"Point","coordinates":[13.017900000000001,47.6378]},"properties":{"fiabilite":"haute","id":"VID20260730102120","jour":"2026-07-30","origine_position":"exif"}},{"type":"Feature","geometry":{"type":"Point","coordinates":[13.017416666666668,47.63757777777778]},"properties":{"fiabilite":"haute","id":"IMG20260730104935","jour":"2026-07-30","origine_position":"exif"}},{"type":"Feature","geometry":{"type":"Point","coordinates":[13.040780555555555,47.79944444444444]},"properties":{"fiabilite":"haute","id":"IMG20260730121930","jour":"2026-07-30","origine_position":"exif"}},{"type":"Feature","geometry":{"type":"Point","coordinates":[13.040827777777778,47.79942777777777]},"properties":{"fiabilite":"haute","id":"IMG20260730122045","jour":"2026-07-30","origine_position":"exif"}},{"type":"Feature","geometry":{"type":"Point","coordinates":[13.040827777777778,47.79940833333333]},"properties":{"fiabilite":"haute","id":"IMG20260730122339","jour":"2026-07-30","origine_position":"exif"}},{"type":"Feature","geometry":{"type":"Point","coordinates":[13.040827777777778,47.79940833333333]},"properties":{"fiabilite":"haute","id":"IMG20260730122351","jour":"2026-07-30","origine_position":"exif"}},{"type":"Feature","geometry":{"type":"Point","coordinates":[13.043158333333333,47.79810833333333]},"properties":{"fiabilite":"haute","id":"IMG20260730122542","jour":"2026-07-30","origine_position":"exif"}},{"type":"Feature","geometry":{"type":"Point","coordinates":[13.042697222222221,47.799255555555554]},"properties":{"fiabilite":"haute","id":"IMG20260730125513","jour":"2026-07-30","origine_position":"exif"}},{"type":"Feature","geometry":{"type":"Point","coordinates":[13.042697222222221,47.799255555555554]},"properties":{"fiabilite":"haute","id":"IMG20260730125520","jour":"2026-07-30","origine_position":"exif"}},{"type":"Feature","geometry":{"type":"Point","coordinates":[13.0427,47.799299999999995]},"properties":{"fiabilite":"haute","id":"VID20260730125529","jour":"2026-07-30","origine_position":"exif"}},{"type":"Feature","geometry":{"type":"Point","coordinates":[13.043116666666666,47.800063888888886]},"properties":{"fiabilite":"haute","id":"IMG20260730134336","jour":"2026-07-30","origine_position":"exif"}},{"type":"Feature","geometry":{"type":"Point","coordinates":[13.043316666666666,47.800102777777774]},"properties":{"fiabilite":"haute","id":"IMG20260730135540","jour":"2026-07-30","origine_position":"exif"}},{"type":"Feature","geometry":{"type":"Point","coordinates":[13.043752777777778,47.80017222222222]},"properties":{"fiabilite":"haute","id":"IMG20260730140524","jour":"2026-07-30","origine_position":"exif"}},{"type":"Feature","geometry":{"type":"Point","coordinates":[13.043752777777778,47.80017222222222]},"properties":{"fiabilite":"haute","id":"IMG20260730140527","jour":"2026-07-30","origine_position":"exif"}},{"type":"Feature","geometry":{"type":"Point","coordinates":[13.045758333333334,47.79880277777777]},"properties":{"fiabilite":"haute","id":"IMG20260730141851","jour":"2026-07-30","origine_position":"exif"}},{"type":"Feature","geometry":{"type":"Point","coordinates":[13.045758333333334,47.79880277777777]},"properties":{"fiabilite":"haute","id":"IMG20260730141920","jour":"2026-07-30","origine_position":"exif"}},{"type":"Feature","geometry":{"type":"Point","coordinates":[13.045908333333333,47.79745555555555]},"properties":{"fiabilite":"haute","id":"IMG20260730143058","jour":"2026-07-30","origine_position":"exif"}},{"type":"Feature","geometry":{"type":"Point","coordinates":[13.045883333333332,47.797625]},"properties":{"fiabilite":"haute","id":"IMG20260730143352","jour":"2026-07-30","origine_position":"exif"}},{"type":"Feature","geometry":{"type":"Point","coordinates":[13.046175,47.796638888888886]},"properties":{"fiabilite":"haute","id":"IMG20260730144002","jour":"2026-07-30","origine_position":"exif"}},{"type":"Feature","geometry":{"type":"Point","coordinates":[13.046072222222222,47.79638055555555]},"properties":{"fiabilite":"haute","id":"IMG20260730144328","jour":"2026-07-30","origine_position":"exif"}},{"type":"Feature","geometry":{"type":"Point","coordinates":[13.046072222222222,47.79638055555555]},"properties":{"fiabilite":"haute","id":"IMG20260730144341","jour":"2026-07-30","origine_position":"exif"}},{"type":"Feature","geometry":{"type":"Point","coordinates":[13.045338888888889,47.796588888888884]},"properties":{"fiabilite":"haute","id":"IMG20260730144449","jour":"2026-07-30","origine_position":"exif"}},{"type":"Feature","geometry":{"type":"Point","coordinates":[13.044977777777778,47.796591666666664]},"properties":{"fiabilite":"haute","id":"IMG20260730144549","jour":"2026-07-30","origine_position":"exif"}},{"type":"Feature","geometry":{"type":"Point","coordinates":[13.044880555555556,47.796638888888886]},"properties":{"fiabilite":"haute","id":"IMG20260730145129","jour":"2026-07-30","origine_position":"exif"}},{"type":"Feature","geometry":{"type":"Point","coordinates":[13.044880555555556,47.796638888888886]},"properties":{"fiabilite":"haute","id":"IMG_20260730_145328","jour":"2026-07-30","origine_position":"exif"}},{"type":"Feature","geometry":{"type":"Point","coordinates":[13.045091666666666,47.79727222222222]},"properties":{"fiabilite":"basse","id":"IMG20260730145457","jour":"2026-07-30","origine_position":"exif"}},{"type":"Feature","geometry":{"type":"Point","coordinates":[13.045091666666666,47.79727222222222]},"properties":{"fiabilite":"basse","id":"IMG20260730145509","jour":"2026-07-30","origine_position":"exif"}},{"type":"Feature","geometry":{"type":"Point","coordinates":[13.045091666666666,47.79727222222222]},"properties":{"fiabilite":"basse","id":"IMG20260730145542","jour":"2026-07-30","origine_position":"exif"}},{"type":"Feature","geometry":{"type":"Point","coordinates":[13.0462,47.7964]},"properties":{"fiabilite":"haute","id":"VID20260730150719","jour":"2026-07-30","origine_position":"exif"}},{"type":"Feature","geometry":{"type":"Point","coordinates":[13.046508333333334,47.79499166666667]},"properties":{"fiabilite":"haute","id":"IMG20260730153539","jour":"2026-07-30","origine_position":"exif"}},{"type":"Feature","geometry":{"type":"Point","coordinates":[13.04705,47.794894444444445]},"properties":{"fiabilite":"haute","id":"IMG20260730153611","jour":"2026-07-30","origine_position":"exif"}},{"type":"Feature","geometry":{"type":"Point","coordinates":[13.046713888888888,47.79501666666666]},"properties":{"fiabilite":"haute","id":"IMG20260730153723","jour":"2026-07-30","origine_position":"exif"}},{"type":"Feature","geometry":{"type":"Point","coordinates":[13.046858333333333,47.79519166666667]},"properties":{"fiabilite":"haute","id":"IMG20260730153757","jour":"2026-07-30","origine_position":"exif"}},{"type":"Feature","geometry":{"type":"Point","coordinates":[13.0478,47.7952]},"properties":{"fiabilite":"haute","id":"VID20260730154849","jour":"2026-07-30","origine_position":"exif"}},{"type":"Feature","geometry":{"type":"Point","coordinates":[13.047541666666666,47.79527222222222]},"properties":{"fiabilite":"haute","id":"IMG20260730162717","jour":"2026-07-30","origine_position":"exif"}},{"type":"Feature","geometry":{"type":"Point","coordinates":[13.047375,47.799]},"properties":{"fiabilite":"haute","id":"IMG20260730164916","jour":"2026-07-30","origine_position":"exif"}},{"type":"Feature","geometry":{"type":"Point","coordinates":[13.048555555555556,47.794999999999995]},"properties":{"fiabilite":"haute","id":"IMG20260730171134","jour":"2026-07-30","origine_position":"exif"}},{"type":"Feature","geometry":{"type":"Point","coordinates":[13.048555555555556,47.794999999999995]},"properties":{"fiabilite":"haute","id":"IMG20260730171141","jour":"2026-07-30","origine_position":"exif"}},{"type":"Feature","geometry":{"type":"Point","coordinates":[13.048555555555556,47.794999999999995]},"properties":{"fiabilite":"haute","id":"IMG20260730171158","jour":"2026-07-30","origine_position":"exif"}},{"type":"Feature","geometry":{"type":"Point","coordinates":[13.048555555555556,47.794999999999995]},"properties":{"fiabilite":"haute","id":"IMG20260730171206","jour":"2026-07-30","origine_position":"exif"}},{"type":"Feature","geometry":{"type":"Point","coordinates":[13.047855555555556,47.79526111111111]},"properties":{"fiabilite":"haute","id":"IMG20260730171320","jour":"2026-07-30","origine_position":"exif"}},{"type":"Feature","geometry":{"type":"Point","coordinates":[13.0412,47.806799999999996]},"properties":{"fiabilite":"haute","id":"VID20260730172420","jour":"2026-07-30","origine_position":"exif"}},{"type":"Feature","geometry":{"type":"Point","coordinates":[13.046858333333333,47.79505833333333]},"properties":{"fiabilite":"haute","id":"IMG20260730172754","jour":"2026-07-30","origine_position":"exif"}},{"type":"Feature","geometry":{"type":"Point","coordinates":[13.049608333333333,47.79673333333333]},"properties":{"fiabilite":"haute","id":"IMG20260730174152","jour":"2026-07-30","origine_position":"exif"}},{"type":"Feature","geometry":{"type":"Point","coordinates":[13.050877777777778,47.79635555555555]},"properties":{"fiabilite":"haute","id":"IMG20260730174341","jour":"2026-07-30","origine_position":"exif"}},{"type":"Feature","geometry":{"type":"Point","coordinates":[13.051808333333334,47.79538055555555]},"properties":{"fiabilite":"haute","id":"IMG20260730174558","jour":"2026-07-30","origine_position":"exif"}},{"type":"Feature","geometry":{"type":"Point","coordinates":[13.051808333333334,47.79538055555555]},"properties":{"fiabilite":"haute","id":"IMG20260730174605","jour":"2026-07-30","origine_position":"exif"}},{"type":"Feature","geometry":{"type":"Point","coordinates":[13.053844444444445,47.79626111111111]},"properties":{"fiabilite":"basse","id":"IMG20260730174842","jour":"2026-07-30","origine_position":"exif"}},{"type":"Feature","geometry":{"type":"Point","coordinates":[13.053844444444445,47.79626111111111]},"properties":{"fiabilite":"basse","id":"IMG20260730174944","jour":"2026-07-30","origine_position":"exif"}},{"type":"Feature","geometry":{"type":"Point","coordinates":[13.046316666666666,47.791799999999995]},"properties":{"fiabilite":"basse","id":"IMG20260730175100","jour":"2026-07-30","origine_position":"exif"}},{"type":"Feature","geometry":{"type":"Point","coordinates":[13.050919444444444,47.79548611111111]},"properties":{"fiabilite":"haute","id":"IMG20260730175823","jour":"2026-07-30","origine_position":"exif"}},{"type":"Feature","geometry":{"type":"Point","coordinates":[13.050169444444446,47.79445277777778]},"properties":{"fiabilite":"haute","id":"IMG20260730180024","jour":"2026-07-30","origine_position":"exif"}},{"type":"Feature","geometry":{"type":"Point","coordinates":[13.051233333333334,47.796825]},"properties":{"fiabilite":"haute","id":"IMG20260730181123","jour":"2026-07-30","origine_position":"exif"}},{"type":"Feature","geometry":{"type":"Point","coordinates":[13.042530555555555,47.80021111111111]},"properties":{"fiabilite":"basse","id":"IMG20260730185242","jour":"2026-07-30","origine_position":"exif"}},{"type":"Feature","geometry":{"type":"Point","coordinates":[12.98931111111111,47.589311111111115]},"properties":{"fiabilite":"haute","id":"IMG20260731083253","jour":"2026-07-31","origine_position":"exif"}},{"type":"Feature","geometry":{"type":"Point","coordinates":[12.98931111111111,47.589311111111115]},"properties":{"fiabilite":"haute","id":"IMG20260731083256","jour":"2026-07-31","origine_position":"exif"}},{"type":"Feature","geometry":{"type":"Point","coordinates":[12.989022222222221,47.58824444444445]},"properties":{"fiabilite":"haute","id":"IMG20260731084315","jour":"2026-07-31","origine_position":"exif"}},{"type":"Feature","geometry":{"type":"Point","coordinates":[12.989022222222221,47.58824444444445]},"properties":{"fiabilite":"haute","id":"IMG20260731084323","jour":"2026-07-31","origine_position":"exif"}},{"type":"Feature","geometry":{"type":"Point","coordinates":[12.989022222222221,47.58824444444445]},"properties":{"fiabilite":"haute","id":"IMG20260731084341","jour":"2026-07-31","origine_position":"exif"}},{"type":"Feature","geometry":{"type":"Point","coordinates":[12.988963888888888,47.588347222222225]},"properties":{"fiabilite":"haute","id":"IMG20260731084840","jour":"2026-07-31","origine_position":"exif"}},{"type":"Feature","geometry":{"type":"Point","coordinates":[12.988963888888888,47.588347222222225]},"properties":{"fiabilite":"haute","id":"IMG20260731084931","jour":"2026-07-31","origine_position":"exif"}},{"type":"Feature","geometry":{"type":"Point","coordinates":[12.987699999999998,47.5739]},"properties":{"fiabilite":"haute","id":"VID20260731085740","jour":"2026-07-31","origine_position":"exif"}},{"type":"Feature","geometry":{"type":"Point","coordinates":[12.977997222222223,47.55288888888889]},"properties":{"fiabilite":"haute","id":"IMG20260731091306","jour":"2026-07-31","origine_position":"exif"}},{"type":"Feature","geometry":{"type":"Point","coordinates":[12.977997222222223,47.55288888888889]},"properties":{"fiabilite":"haute","id":"IMG20260731091420","jour":"2026-07-31","origine_position":"exif"}},{"type":"Feature","geometry":{"type":"Point","coordinates":[12.977997222222223,47.55288888888889]},"properties":{"fiabilite":"haute","id":"IMG20260731091435","jour":"2026-07-31","origine_position":"exif"}},{"type":"Feature","geometry":{"type":"Point","coordinates":[12.977997222222223,47.55288888888889]},"properties":{"fiabilite":"haute","id":"IMG20260731091440","jour":"2026-07-31","origine_position":"exif"}},{"type":"Feature","geometry":{"type":"Point","coordinates":[12.977997222222223,47.55288888888889]},"properties":{"fiabilite":"haute","id":"IMG20260731091512","jour":"2026-07-31","origine_position":"exif"}},{"type":"Feature","geometry":{"type":"Point","coordinates":[12.978,47.552899999999994]},"properties":{"fiabilite":"haute","id":"VID20260731091539","jour":"2026-07-31","origine_position":"exif"}},{"type":"Feature","geometry":{"type":"Point","coordinates":[12.972955555555556,47.54153888888889]},"properties":{"fiabilite":"haute","id":"IMG20260731092009","jour":"2026-07-31","origine_position":"exif"}},{"type":"Feature","geometry":{"type":"Point","coordinates":[12.972955555555556,47.54153888888889]},"properties":{"fiabilite":"haute","id":"IMG20260731092131","jour":"2026-07-31","origine_position":"exif"}},{"type":"Feature","geometry":{"type":"Point","coordinates":[12.971255555555556,47.52484722222222]},"properties":{"fiabilite":"haute","id":"IMG20260731093032","jour":"2026-07-31","origine_position":"exif"}},{"type":"Feature","geometry":{"type":"Point","coordinates":[12.971255555555556,47.52484722222222]},"properties":{"fiabilite":"haute","id":"IMG20260731093043","jour":"2026-07-31","origine_position":"exif"}},{"type":"Feature","geometry":{"type":"Point","coordinates":[12.971255555555556,47.52484722222222]},"properties":{"fiabilite":"haute","id":"IMG20260731093057","jour":"2026-07-31","origine_position":"exif"}},{"type":"Feature","geometry":{"type":"Point","coordinates":[12.971255555555556,47.52484722222222]},"properties":{"fiabilite":"haute","id":"IMG20260731093121","jour":"2026-07-31","origine_position":"exif"}},{"type":"Feature","geometry":{"type":"Point","coordinates":[12.971255555555556,47.52484722222222]},"properties":{"fiabilite":"haute","id":"IMG20260731093319","jour":"2026-07-31","origine_position":"exif"}},{"type":"Feature","geometry":{"type":"Point","coordinates":[12.971255555555556,47.52484722222222]},"properties":{"fiabilite":"haute","id":"IMG20260731093325","jour":"2026-07-31","origine_position":"exif"}},{"type":"Feature","geometry":{"type":"Point","coordinates":[12.971255555555556,47.52484722222222]},"properties":{"fiabilite":"haute","id":"IMG20260731093835","jour":"2026-07-31","origine_position":"exif"}},{"type":"Feature","geometry":{"type":"Point","coordinates":[12.971255555555556,47.52484722222222]},"properties":{"fiabilite":"haute","id":"IMG20260731093856","jour":"2026-07-31","origine_position":"exif"}},{"type":"Feature","geometry":{"type":"Point","coordinates":[12.973558333333333,47.52430277777778]},"properties":{"fiabilite":"haute","id":"IMG20260731094210","jour":"2026-07-31","origine_position":"exif"}},{"type":"Feature","geometry":{"type":"Point","coordinates":[12.973558333333333,47.52430277777778]},"properties":{"fiabilite":"haute","id":"IMG20260731094354","jour":"2026-07-31","origine_position":"exif"}},{"type":"Feature","geometry":{"type":"Point","coordinates":[12.973558333333333,47.52430277777778]},"properties":{"fiabilite":"haute","id":"IMG20260731095050","jour":"2026-07-31","origine_position":"exif"}},{"type":"Feature","geometry":{"type":"Point","coordinates":[12.973558333333333,47.52430277777778]},"properties":{"fiabilite":"haute","id":"IMG20260731095055","jour":"2026-07-31","origine_position":"exif"}},{"type":"Feature","geometry":{"type":"Point","coordinates":[12.976541666666666,47.520827777777775]},"properties":{"fiabilite":"haute","id":"IMG20260731095410","jour":"2026-07-31","origine_position":"exif"}},{"type":"Feature","geometry":{"type":"Point","coordinates":[12.987697222222222,47.57386666666667]},"properties":{"fiabilite":"basse","id":"IMG20260731101541","jour":"2026-07-31","origine_position":"exif"}},{"type":"Feature","geometry":{"type":"Point","coordinates":[12.987683333333333,47.51360277777778]},"properties":{"fiabilite":"haute","id":"IMG20260731101828","jour":"2026-07-31","origine_position":"exif"}},{"type":"Feature","geometry":{"type":"Point","coordinates":[12.987683333333333,47.51360277777778]},"properties":{"fiabilite":"haute","id":"IMG20260731102130","jour":"2026-07-31","origine_position":"exif"}},{"type":"Feature","geometry":{"type":"Point","coordinates":[12.99296111111111,47.51183888888889]},"properties":{"fiabilite":"haute","id":"IMG20260731102820","jour":"2026-07-31","origine_position":"exif"}},{"type":"Feature","geometry":{"type":"Point","coordinates":[12.99296111111111,47.51183888888889]},"properties":{"fiabilite":"haute","id":"IMG_20260802_225904","jour":"2026-07-31","origine_position":"exif"}},{"type":"Feature","geometry":{"type":"Point","coordinates":[12.99296111111111,47.51183888888889]},"properties":{"fiabilite":"haute","id":"IMG20260731102824","jour":"2026-07-31","origine_position":"exif"}},{"type":"Feature","geometry":{"type":"Point","coordinates":[12.994852777777776,47.51255555555556]},"properties":{"fiabilite":"haute","id":"IMG20260731105357","jour":"2026-07-31","origine_position":"exif"}},{"type":"Feature","geometry":{"type":"Point","coordinates":[12.994852777777776,47.51255555555556]},"properties":{"fiabilite":"haute","id":"IMG20260731105415","jour":"2026-07-31","origine_position":"exif"}},{"type":"Feature","geometry":{"type":"Point","coordinates":[12.994852777777776,47.51255555555556]},"properties":{"fiabilite":"haute","id":"IMG20260731105430","jour":"2026-07-31","origine_position":"exif"}},{"type":"Feature","geometry":{"type":"Point","coordinates":[12.994852777777776,47.51255555555556]},"properties":{"fiabilite":"haute","id":"IMG20260731105441","jour":"2026-07-31","origine_position":"exif"}},{"type":"Feature","geometry":{"type":"Point","coordinates":[12.9949,47.5126]},"properties":{"fiabilite":"haute","id":"VID20260731105455","jour":"2026-07-31","origine_position":"exif"}},{"type":"Feature","geometry":{"type":"Point","coordinates":[12.993561111111111,47.511897222222224]},"properties":{"fiabilite":"haute","id":"IMG20260731113741","jour":"2026-07-31","origine_position":"exif"}},{"type":"Feature","geometry":{"type":"Point","coordinates":[12.993561111111111,47.511897222222224]},"properties":{"fiabilite":"haute","id":"IMG20260731113822","jour":"2026-07-31","origine_position":"exif"}},{"type":"Feature","geometry":{"type":"Point","coordinates":[12.993561111111111,47.511897222222224]},"properties":{"fiabilite":"haute","id":"IMG20260731114613","jour":"2026-07-31","origine_position":"exif"}},{"type":"Feature","geometry":{"type":"Point","coordinates":[12.993561111111111,47.511897222222224]},"properties":{"fiabilite":"haute","id":"IMG20260731114616","jour":"2026-07-31","origine_position":"exif"}},{"type":"Feature","geometry":{"type":"Point","coordinates":[12.993561111111111,47.511897222222224]},"properties":{"fiabilite":"haute","id":"IMG20260731114626","jour":"2026-07-31","origine_position":"exif"}},{"type":"Feature","geometry":{"type":"Point","coordinates":[12.987697222222222,47.57386666666667]},"properties":{"fiabilite":"basse","id":"IMG20260731114817","jour":"2026-07-31","origine_position":"exif"}},{"type":"Feature","geometry":{"type":"Point","coordinates":[12.98809722222222,47.51282777777778]},"properties":{"fiabilite":"haute","id":"IMG20260731114839","jour":"2026-07-31","origine_position":"exif"}},{"type":"Feature","geometry":{"type":"Point","coordinates":[12.98809722222222,47.51282777777778]},"properties":{"fiabilite":"haute","id":"IMG20260731115758","jour":"2026-07-31","origine_position":"exif"}},{"type":"Feature","geometry":{"type":"Point","coordinates":[12.983147222222222,47.515791666666665]},"properties":{"fiabilite":"haute","id":"IMG20260731115921","jour":"2026-07-31","origine_position":"exif"}},{"type":"Feature","geometry":{"type":"Point","coordinates":[12.983147222222222,47.515791666666665]},"properties":{"fiabilite":"haute","id":"IMG20260731120541","jour":"2026-07-31","origine_position":"exif"}},{"type":"Feature","geometry":{"type":"Point","coordinates":[12.980836111111111,47.519238888888886]},"properties":{"fiabilite":"haute","id":"IMG20260731121136","jour":"2026-07-31","origine_position":"exif"}},{"type":"Feature","geometry":{"type":"Point","coordinates":[12.980836111111111,47.519238888888886]},"properties":{"fiabilite":"haute","id":"IMG20260731121444","jour":"2026-07-31","origine_position":"exif"}},{"type":"Feature","geometry":{"type":"Point","coordinates":[12.980836111111111,47.519238888888886]},"properties":{"fiabilite":"haute","id":"IMG20260731121521","jour":"2026-07-31","origine_position":"exif"}},{"type":"Feature","geometry":{"type":"Point","coordinates":[12.980836111111111,47.519238888888886]},"properties":{"fiabilite":"haute","id":"IMG20260731121525","jour":"2026-07-31","origine_position":"exif"}},{"type":"Feature","geometry":{"type":"Point","coordinates":[12.9808,47.5192]},"properties":{"fiabilite":"haute","id":"VID20260731121707","jour":"2026-07-31","origine_position":"exif"}},{"type":"Feature","geometry":{"type":"Point","coordinates":[12.9808,47.5192]},"properties":{"fiabilite":"haute","id":"VID20260731121858","jour":"2026-07-31","origine_position":"exif"}},{"type":"Feature","geometry":{"type":"Point","coordinates":[12.980836111111111,47.519238888888886]},"properties":{"fiabilite":"haute","id":"IMG20260731121922","jour":"2026-07-31","origine_position":"exif"}},{"type":"Feature","geometry":{"type":"Point","coordinates":[12.973644444444444,47.52354722222222]},"properties":{"fiabilite":"haute","id":"IMG20260731122455","jour":"2026-07-31","origine_position":"exif"}},{"type":"Feature","geometry":{"type":"Point","coordinates":[12.973644444444444,47.52354722222222]},"properties":{"fiabilite":"haute","id":"IMG20260731122823","jour":"2026-07-31","origine_position":"exif"}},{"type":"Feature","geometry":{"type":"Point","coordinates":[12.9736,47.5235]},"properties":{"fiabilite":"haute","id":"VID20260731123210","jour":"2026-07-31","origine_position":"exif"}},{"type":"Feature","geometry":{"type":"Point","coordinates":[12.973644444444444,47.52354722222222]},"properties":{"fiabilite":"haute","id":"IMG20260731123305","jour":"2026-07-31","origine_position":"exif"}},{"type":"Feature","geometry":{"type":"Point","coordinates":[12.9721,47.535599999999995]},"properties":{"fiabilite":"haute","id":"VID20260731124057","jour":"2026-07-31","origine_position":"exif"}},{"type":"Feature","geometry":{"type":"Point","coordinates":[12.9721,47.535599999999995]},"properties":{"fiabilite":"haute","id":"VID20260731124122","jour":"2026-07-31","origine_position":"exif"}},{"type":"Feature","geometry":{"type":"Point","coordinates":[12.9721,47.53557222222222]},"properties":{"fiabilite":"haute","id":"IMG20260731124242","jour":"2026-07-31","origine_position":"exif"}},{"type":"Feature","geometry":{"type":"Point","coordinates":[12.973827777777778,47.544219444444444]},"properties":{"fiabilite":"haute","id":"IMG20260731125105","jour":"2026-07-31","origine_position":"exif"}},{"type":"Feature","geometry":{"type":"Point","coordinates":[12.973827777777778,47.544219444444444]},"properties":{"fiabilite":"haute","id":"IMG20260731125111","jour":"2026-07-31","origine_position":"exif"}},{"type":"Feature","geometry":{"type":"Point","coordinates":[12.973827777777778,47.544219444444444]},"properties":{"fiabilite":"haute","id":"IMG20260731125121","jour":"2026-07-31","origine_position":"exif"}},{"type":"Feature","geometry":{"type":"Point","coordinates":[13.552675,46.325163888888895]},"properties":{"fiabilite":"haute","id":"IMG20260801172241","jour":"2026-08-01","origine_position":"exif"}},{"type":"Feature","geometry":{"type":"Point","coordinates":[13.552700000000002,46.3252]},"properties":{"fiabilite":"haute","id":"VID20260801172247","jour":"2026-08-01","origine_position":"exif"}},{"type":"Feature","geometry":{"type":"Point","coordinates":[13.56596388888889,46.244455555555554]},"properties":{"fiabilite":"haute","id":"IMG20260801211446","jour":"2026-08-01","origine_position":"exif"}},{"type":"Feature","geometry":{"type":"Point","coordinates":[13.456388888888888,46.24378333333333]},"properties":{"fiabilite":"basse","id":"IMG20260802171923","jour":"2026-08-02","origine_position":"exif"}},{"type":"Feature","geometry":{"type":"Point","coordinates":[13.576002777777777,46.24677777777778]},"properties":{"fiabilite":"basse","id":"IMG20260802171928","jour":"2026-08-02","origine_position":"exif"}},{"type":"Feature","geometry":{"type":"Point","coordinates":[13.576002777777777,46.24677777777778]},"properties":{"fiabilite":"basse","id":"IMG20260802171945","jour":"2026-08-02","origine_position":"exif"}},{"type":"Feature","geometry":{"type":"Point","coordinates":[13.576002777777777,46.24677777777778]},"properties":{"fiabilite":"basse","id":"IMG20260802172308","jour":"2026-08-02","origine_position":"exif"}},{"type":"Feature","geometry":{"type":"Point","coordinates":[13.5673,46.2448]},"properties":{"fiabilite":"haute","id":"VID20260802172343","jour":"2026-08-02","origine_position":"exif"}},{"type":"Feature","geometry":{"type":"Point","coordinates":[13.5778,46.2472]},"properties":{"fiabilite":"haute","id":"VID20260802172614","jour":"2026-08-02","origine_position":"exif"}},{"type":"Feature","geometry":{"type":"Point","coordinates":[13.5778,46.2472]},"properties":{"fiabilite":"haute","id":"VID20260802172746","jour":"2026-08-02","origine_position":"exif"}},{"type":"Feature","geometry":{"type":"Point","coordinates":[13.570733333333333,46.24624444444444]},"properties":{"fiabilite":"haute","id":"IMG20260802173142","jour":"2026-08-02","origine_position":"exif"}},{"type":"Feature","geometry":{"type":"Point","coordinates":[13.5707,46.2462]},"properties":{"fiabilite":"haute","id":"VID20260802173224","jour":"2026-08-02","origine_position":"exif"}},{"type":"Feature","geometry":{"type":"Point","coordinates":[13.570733333333333,46.24624444444444]},"properties":{"fiabilite":"haute","id":"IMG20260802173314","jour":"2026-08-02","origine_position":"exif"}},{"type":"Feature","geometry":{"type":"Point","coordinates":[13.570733333333333,46.24624444444444]},"properties":{"fiabilite":"haute","id":"IMG20260802173432","jour":"2026-08-02","origine_position":"exif"}},{"type":"Feature","geometry":{"type":"Point","coordinates":[13.579327777777777,46.24817222222222]},"properties":{"fiabilite":"haute","id":"IMG20260802174829","jour":"2026-08-02","origine_position":"exif"}},{"type":"Feature","geometry":{"type":"Point","coordinates":[13.579466666666667,46.24781388888889]},"properties":{"fiabilite":"haute","id":"IMG20260802174908","jour":"2026-08-02","origine_position":"exif"}},{"type":"Feature","geometry":{"type":"Point","coordinates":[13.58286111111111,46.24603888888889]},"properties":{"fiabilite":"haute","id":"IMG20260802180941","jour":"2026-08-02","origine_position":"exif"}},{"type":"Feature","geometry":{"type":"Point","coordinates":[13.582755555555556,46.242308333333334]},"properties":{"fiabilite":"basse","id":"IMG20260802181648","jour":"2026-08-02","origine_position":"exif"}},{"type":"Feature","geometry":{"type":"Point","coordinates":[13.582755555555556,46.242308333333334]},"properties":{"fiabilite":"basse","id":"IMG20260802181700","jour":"2026-08-02","origine_position":"exif"}},{"type":"Feature","geometry":{"type":"Point","coordinates":[13.585922222222223,46.24466666666667]},"properties":{"fiabilite":"basse","id":"IMG20260802181728","jour":"2026-08-02","origine_position":"exif"}},{"type":"Feature","geometry":{"type":"Point","coordinates":[13.586741666666667,46.250708333333336]},"properties":{"fiabilite":"haute","id":"IMG20260802182727","jour":"2026-08-02","origine_position":"exif"}},{"type":"Feature","geometry":{"type":"Point","coordinates":[13.5867,46.251]},"properties":{"fiabilite":"haute","id":"VID20260802190306","jour":"2026-08-02","origine_position":"exif"}},{"type":"Feature","geometry":{"type":"Point","coordinates":[13.588080555555557,46.24745277777778]},"properties":{"fiabilite":"basse","id":"IMG20260802193028","jour":"2026-08-02","origine_position":"exif"}},{"type":"Feature","geometry":{"type":"Point","coordinates":[13.579369444444444,46.245330555555554]},"properties":{"fiabilite":"haute","id":"IMG20260802195000","jour":"2026-08-02","origine_position":"exif"}},{"type":"Feature","geometry":{"type":"Point","coordinates":[13.577430555555555,46.24721666666667]},"properties":{"fiabilite":"basse","id":"IMG20260802195928","jour":"2026-08-02","origine_position":"exif"}},{"type":"Feature","geometry":{"type":"Point","coordinates":[13.577430555555555,46.24721666666667]},"properties":{"fiabilite":"basse","id":"IMG20260802195935","jour":"2026-08-02","origine_position":"exif"}},{"type":"Feature","geometry":{"type":"Point","coordinates":[13.577430555555555,46.24721666666667]},"properties":{"fiabilite":"basse","id":"IMG20260802195959","jour":"2026-08-02","origine_position":"exif"}},{"type":"Feature","geometry":{"type":"Point","coordinates":[13.565972222222223,46.24445277777778]},"properties":{"fiabilite":"haute","id":"IMG20260802215431","jour":"2026-08-02","origine_position":"exif"}},{"type":"Feature","geometry":{"type":"Point","coordinates":[13.7373,46.4186]},"properties":{"fiabilite":"haute","id":"VID20260803101535","jour":"2026-08-03","origine_position":"exif"}},{"type":"Feature","geometry":{"type":"Point","coordinates":[13.749594444444444,46.407888888888884]},"properties":{"fiabilite":"basse","id":"IMG20260803101737","jour":"2026-08-03","origine_position":"exif"}},{"type":"Feature","geometry":{"type":"Point","coordinates":[13.73716111111111,46.41919166666666]},"properties":{"fiabilite":"basse","id":"IMG20260803102020","jour":"2026-08-03","origine_position":"exif"}},{"type":"Feature","geometry":{"type":"Point","coordinates":[13.73716111111111,46.41919166666666]},"properties":{"fiabilite":"basse","id":"IMG20260803103239","jour":"2026-08-03","origine_position":"exif"}},{"type":"Feature","geometry":{"type":"Point","coordinates":[13.74923611111111,46.439024999999994]},"properties":{"fiabilite":"haute","id":"IMG20260803121133","jour":"2026-08-03","origine_position":"exif"}},{"type":"Feature","geometry":{"type":"Point","coordinates":[13.749199999999998,46.439]},"properties":{"fiabilite":"haute","id":"VID20260803122014","jour":"2026-08-03","origine_position":"exif"}},{"type":"Feature","geometry":{"type":"Point","coordinates":[13.749199999999998,46.439]},"properties":{"fiabilite":"haute","id":"VID20260803122036","jour":"2026-08-03","origine_position":"exif"}},{"type":"Feature","geometry":{"type":"Point","coordinates":[13.7496,46.4389]},"properties":{"fiabilite":"haute","id":"VID20260803122258","jour":"2026-08-03","origine_position":"exif"}},{"type":"Feature","geometry":{"type":"Point","coordinates":[13.656672222222223,46.31353333333333]},"properties":{"fiabilite":"basse","id":"IMG20260803144157","jour":"2026-08-03","origine_position":"exif"}},{"type":"Feature","geometry":{"type":"Point","coordinates":[13.659527777777779,46.311769444444444]},"properties":{"fiabilite":"haute","id":"IMG20260803144211","jour":"2026-08-03","origine_position":"exif"}},{"type":"Feature","geometry":{"type":"Point","coordinates":[13.6567,46.3135]},"properties":{"fiabilite":"haute","id":"VID20260803150148","jour":"2026-08-03","origine_position":"exif"}},{"type":"Feature","geometry":{"type":"Point","coordinates":[13.6601,46.3105]},"properties":{"fiabilite":"haute","id":"VID20260803152322","jour":"2026-08-03","origine_position":"exif"}},{"type":"Feature","geometry":{"type":"Point","coordinates":[13.584200000000001,46.243700000000004]},"properties":{"fiabilite":"haute","id":"VID20260803180706","jour":"2026-08-03","origine_position":"exif"}},{"type":"Feature","geometry":{"type":"Point","coordinates":[13.4452,46.2372]},"properties":{"fiabilite":"haute","id":"VID20260804144423","jour":"2026-08-04","origine_position":"exif"}},{"type":"Feature","geometry":{"type":"Point","coordinates":[13.439327777777779,46.229175000000005]},"properties":{"fiabilite":"haute","id":"IMG20260804144442","jour":"2026-08-04","origine_position":"exif"}},{"type":"Feature","geometry":{"type":"Point","coordinates":[13.439327777777779,46.229175000000005]},"properties":{"fiabilite":"haute","id":"IMG20260804144450","jour":"2026-08-04","origine_position":"exif"}},{"type":"Feature","geometry":{"type":"Point","coordinates":[13.439327777777779,46.229175000000005]},"properties":{"fiabilite":"haute","id":"IMG20260804144453","jour":"2026-08-04","origine_position":"exif"}},{"type":"Feature","geometry":{"type":"Point","coordinates":[13.439327777777779,46.229175000000005]},"properties":{"fiabilite":"haute","id":"IMG20260804144509","jour":"2026-08-04","origine_position":"exif"}},{"type":"Feature","geometry":{"type":"Point","coordinates":[13.439327777777779,46.229175000000005]},"properties":{"fiabilite":"haute","id":"IMG20260804144512","jour":"2026-08-04","origine_position":"exif"}},{"type":"Feature","geometry":{"type":"Point","coordinates":[13.439400000000001,46.2291]},"properties":{"fiabilite":"haute","id":"VID20260804163524","jour":"2026-08-04","origine_position":"exif"}},{"type":"Feature","geometry":{"type":"Point","coordinates":[13.439400000000001,46.2291]},"properties":{"fiabilite":"haute","id":"VID20260804163650","jour":"2026-08-04","origine_position":"exif"}},{"type":"Feature","geometry":{"type":"Point","coordinates":[13.439400000000001,46.2291]},"properties":{"fiabilite":"haute","id":"VID20260804163909","jour":"2026-08-04","origine_position":"exif"}},{"type":"Feature","geometry":{"type":"Point","coordinates":[13.4392,46.2292]},"properties":{"fiabilite":"basse","id":"VID20260804170155","jour":"2026-08-04","origine_position":"exif"}},{"type":"Feature","geometry":{"type":"Point","coordinates":[13.4392,46.2292]},"properties":{"fiabilite":"basse","id":"VID20260804170257","jour":"2026-08-04","origine_position":"exif"}},{"type":"Feature","geometry":{"type":"Point","coordinates":[13.4392,46.2292]},"properties":{"fiabilite":"basse","id":"VID20260804170446","jour":"2026-08-04","origine_position":"exif"}},{"type":"Feature","geometry":{"type":"Point","coordinates":[13.4392,46.2292]},"properties":{"fiabilite":"basse","id":"VID20260804170534","jour":"2026-08-04","origine_position":"exif"}},{"type":"Feature","geometry":{"type":"Point","coordinates":[13.4392,46.2292]},"properties":{"fiabilite":"basse","id":"VID20260804170822","jour":"2026-08-04","origine_position":"exif"}},{"type":"Feature","geometry":{"type":"Point","coordinates":[13.4392,46.2292]},"properties":{"fiabilite":"haute","id":"VID20260804171920","jour":"2026-08-04","origine_position":"exif"}},{"type":"Feature","geometry":{"type":"Point","coordinates":[13.439183333333334,46.22924722222223]},"properties":{"fiabilite":"haute","id":"IMG20260804172043","jour":"2026-08-04","origine_position":"exif"}},{"type":"Feature","geometry":{"type":"Point","coordinates":[13.439183333333334,46.22924722222223]},"properties":{"fiabilite":"haute","id":"IMG20260804172049","jour":"2026-08-04","origine_position":"exif"}},{"type":"Feature","geometry":{"type":"Point","coordinates":[13.4392,46.2292]},"properties":{"fiabilite":"haute","id":"VID20260804172159","jour":"2026-08-04","origine_position":"exif"}},{"type":"Feature","geometry":{"type":"Point","coordinates":[13.4392,46.2292]},"properties":{"fiabilite":"haute","id":"VID20260804172204","jour":"2026-08-04","origine_position":"exif"}},{"type":"Feature","geometry":{"type":"Point","coordinates":[13.4392,46.2292]},"properties":{"fiabilite":"haute","id":"VID20260804172702","jour":"2026-08-04","origine_position":"exif"}},{"type":"Feature","geometry":{"type":"Point","coordinates":[13.4392,46.2292]},"properties":{"fiabilite":"haute","id":"VID20260804172902","jour":"2026-08-04","origine_position":"exif"}},{"type":"Feature","geometry":{"type":"Point","coordinates":[13.439183333333334,46.22924722222223]},"properties":{"fiabilite":"haute","id":"IMG20260804172919","jour":"2026-08-04","origine_position":"exif"}},{"type":"Feature","geometry":{"type":"Point","coordinates":[13.4392,46.2292]},"properties":{"fiabilite":"haute","id":"VID20260804173702","jour":"2026-08-04","origine_position":"exif"}},{"type":"Feature","geometry":{"type":"Point","coordinates":[13.4392,46.2292]},"properties":{"fiabilite":"basse","id":"VID20260804174108","jour":"2026-08-04","origine_position":"exif"}},{"type":"Feature","geometry":{"type":"Point","coordinates":[13.4392,46.2292]},"properties":{"fiabilite":"basse","id":"VID20260804174408","jour":"2026-08-04","origine_position":"exif"}},{"type":"Feature","geometry":{"type":"Point","coordinates":[13.4392,46.2292]},"properties":{"fiabilite":"basse","id":"VID20260804174548","jour":"2026-08-04","origine_position":"exif"}},{"type":"Feature","geometry":{"type":"Point","coordinates":[13.4392,46.2292]},"properties":{"fiabilite":"basse","id":"VID20260804174737","jour":"2026-08-04","origine_position":"exif"}},{"type":"Feature","geometry":{"type":"Point","coordinates":[13.4392,46.2292]},"properties":{"fiabilite":"basse","id":"VID20260804175010","jour":"2026-08-04","origine_position":"exif"}},{"type":"Feature","geometry":{"type":"Point","coordinates":[13.566,46.2445]},"properties":{"fiabilite":"haute","id":"VID20260805084042","jour":"2026-08-05","origine_position":"exif"}},{"type":"Feature","geometry":{"type":"Point","coordinates":[13.918927777777776,46.58368611111111]},"properties":{"fiabilite":"haute","id":"IMG20260805124645","jour":"2026-08-05","origine_position":"exif"}},{"type":"Feature","geometry":{"type":"Point","coordinates":[13.918927777777776,46.58368611111111]},"properties":{"fiabilite":"haute","id":"IMG20260805124657","jour":"2026-08-05","origine_position":"exif"}},{"type":"Feature","geometry":{"type":"Point","coordinates":[13.918927777777776,46.58368611111111]},"properties":{"fiabilite":"haute","id":"IMG20260805124702","jour":"2026-08-05","origine_position":"exif"}},{"type":"Feature","geometry":{"type":"Point","coordinates":[13.918927777777776,46.58368611111111]},"properties":{"fiabilite":"haute","id":"IMG20260805124733","jour":"2026-08-05","origine_position":"exif"}},{"type":"Feature","geometry":{"type":"Point","coordinates":[13.918927777777776,46.58368611111111]},"properties":{"fiabilite":"haute","id":"IMG20260805124744","jour":"2026-08-05","origine_position":"exif"}},{"type":"Feature","geometry":{"type":"Point","coordinates":[13.918927777777776,46.58368611111111]},"properties":{"fiabilite":"haute","id":"IMG20260805124747","jour":"2026-08-05","origine_position":"exif"}},{"type":"Feature","geometry":{"type":"Point","coordinates":[13.918927777777776,46.58368611111111]},"properties":{"fiabilite":"haute","id":"IMG20260805124807","jour":"2026-08-05","origine_position":"exif"}},{"type":"Feature","geometry":{"type":"Point","coordinates":[13.918927777777776,46.58368611111111]},"properties":{"fiabilite":"haute","id":"IMG20260805124824","jour":"2026-08-05","origine_position":"exif"}},{"type":"Feature","geometry":{"type":"Point","coordinates":[13.918897222222222,46.58357222222222]},"properties":{"fiabilite":"haute","id":"IMG20260805124915","jour":"2026-08-05","origine_position":"exif"}},{"type":"Feature","geometry":{"type":"Point","coordinates":[13.918902777777777,46.58363333333334]},"properties":{"fiabilite":"haute","id":"IMG20260805132050","jour":"2026-08-05","origine_position":"exif"}},{"type":"Feature","geometry":{"type":"Point","coordinates":[13.918902777777777,46.58363333333334]},"properties":{"fiabilite":"haute","id":"IMG20260805132055","jour":"2026-08-05","origine_position":"exif"}},{"type":"Feature","geometry":{"type":"Point","coordinates":[12.036,46.7754]},"properties":{"fiabilite":"haute","id":"VID20260805212608","jour":"2026-08-05","origine_position":"exif"}},{"type":"Feature","geometry":{"type":"Point","coordinates":[12.285202777777778,46.733125]},"properties":{"fiabilite":"haute","id":"IMG20260806104415","jour":"2026-08-06","origine_position":"exif"}},{"type":"Feature","geometry":{"type":"Point","coordinates":[12.285202777777778,46.733125]},"properties":{"fiabilite":"haute","id":"IMG20260806104420","jour":"2026-08-06","origine_position":"exif"}},{"type":"Feature","geometry":{"type":"Point","coordinates":[12.2883,46.7354]},"properties":{"fiabilite":"haute","id":"VID20260806105437","jour":"2026-08-06","origine_position":"exif"}},{"type":"Feature","geometry":{"type":"Point","coordinates":[12.283000000000001,46.733000000000004]},"properties":{"fiabilite":"haute","id":"VID20260806110106","jour":"2026-08-06","origine_position":"exif"}},{"type":"Feature","geometry":{"type":"Point","coordinates":[12.3205,46.7308]},"properties":{"fiabilite":"haute","id":"VID20260806110135","jour":"2026-08-06","origine_position":"exif"}},{"type":"Feature","geometry":{"type":"Point","coordinates":[12.3205,46.7308]},"properties":{"fiabilite":"haute","id":"VID20260806110458","jour":"2026-08-06","origine_position":"exif"}},{"type":"Feature","geometry":{"type":"Point","coordinates":[12.336400000000001,46.7343]},"properties":{"fiabilite":"haute","id":"VID20260806111300","jour":"2026-08-06","origine_position":"exif"}},{"type":"Feature","geometry":{"type":"Point","coordinates":[12.3423,46.7339]},"properties":{"fiabilite":"haute","id":"VID20260806111549","jour":"2026-08-06","origine_position":"exif"}},{"type":"Feature","geometry":{"type":"Point","coordinates":[12.355597222222222,46.739469444444445]},"properties":{"fiabilite":"haute","id":"IMG20260806111900","jour":"2026-08-06","origine_position":"exif"}},{"type":"Feature","geometry":{"type":"Point","coordinates":[12.355597222222222,46.739469444444445]},"properties":{"fiabilite":"haute","id":"IMG20260806111911","jour":"2026-08-06","origine_position":"exif"}},{"type":"Feature","geometry":{"type":"Point","coordinates":[12.364263888888889,46.73931666666667]},"properties":{"fiabilite":"haute","id":"IMG20260806112316","jour":"2026-08-06","origine_position":"exif"}},{"type":"Feature","geometry":{"type":"Point","coordinates":[12.3731,46.7428]},"properties":{"fiabilite":"haute","id":"VID20260806112646","jour":"2026-08-06","origine_position":"exif"}},{"type":"Feature","geometry":{"type":"Point","coordinates":[12.386313888888889,46.74378333333333]},"properties":{"fiabilite":"haute","id":"IMG20260806113426","jour":"2026-08-06","origine_position":"exif"}},{"type":"Feature","geometry":{"type":"Point","coordinates":[12.3652,46.7403]},"properties":{"fiabilite":"haute","id":"VID20260806113509","jour":"2026-08-06","origine_position":"exif"}},{"type":"Feature","geometry":{"type":"Point","coordinates":[12.4008,46.7456]},"properties":{"fiabilite":"haute","id":"VID20260806113733","jour":"2026-08-06","origine_position":"exif"}},{"type":"Feature","geometry":{"type":"Point","coordinates":[12.3964,46.7448]},"properties":{"fiabilite":"haute","id":"VID20260806113831","jour":"2026-08-06","origine_position":"exif"}},{"type":"Feature","geometry":{"type":"Point","coordinates":[12.39806111111111,46.74574722222222]},"properties":{"fiabilite":"haute","id":"IMG20260806113921","jour":"2026-08-06","origine_position":"exif"}},{"type":"Feature","geometry":{"type":"Point","coordinates":[12.39806111111111,46.74574722222222]},"properties":{"fiabilite":"haute","id":"IMG20260806113936","jour":"2026-08-06","origine_position":"exif"}},{"type":"Feature","geometry":{"type":"Point","coordinates":[12.424961111111111,46.74648055555556]},"properties":{"fiabilite":"haute","id":"IMG20260806115257","jour":"2026-08-06","origine_position":"exif"}},{"type":"Feature","geometry":{"type":"Point","coordinates":[12.429808333333332,46.74851666666667]},"properties":{"fiabilite":"haute","id":"IMG20260806115402","jour":"2026-08-06","origine_position":"exif"}},{"type":"Feature","geometry":{"type":"Point","coordinates":[12.435569444444445,46.749097222222225]},"properties":{"fiabilite":"haute","id":"IMG20260806123748","jour":"2026-08-06","origine_position":"exif"}},{"type":"Feature","geometry":{"type":"Point","coordinates":[12.440230555555555,46.74675555555556]},"properties":{"fiabilite":"haute","id":"IMG20260806123932","jour":"2026-08-06","origine_position":"exif"}},{"type":"Feature","geometry":{"type":"Point","coordinates":[12.440230555555555,46.74675555555556]},"properties":{"fiabilite":"haute","id":"IMG20260806123947","jour":"2026-08-06","origine_position":"exif"}},{"type":"Feature","geometry":{"type":"Point","coordinates":[12.440230555555555,46.74675555555556]},"properties":{"fiabilite":"haute","id":"IMG20260806124002","jour":"2026-08-06","origine_position":"exif"}},{"type":"Feature","geometry":{"type":"Point","coordinates":[12.449491666666667,46.74868611111111]},"properties":{"fiabilite":"haute","id":"IMG20260806124749","jour":"2026-08-06","origine_position":"exif"}},{"type":"Feature","geometry":{"type":"Point","coordinates":[12.449491666666667,46.74868611111111]},"properties":{"fiabilite":"haute","id":"IMG20260806124755","jour":"2026-08-06","origine_position":"exif"}},{"type":"Feature","geometry":{"type":"Point","coordinates":[12.466299999999999,46.7479]},"properties":{"fiabilite":"haute","id":"VID20260806131444","jour":"2026-08-06","origine_position":"exif"}},{"type":"Feature","geometry":{"type":"Point","coordinates":[12.46221111111111,46.745108333333334]},"properties":{"fiabilite":"haute","id":"IMG20260806131724","jour":"2026-08-06","origine_position":"exif"}},{"type":"Feature","geometry":{"type":"Point","coordinates":[12.46221111111111,46.745108333333334]},"properties":{"fiabilite":"haute","id":"IMG20260806131757","jour":"2026-08-06","origine_position":"exif"}},{"type":"Feature","geometry":{"type":"Point","coordinates":[12.468180555555556,46.746772222222226]},"properties":{"fiabilite":"basse","id":"IMG20260806132258","jour":"2026-08-06","origine_position":"exif"}},{"type":"Feature","geometry":{"type":"Point","coordinates":[12.468180555555556,46.746772222222226]},"properties":{"fiabilite":"basse","id":"IMG20260806132312","jour":"2026-08-06","origine_position":"exif"}},{"type":"Feature","geometry":{"type":"Point","coordinates":[12.468180555555556,46.746772222222226]},"properties":{"fiabilite":"basse","id":"IMG20260806132329","jour":"2026-08-06","origine_position":"exif"}},{"type":"Feature","geometry":{"type":"Point","coordinates":[12.486713888888888,46.74709722222222]},"properties":{"fiabilite":"haute","id":"IMG20260806133042","jour":"2026-08-06","origine_position":"exif"}},{"type":"Feature","geometry":{"type":"Point","coordinates":[12.5092,46.7491]},"properties":{"fiabilite":"haute","id":"VID20260806144331","jour":"2026-08-06","origine_position":"exif"}},{"type":"Feature","geometry":{"type":"Point","coordinates":[12.534844444444444,46.758116666666666]},"properties":{"fiabilite":"basse","id":"IMG20260806152626","jour":"2026-08-06","origine_position":"exif"}},{"type":"Feature","geometry":{"type":"Point","coordinates":[12.6088,46.7721]},"properties":{"fiabilite":"haute","id":"VID20260806154815","jour":"2026-08-06","origine_position":"exif"}},{"type":"Feature","geometry":{"type":"Point","coordinates":[12.6326,46.7773]},"properties":{"fiabilite":"haute","id":"VID20260806155217","jour":"2026-08-06","origine_position":"exif"}},{"type":"Feature","geometry":{"type":"Point","coordinates":[12.6591,46.7838]},"properties":{"fiabilite":"haute","id":"VID20260806160507","jour":"2026-08-06","origine_position":"exif"}},{"type":"Feature","geometry":{"type":"Point","coordinates":[12.6868,46.785399999999996]},"properties":{"fiabilite":"haute","id":"VID20260806161547","jour":"2026-08-06","origine_position":"exif"}},{"type":"Feature","geometry":{"type":"Point","coordinates":[12.6868,46.785399999999996]},"properties":{"fiabilite":"haute","id":"VID20260806161616","jour":"2026-08-06","origine_position":"exif"}},{"type":"Feature","geometry":{"type":"Point","coordinates":[12.529069444444445,46.75691388888889]},"properties":{"fiabilite":"basse","id":"IMG20260806180445","jour":"2026-08-06","origine_position":"exif"}},{"type":"Feature","geometry":{"type":"Point","coordinates":[12.280108333333335,46.73314722222222]},"properties":{"fiabilite":"haute","id":"IMG20260806185918","jour":"2026-08-06","origine_position":"exif"}},{"type":"Feature","geometry":{"type":"Point","coordinates":[12.280108333333335,46.73314722222222]},"properties":{"fiabilite":"haute","id":"IMG20260806185927","jour":"2026-08-06","origine_position":"exif"}},{"type":"Feature","geometry":{"type":"Point","coordinates":[12.280108333333335,46.73314722222222]},"properties":{"fiabilite":"haute","id":"IMG20260806185928","jour":"2026-08-06","origine_position":"exif"}},{"type":"Feature","geometry":{"type":"Point","coordinates":[12.280108333333335,46.73314722222222]},"properties":{"fiabilite":"haute","id":"IMG20260806185932","jour":"2026-08-06","origine_position":"exif"}},{"type":"Feature","geometry":{"type":"Point","coordinates":[12.280108333333335,46.73314722222222]},"properties":{"fiabilite":"haute","id":"IMG20260806185937","jour":"2026-08-06","origine_position":"exif"}},{"type":"Feature","geometry":{"type":"Point","coordinates":[12.281430555555556,46.73309444444445]},"properties":{"fiabilite":"haute","id":"IMG20260806190243","jour":"2026-08-06","origine_position":"exif"}},{"type":"Feature","geometry":{"type":"Point","coordinates":[12.28221388888889,46.73316388888889]},"properties":{"fiabilite":"haute","id":"IMG20260806190819","jour":"2026-08-06","origine_position":"exif"}},{"type":"Feature","geometry":{"type":"Point","coordinates":[12.036027777777777,46.775352777777776]},"properties":{"fiabilite":"haute","id":"IMG20260807112442","jour":"2026-08-07","origine_position":"exif"}},{"type":"Feature","geometry":{"type":"Point","coordinates":[12.036027777777777,46.775352777777776]},"properties":{"fiabilite":"haute","id":"IMG20260807112457","jour":"2026-08-07","origine_position":"exif"}},{"type":"Feature","geometry":{"type":"Point","coordinates":[12.033222222222223,46.77273888888889]},"properties":{"fiabilite":"basse","id":"IMG20260807112938","jour":"2026-08-07","origine_position":"exif"}},{"type":"Feature","geometry":{"type":"Point","coordinates":[12.033222222222223,46.77273888888889]},"properties":{"fiabilite":"basse","id":"IMG20260807112941","jour":"2026-08-07","origine_position":"exif"}},{"type":"Feature","geometry":{"type":"Point","coordinates":[12.035969444444444,46.77534166666666]},"properties":{"fiabilite":"haute","id":"IMG20260807112953","jour":"2026-08-07","origine_position":"exif"}},{"type":"Feature","geometry":{"type":"Point","coordinates":[12.035969444444444,46.77534166666666]},"properties":{"fiabilite":"haute","id":"IMG20260807113002","jour":"2026-08-07","origine_position":"exif"}},{"type":"Feature","geometry":{"type":"Point","coordinates":[12.085691666666667,46.69858055555555]},"properties":{"fiabilite":"haute","id":"IMG20260807135926","jour":"2026-08-07","origine_position":"exif"}},{"type":"Feature","geometry":{"type":"Point","coordinates":[12.085066666666668,46.69869722222222]},"properties":{"fiabilite":"haute","id":"IMG20260807135946","jour":"2026-08-07","origine_position":"exif"}},{"type":"Feature","geometry":{"type":"Point","coordinates":[12.085066666666668,46.69869722222222]},"properties":{"fiabilite":"haute","id":"IMG20260807140001","jour":"2026-08-07","origine_position":"exif"}},{"type":"Feature","geometry":{"type":"Point","coordinates":[12.085066666666668,46.69869722222222]},"properties":{"fiabilite":"haute","id":"IMG20260807140011","jour":"2026-08-07","origine_position":"exif"}},{"type":"Feature","geometry":{"type":"Point","coordinates":[12.085194444444445,46.69365]},"properties":{"fiabilite":"basse","id":"IMG20260807140156","jour":"2026-08-07","origine_position":"exif"}},{"type":"Feature","geometry":{"type":"Point","coordinates":[12.085194444444445,46.69365]},"properties":{"fiabilite":"basse","id":"IMG20260807140231","jour":"2026-08-07","origine_position":"exif"}},{"type":"Feature","geometry":{"type":"Point","coordinates":[12.085194444444445,46.69365]},"properties":{"fiabilite":"basse","id":"IMG20260807140253","jour":"2026-08-07","origine_position":"exif"}},{"type":"Feature","geometry":{"type":"Point","coordinates":[12.085194444444445,46.69365]},"properties":{"fiabilite":"basse","id":"IMG20260807140501","jour":"2026-08-07","origine_position":"exif"}},{"type":"Feature","geometry":{"type":"Point","coordinates":[12.085194444444445,46.69365]},"properties":{"fiabilite":"basse","id":"IMG20260807140527","jour":"2026-08-07","origine_position":"exif"}},{"type":"Feature","geometry":{"type":"Point","coordinates":[12.085194444444445,46.69365]},"properties":{"fiabilite":"basse","id":"IMG20260807140552","jour":"2026-08-07","origine_position":"exif"}},{"type":"Feature","geometry":{"type":"Point","coordinates":[12.08481388888889,46.693691666666666]},"properties":{"fiabilite":"basse","id":"IMG20260807141204","jour":"2026-08-07","origine_position":"exif"}},{"type":"Feature","geometry":{"type":"Point","coordinates":[12.08481388888889,46.693691666666666]},"properties":{"fiabilite":"basse","id":"IMG20260807141626","jour":"2026-08-07","origine_position":"exif"}},{"type":"Feature","geometry":{"type":"Point","coordinates":[12.084419444444444,46.69648888888889]},"properties":{"fiabilite":"basse","id":"IMG20260807142234","jour":"2026-08-07","origine_position":"exif"}},{"type":"Feature","geometry":{"type":"Point","coordinates":[12.084419444444444,46.69648888888889]},"properties":{"fiabilite":"basse","id":"IMG20260807142249","jour":"2026-08-07","origine_position":"exif"}},{"type":"Feature","geometry":{"type":"Point","coordinates":[12.084419444444444,46.69648888888889]},"properties":{"fiabilite":"basse","id":"IMG20260807142438","jour":"2026-08-07","origine_position":"exif"}},{"type":"Feature","geometry":{"type":"Point","coordinates":[12.084794444444444,46.69736666666666]},"properties":{"fiabilite":"basse","id":"IMG20260807142705","jour":"2026-08-07","origine_position":"exif"}},{"type":"Feature","geometry":{"type":"Point","coordinates":[12.085725,46.698575]},"properties":{"fiabilite":"haute","id":"IMG20260807144554","jour":"2026-08-07","origine_position":"exif"}},{"type":"Feature","geometry":{"type":"Point","coordinates":[12.085722222222223,46.69857777777777]},"properties":{"fiabilite":"haute","id":"IMG20260807145345","jour":"2026-08-07","origine_position":"exif"}},{"type":"Feature","geometry":{"type":"Point","coordinates":[12.085722222222223,46.69857777777777]},"properties":{"fiabilite":"haute","id":"IMG20260807150130","jour":"2026-08-07","origine_position":"exif"}},{"type":"Feature","geometry":{"type":"Point","coordinates":[12.085722222222223,46.69857777777777]},"properties":{"fiabilite":"haute","id":"IMG20260807150132","jour":"2026-08-07","origine_position":"exif"}},{"type":"Feature","geometry":{"type":"Point","coordinates":[12.085722222222223,46.69857777777777]},"properties":{"fiabilite":"haute","id":"IMG20260807150134","jour":"2026-08-07","origine_position":"exif"}},{"type":"Feature","geometry":{"type":"Point","coordinates":[12.085722222222223,46.69857777777777]},"properties":{"fiabilite":"haute","id":"IMG20260807150140","jour":"2026-08-07","origine_position":"exif"}},{"type":"Feature","geometry":{"type":"Point","coordinates":[12.085722222222223,46.69857777777777]},"properties":{"fiabilite":"haute","id":"IMG20260807150206","jour":"2026-08-07","origine_position":"exif"}},{"type":"Feature","geometry":{"type":"Point","coordinates":[12.085722222222223,46.69857777777777]},"properties":{"fiabilite":"haute","id":"IMG20260807150352","jour":"2026-08-07","origine_position":"exif"}},{"type":"Feature","geometry":{"type":"Point","coordinates":[12.085722222222223,46.69857777777777]},"properties":{"fiabilite":"haute","id":"IMG20260807150416","jour":"2026-08-07","origine_position":"exif"}},{"type":"Feature","geometry":{"type":"Point","coordinates":[12.085722222222223,46.69857777777777]},"properties":{"fiabilite":"haute","id":"IMG20260807150419","jour":"2026-08-07","origine_position":"exif"}},{"type":"Feature","geometry":{"type":"Point","coordinates":[12.08571388888889,46.69856111111111]},"properties":{"fiabilite":"haute","id":"IMG20260807151640","jour":"2026-08-07","origine_position":"exif"}},{"type":"Feature","geometry":{"type":"Point","coordinates":[12.08571388888889,46.69856111111111]},"properties":{"fiabilite":"haute","id":"IMG20260807151640_01","jour":"2026-08-07","origine_position":"exif"}},{"type":"Feature","geometry":{"type":"Point","coordinates":[12.08571388888889,46.69856111111111]},"properties":{"fiabilite":"haute","id":"IMG20260807151643","jour":"2026-08-07","origine_position":"exif"}},{"type":"Feature","geometry":{"type":"Point","coordinates":[12.085700000000001,46.6986]},"properties":{"fiabilite":"haute","id":"VID20260807151657","jour":"2026-08-07","origine_position":"exif"}},{"type":"Feature","geometry":{"type":"Point","coordinates":[12.085700000000001,46.6986]},"properties":{"fiabilite":"haute","id":"VID20260807151724","jour":"2026-08-07","origine_position":"exif"}},{"type":"Feature","geometry":{"type":"Point","coordinates":[12.08571388888889,46.69856111111111]},"properties":{"fiabilite":"haute","id":"IMG20260807155156","jour":"2026-08-07","origine_position":"exif"}},{"type":"Feature","geometry":{"type":"Point","coordinates":[12.085711111111111,46.698575]},"properties":{"fiabilite":"haute","id":"IMG20260807155217","jour":"2026-08-07","origine_position":"exif"}},{"type":"Feature","geometry":{"type":"Point","coordinates":[12.085711111111111,46.698575]},"properties":{"fiabilite":"haute","id":"IMG20260807155223","jour":"2026-08-07","origine_position":"exif"}},{"type":"Feature","geometry":{"type":"Point","coordinates":[12.085194444444445,46.69365]},"properties":{"fiabilite":"basse","id":"IMG20260807155803","jour":"2026-08-07","origine_position":"exif"}},{"type":"Feature","geometry":{"type":"Point","coordinates":[12.085194444444445,46.69365]},"properties":{"fiabilite":"basse","id":"IMG20260807155925","jour":"2026-08-07","origine_position":"exif"}},{"type":"Feature","geometry":{"type":"Point","coordinates":[12.08481388888889,46.693691666666666]},"properties":{"fiabilite":"basse","id":"IMG20260807160049","jour":"2026-08-07","origine_position":"exif"}},{"type":"Feature","geometry":{"type":"Point","coordinates":[12.085194444444445,46.69365]},"properties":{"fiabilite":"basse","id":"IMG20260807160123","jour":"2026-08-07","origine_position":"exif"}},{"type":"Feature","geometry":{"type":"Point","coordinates":[12.085105555555556,46.69935555555555]},"properties":{"fiabilite":"haute","id":"IMG20260807161400","jour":"2026-08-07","origine_position":"exif"}},{"type":"Feature","geometry":{"type":"Point","coordinates":[12.085,46.69876111111111]},"properties":{"fiabilite":"haute","id":"IMG20260807161446","jour":"2026-08-07","origine_position":"exif"}},{"type":"Feature","geometry":{"type":"Point","coordinates":[12.085,46.69876111111111]},"properties":{"fiabilite":"haute","id":"IMG20260807161506","jour":"2026-08-07","origine_position":"exif"}},{"type":"Feature","geometry":{"type":"Point","coordinates":[12.085194444444445,46.69365]},"properties":{"fiabilite":"basse","id":"IMG20260807163626","jour":"2026-08-07","origine_position":"exif"}},{"type":"Feature","geometry":{"type":"Point","coordinates":[12.08481388888889,46.693691666666666]},"properties":{"fiabilite":"basse","id":"IMG20260807164015","jour":"2026-08-07","origine_position":"exif"}},{"type":"Feature","geometry":{"type":"Point","coordinates":[12.08481388888889,46.693691666666666]},"properties":{"fiabilite":"basse","id":"IMG20260807164022","jour":"2026-08-07","origine_position":"exif"}},{"type":"Feature","geometry":{"type":"Point","coordinates":[12.084419444444444,46.69648888888889]},"properties":{"fiabilite":"basse","id":"IMG20260807164652","jour":"2026-08-07","origine_position":"exif"}},{"type":"Feature","geometry":{"type":"Point","coordinates":[12.085194444444445,46.69365]},"properties":{"fiabilite":"basse","id":"IMG20260807165208","jour":"2026-08-07","origine_position":"exif"}},{"type":"Feature","geometry":{"type":"Point","coordinates":[12.084419444444444,46.69648888888889]},"properties":{"fiabilite":"basse","id":"IMG20260807165302","jour":"2026-08-07","origine_position":"exif"}},{"type":"Feature","geometry":{"type":"Point","coordinates":[12.084419444444444,46.69648888888889]},"properties":{"fiabilite":"basse","id":"IMG20260807165809","jour":"2026-08-07","origine_position":"exif"}},{"type":"Feature","geometry":{"type":"Point","coordinates":[12.084419444444444,46.69648888888889]},"properties":{"fiabilite":"basse","id":"IMG20260807165812","jour":"2026-08-07","origine_position":"exif"}},{"type":"Feature","geometry":{"type":"Point","coordinates":[12.08481388888889,46.693691666666666]},"properties":{"fiabilite":"basse","id":"IMG20260807170220","jour":"2026-08-07","origine_position":"exif"}},{"type":"Feature","geometry":{"type":"Point","coordinates":[12.08481388888889,46.693691666666666]},"properties":{"fiabilite":"basse","id":"IMG20260807170953","jour":"2026-08-07","origine_position":"exif"}},{"type":"Feature","geometry":{"type":"Point","coordinates":[12.08481388888889,46.693691666666666]},"properties":{"fiabilite":"basse","id":"IMG20260807171022","jour":"2026-08-07","origine_position":"exif"}},{"type":"Feature","geometry":{"type":"Point","coordinates":[12.084419444444444,46.69648888888889]},"properties":{"fiabilite":"basse","id":"IMG20260807172218","jour":"2026-08-07","origine_position":"exif"}},{"type":"Feature","geometry":{"type":"Point","coordinates":[12.085722222222223,46.69857777777777]},"properties":{"fiabilite":"haute","id":"IMG20260807175925","jour":"2026-08-07","origine_position":"exif"}},{"type":"Feature","geometry":{"type":"Point","coordinates":[12.085722222222223,46.69857777777777]},"properties":{"fiabilite":"haute","id":"IMG20260807175952","jour":"2026-08-07","origine_position":"exif"}},{"type":"Feature","geometry":{"type":"Point","coordinates":[12.084011111111112,46.697925]},"properties":{"fiabilite":"haute","id":"IMG20260807180850","jour":"2026-08-07","origine_position":"exif"}},{"type":"Feature","geometry":{"type":"Point","coordinates":[12.220455555555557,46.705980555555556]},"properties":{"fiabilite":"haute","id":"IMG20260808093749","jour":"2026-08-08","origine_position":"exif"}},{"type":"Feature","geometry":{"type":"Point","coordinates":[12.218075,46.620375]},"properties":{"fiabilite":"haute","id":"IMG20260808094947","jour":"2026-08-08","origine_position":"exif"}},{"type":"Feature","geometry":{"type":"Point","coordinates":[12.255838888888889,46.588997222222226]},"properties":{"fiabilite":"basse","id":"IMG20260808100439","jour":"2026-08-08","origine_position":"exif"}},{"type":"Feature","geometry":{"type":"Point","coordinates":[12.269330555555557,46.59741666666667]},"properties":{"fiabilite":"haute","id":"IMG20260808101253","jour":"2026-08-08","origine_position":"exif"}},{"type":"Feature","geometry":{"type":"Point","coordinates":[12.269330555555557,46.59741666666667]},"properties":{"fiabilite":"haute","id":"IMG20260808101256","jour":"2026-08-08","origine_position":"exif"}},{"type":"Feature","geometry":{"type":"Point","coordinates":[12.269330555555557,46.59741666666667]},"properties":{"fiabilite":"haute","id":"IMG20260808101419","jour":"2026-08-08","origine_position":"exif"}},{"type":"Feature","geometry":{"type":"Point","coordinates":[12.269330555555557,46.59741666666667]},"properties":{"fiabilite":"haute","id":"IMG20260808101421","jour":"2026-08-08","origine_position":"exif"}},{"type":"Feature","geometry":{"type":"Point","coordinates":[12.293675,46.612430555555555]},"properties":{"fiabilite":"haute","id":"IMG20260808102730","jour":"2026-08-08","origine_position":"exif"}},{"type":"Feature","geometry":{"type":"Point","coordinates":[12.293675,46.612430555555555]},"properties":{"fiabilite":"haute","id":"IMG20260808103025","jour":"2026-08-08","origine_position":"exif"}},{"type":"Feature","geometry":{"type":"Point","coordinates":[12.293675,46.612430555555555]},"properties":{"fiabilite":"haute","id":"IMG20260808103316","jour":"2026-08-08","origine_position":"exif"}},{"type":"Feature","geometry":{"type":"Point","coordinates":[12.293675,46.612430555555555]},"properties":{"fiabilite":"haute","id":"IMG20260808103505","jour":"2026-08-08","origine_position":"exif"}},{"type":"Feature","geometry":{"type":"Point","coordinates":[12.293675,46.612430555555555]},"properties":{"fiabilite":"haute","id":"IMG20260808103527","jour":"2026-08-08","origine_position":"exif"}},{"type":"Feature","geometry":{"type":"Point","coordinates":[12.293675,46.612430555555555]},"properties":{"fiabilite":"haute","id":"IMG20260808103547","jour":"2026-08-08","origine_position":"exif"}},{"type":"Feature","geometry":{"type":"Point","coordinates":[12.293675,46.612430555555555]},"properties":{"fiabilite":"haute","id":"IMG20260808103621","jour":"2026-08-08","origine_position":"exif"}},{"type":"Feature","geometry":{"type":"Point","coordinates":[12.293675,46.612430555555555]},"properties":{"fiabilite":"haute","id":"IMG20260808104110","jour":"2026-08-08","origine_position":"exif"}},{"type":"Feature","geometry":{"type":"Point","coordinates":[12.293675,46.612430555555555]},"properties":{"fiabilite":"haute","id":"IMG20260808104137","jour":"2026-08-08","origine_position":"exif"}},{"type":"Feature","geometry":{"type":"Point","coordinates":[12.293675,46.612430555555555]},"properties":{"fiabilite":"haute","id":"IMG20260808104536","jour":"2026-08-08","origine_position":"exif"}},{"type":"Feature","geometry":{"type":"Point","coordinates":[12.293675,46.612430555555555]},"properties":{"fiabilite":"haute","id":"IMG20260808104935","jour":"2026-08-08","origine_position":"exif"}},{"type":"Feature","geometry":{"type":"Point","coordinates":[12.293675,46.612430555555555]},"properties":{"fiabilite":"haute","id":"IMG20260808105832","jour":"2026-08-08","origine_position":"exif"}},{"type":"Feature","geometry":{"type":"Point","coordinates":[12.293675,46.612430555555555]},"properties":{"fiabilite":"haute","id":"IMG20260808110218","jour":"2026-08-08","origine_position":"exif"}},{"type":"Feature","geometry":{"type":"Point","coordinates":[12.293675,46.612430555555555]},"properties":{"fiabilite":"haute","id":"IMG20260808110242","jour":"2026-08-08","origine_position":"exif"}},{"type":"Feature","geometry":{"type":"Point","coordinates":[12.293675,46.612430555555555]},"properties":{"fiabilite":"haute","id":"IMG20260808110709","jour":"2026-08-08","origine_position":"exif"}},{"type":"Feature","geometry":{"type":"Point","coordinates":[12.4158,46.562999999999995]},"properties":{"fiabilite":"haute","id":"VID20260808112007","jour":"2026-08-08","origine_position":"exif"}},{"type":"Feature","geometry":{"type":"Point","coordinates":[12.415827777777778,46.56296944444444]},"properties":{"fiabilite":"basse","id":"IMG20260808112046","jour":"2026-08-08","origine_position":"exif"}},{"type":"Feature","geometry":{"type":"Point","coordinates":[12.415827777777778,46.56296944444444]},"properties":{"fiabilite":"basse","id":"IMG20260808113008-2","jour":"2026-08-08","origine_position":"exif"}},{"type":"Feature","geometry":{"type":"Point","coordinates":[12.415827777777778,46.56296944444444]},"properties":{"fiabilite":"basse","id":"IMG20260808113721","jour":"2026-08-08","origine_position":"exif"}},{"type":"Feature","geometry":{"type":"Point","coordinates":[12.415827777777778,46.56296944444444]},"properties":{"fiabilite":"basse","id":"IMG20260808113729","jour":"2026-08-08","origine_position":"exif"}},{"type":"Feature","geometry":{"type":"Point","coordinates":[12.415827777777778,46.56296944444444]},"properties":{"fiabilite":"basse","id":"IMG20260808113827","jour":"2026-08-08","origine_position":"exif"}},{"type":"Feature","geometry":{"type":"Point","coordinates":[12.415827777777778,46.56296944444444]},"properties":{"fiabilite":"basse","id":"IMG20260808113846","jour":"2026-08-08","origine_position":"exif"}},{"type":"Feature","geometry":{"type":"Point","coordinates":[12.415827777777778,46.56296944444444]},"properties":{"fiabilite":"basse","id":"IMG_20260808_114119","jour":"2026-08-08","origine_position":"exif"}},{"type":"Feature","geometry":{"type":"Point","coordinates":[12.415827777777778,46.56296944444444]},"properties":{"fiabilite":"basse","id":"IMG20260808114018","jour":"2026-08-08","origine_position":"exif"}},{"type":"Feature","geometry":{"type":"Point","coordinates":[12.451783333333333,46.552899999999994]},"properties":{"fiabilite":"basse","id":"IMG20260808120006","jour":"2026-08-08","origine_position":"exif"}},{"type":"Feature","geometry":{"type":"Point","coordinates":[12.312055555555556,46.620808333333336]},"properties":{"fiabilite":"basse","id":"IMG20260808120311","jour":"2026-08-08","origine_position":"exif"}},{"type":"Feature","geometry":{"type":"Point","coordinates":[12.290494444444445,46.62555277777778]},"properties":{"fiabilite":"haute","id":"IMG20260808120831","jour":"2026-08-08","origine_position":"exif"}},{"type":"Feature","geometry":{"type":"Point","coordinates":[12.290494444444445,46.62555277777778]},"properties":{"fiabilite":"haute","id":"IMG20260808121511","jour":"2026-08-08","origine_position":"exif"}},{"type":"Feature","geometry":{"type":"Point","coordinates":[12.290494444444445,46.62555277777778]},"properties":{"fiabilite":"haute","id":"IMG20260808121539","jour":"2026-08-08","origine_position":"exif"}},{"type":"Feature","geometry":{"type":"Point","coordinates":[12.290494444444445,46.62555277777778]},"properties":{"fiabilite":"haute","id":"IMG20260808121654","jour":"2026-08-08","origine_position":"exif"}},{"type":"Feature","geometry":{"type":"Point","coordinates":[12.290494444444445,46.62555277777778]},"properties":{"fiabilite":"haute","id":"IMG20260808121828","jour":"2026-08-08","origine_position":"exif"}},{"type":"Feature","geometry":{"type":"Point","coordinates":[12.290494444444445,46.62555277777778]},"properties":{"fiabilite":"haute","id":"IMG20260808121852-2","jour":"2026-08-08","origine_position":"exif"}},{"type":"Feature","geometry":{"type":"Point","coordinates":[12.290494444444445,46.62555277777778]},"properties":{"fiabilite":"haute","id":"IMG20260808122020","jour":"2026-08-08","origine_position":"exif"}},{"type":"Feature","geometry":{"type":"Point","coordinates":[12.311072222222222,46.62942777777778]},"properties":{"fiabilite":"haute","id":"IMG20260808122915","jour":"2026-08-08","origine_position":"exif"}},{"type":"Feature","geometry":{"type":"Point","coordinates":[12.311072222222222,46.62942777777778]},"properties":{"fiabilite":"haute","id":"IMG20260808123359","jour":"2026-08-08","origine_position":"exif"}},{"type":"Feature","geometry":{"type":"Point","coordinates":[12.311072222222222,46.62942777777778]},"properties":{"fiabilite":"haute","id":"IMG20260808123438","jour":"2026-08-08","origine_position":"exif"}},{"type":"Feature","geometry":{"type":"Point","coordinates":[12.311930555555556,46.634280555555556]},"properties":{"fiabilite":"haute","id":"IMG20260808123813","jour":"2026-08-08","origine_position":"exif"}},{"type":"Feature","geometry":{"type":"Point","coordinates":[12.311930555555556,46.634280555555556]},"properties":{"fiabilite":"haute","id":"IMG20260808124025","jour":"2026-08-08","origine_position":"exif"}},{"type":"Feature","geometry":{"type":"Point","coordinates":[12.311930555555556,46.634280555555556]},"properties":{"fiabilite":"haute","id":"IMG20260808124029","jour":"2026-08-08","origine_position":"exif"}},{"type":"Feature","geometry":{"type":"Point","coordinates":[12.31051388888889,46.63573888888889]},"properties":{"fiabilite":"haute","id":"IMG20260808130249","jour":"2026-08-08","origine_position":"exif"}},{"type":"Feature","geometry":{"type":"Point","coordinates":[12.31051388888889,46.63573888888889]},"properties":{"fiabilite":"haute","id":"IMG20260808130252","jour":"2026-08-08","origine_position":"exif"}},{"type":"Feature","geometry":{"type":"Point","coordinates":[12.31051388888889,46.63573888888889]},"properties":{"fiabilite":"haute","id":"IMG20260808130315","jour":"2026-08-08","origine_position":"exif"}},{"type":"Feature","geometry":{"type":"Point","coordinates":[12.31051388888889,46.63573888888889]},"properties":{"fiabilite":"haute","id":"IMG20260808130326","jour":"2026-08-08","origine_position":"exif"}},{"type":"Feature","geometry":{"type":"Point","coordinates":[12.310538888888889,46.635675]},"properties":{"fiabilite":"haute","id":"IMG20260808132238","jour":"2026-08-08","origine_position":"exif"}},{"type":"Feature","geometry":{"type":"Point","coordinates":[12.310538888888889,46.635675]},"properties":{"fiabilite":"haute","id":"IMG20260808132249","jour":"2026-08-08","origine_position":"exif"}},{"type":"Feature","geometry":{"type":"Point","coordinates":[12.310500000000001,46.6357]},"properties":{"fiabilite":"haute","id":"VID20260808132312","jour":"2026-08-08","origine_position":"exif"}},{"type":"Feature","geometry":{"type":"Point","coordinates":[12.310538888888889,46.635675]},"properties":{"fiabilite":"haute","id":"IMG20260808132431","jour":"2026-08-08","origine_position":"exif"}},{"type":"Feature","geometry":{"type":"Point","coordinates":[12.311361111111111,46.63697222222222]},"properties":{"fiabilite":"haute","id":"IMG20260808135145","jour":"2026-08-08","origine_position":"exif"}},{"type":"Feature","geometry":{"type":"Point","coordinates":[12.311361111111111,46.63697222222222]},"properties":{"fiabilite":"haute","id":"IMG20260808135208","jour":"2026-08-08","origine_position":"exif"}},{"type":"Feature","geometry":{"type":"Point","coordinates":[12.311361111111111,46.63697222222222]},"properties":{"fiabilite":"haute","id":"IMG20260808135244","jour":"2026-08-08","origine_position":"exif"}},{"type":"Feature","geometry":{"type":"Point","coordinates":[12.311361111111111,46.63697222222222]},"properties":{"fiabilite":"haute","id":"IMG20260808135409","jour":"2026-08-08","origine_position":"exif"}},{"type":"Feature","geometry":{"type":"Point","coordinates":[12.311361111111111,46.63697222222222]},"properties":{"fiabilite":"haute","id":"IMG20260808135415","jour":"2026-08-08","origine_position":"exif"}},{"type":"Feature","geometry":{"type":"Point","coordinates":[12.292327777777778,46.611330555555554]},"properties":{"fiabilite":"basse","id":"IMG20260808141846","jour":"2026-08-08","origine_position":"exif"}},{"type":"Feature","geometry":{"type":"Point","coordinates":[12.288891666666666,46.60986944444445]},"properties":{"fiabilite":"basse","id":"IMG20260808141944","jour":"2026-08-08","origine_position":"exif"}},{"type":"Feature","geometry":{"type":"Point","coordinates":[12.288891666666666,46.60986944444445]},"properties":{"fiabilite":"basse","id":"IMG20260808142051","jour":"2026-08-08","origine_position":"exif"}},{"type":"Feature","geometry":{"type":"Point","coordinates":[12.288891666666666,46.60986944444445]},"properties":{"fiabilite":"basse","id":"IMG20260808142316","jour":"2026-08-08","origine_position":"exif"}},{"type":"Feature","geometry":{"type":"Point","coordinates":[12.288891666666666,46.60986944444445]},"properties":{"fiabilite":"basse","id":"IMG20260808142319","jour":"2026-08-08","origine_position":"exif"}},{"type":"Feature","geometry":{"type":"Point","coordinates":[12.308100000000001,46.63469444444444]},"properties":{"fiabilite":"haute","id":"IMG20260808143248","jour":"2026-08-08","origine_position":"exif"}},{"type":"Feature","geometry":{"type":"Point","coordinates":[12.308100000000001,46.63469444444444]},"properties":{"fiabilite":"haute","id":"IMG20260808143250","jour":"2026-08-08","origine_position":"exif"}},{"type":"Feature","geometry":{"type":"Point","coordinates":[12.308100000000001,46.63469444444444]},"properties":{"fiabilite":"haute","id":"IMG20260808143302","jour":"2026-08-08","origine_position":"exif"}},{"type":"Feature","geometry":{"type":"Point","coordinates":[12.308100000000001,46.63469444444444]},"properties":{"fiabilite":"haute","id":"IMG20260808143305","jour":"2026-08-08","origine_position":"exif"}},{"type":"Feature","geometry":{"type":"Point","coordinates":[12.308100000000001,46.63469444444444]},"properties":{"fiabilite":"haute","id":"IMG20260808143444","jour":"2026-08-08","origine_position":"exif"}},{"type":"Feature","geometry":{"type":"Point","coordinates":[12.308100000000001,46.63469444444444]},"properties":{"fiabilite":"haute","id":"IMG20260808143547","jour":"2026-08-08","origine_position":"exif"}},{"type":"Feature","geometry":{"type":"Point","coordinates":[12.308100000000001,46.63469444444444]},"properties":{"fiabilite":"haute","id":"IMG20260808144155","jour":"2026-08-08","origine_position":"exif"}},{"type":"Feature","geometry":{"type":"Point","coordinates":[12.30605,46.634169444444446]},"properties":{"fiabilite":"haute","id":"IMG20260808144410","jour":"2026-08-08","origine_position":"exif"}},{"type":"Feature","geometry":{"type":"Point","coordinates":[12.30605,46.634169444444446]},"properties":{"fiabilite":"haute","id":"IMG20260808144416","jour":"2026-08-08","origine_position":"exif"}},{"type":"Feature","geometry":{"type":"Point","coordinates":[12.30605,46.634169444444446]},"properties":{"fiabilite":"haute","id":"IMG20260808144941","jour":"2026-08-08","origine_position":"exif"}},{"type":"Feature","geometry":{"type":"Point","coordinates":[12.30605,46.634169444444446]},"properties":{"fiabilite":"haute","id":"IMG20260808144949","jour":"2026-08-08","origine_position":"exif"}},{"type":"Feature","geometry":{"type":"Point","coordinates":[12.30605,46.634169444444446]},"properties":{"fiabilite":"haute","id":"IMG20260808145002","jour":"2026-08-08","origine_position":"exif"}},{"type":"Feature","geometry":{"type":"Point","coordinates":[12.30605,46.634169444444446]},"properties":{"fiabilite":"haute","id":"IMG20260808145009","jour":"2026-08-08","origine_position":"exif"}},{"type":"Feature","geometry":{"type":"Point","coordinates":[12.30605,46.634169444444446]},"properties":{"fiabilite":"haute","id":"IMG20260808145147","jour":"2026-08-08","origine_position":"exif"}},{"type":"Feature","geometry":{"type":"Point","coordinates":[12.303975000000001,46.63238888888889]},"properties":{"fiabilite":"haute","id":"IMG20260808145424","jour":"2026-08-08","origine_position":"exif"}},{"type":"Feature","geometry":{"type":"Point","coordinates":[12.303975000000001,46.63238888888889]},"properties":{"fiabilite":"haute","id":"IMG20260808150155","jour":"2026-08-08","origine_position":"exif"}},{"type":"Feature","geometry":{"type":"Point","coordinates":[12.298769444444444,46.629936111111114]},"properties":{"fiabilite":"haute","id":"IMG20260808150709","jour":"2026-08-08","origine_position":"exif"}},{"type":"Feature","geometry":{"type":"Point","coordinates":[12.298769444444444,46.629936111111114]},"properties":{"fiabilite":"haute","id":"IMG20260808150841","jour":"2026-08-08","origine_position":"exif"}},{"type":"Feature","geometry":{"type":"Point","coordinates":[12.298769444444444,46.629936111111114]},"properties":{"fiabilite":"haute","id":"IMG20260808150854","jour":"2026-08-08","origine_position":"exif"}},{"type":"Feature","geometry":{"type":"Point","coordinates":[12.298769444444444,46.629936111111114]},"properties":{"fiabilite":"haute","id":"IMG20260808150933","jour":"2026-08-08","origine_position":"exif"}},{"type":"Feature","geometry":{"type":"Point","coordinates":[12.298769444444444,46.629936111111114]},"properties":{"fiabilite":"haute","id":"IMG20260808151004","jour":"2026-08-08","origine_position":"exif"}},{"type":"Feature","geometry":{"type":"Point","coordinates":[12.29825,46.630044444444444]},"properties":{"fiabilite":"haute","id":"IMG20260808151825","jour":"2026-08-08","origine_position":"exif"}},{"type":"Feature","geometry":{"type":"Point","coordinates":[12.29825,46.630044444444444]},"properties":{"fiabilite":"haute","id":"IMG20260808152633","jour":"2026-08-08","origine_position":"exif"}},{"type":"Feature","geometry":{"type":"Point","coordinates":[12.29825,46.630044444444444]},"properties":{"fiabilite":"haute","id":"IMG20260808152714","jour":"2026-08-08","origine_position":"exif"}},{"type":"Feature","geometry":{"type":"Point","coordinates":[12.289783333333332,46.610997222222224]},"properties":{"fiabilite":"basse","id":"IMG20260808155525","jour":"2026-08-08","origine_position":"exif"}},{"type":"Feature","geometry":{"type":"Point","coordinates":[12.289783333333332,46.610997222222224]},"properties":{"fiabilite":"basse","id":"IMG20260808155542","jour":"2026-08-08","origine_position":"exif"}},{"type":"Feature","geometry":{"type":"Point","coordinates":[12.289783333333332,46.610997222222224]},"properties":{"fiabilite":"basse","id":"IMG20260808155650","jour":"2026-08-08","origine_position":"exif"}},{"type":"Feature","geometry":{"type":"Point","coordinates":[12.289783333333332,46.610997222222224]},"properties":{"fiabilite":"basse","id":"IMG20260808155734","jour":"2026-08-08","origine_position":"exif"}},{"type":"Feature","geometry":{"type":"Point","coordinates":[12.289783333333332,46.610997222222224]},"properties":{"fiabilite":"basse","id":"IMG20260808155735","jour":"2026-08-08","origine_position":"exif"}},{"type":"Feature","geometry":{"type":"Point","coordinates":[12.289783333333332,46.610997222222224]},"properties":{"fiabilite":"basse","id":"IMG20260808155822","jour":"2026-08-08","origine_position":"exif"}},{"type":"Feature","geometry":{"type":"Point","coordinates":[12.289783333333332,46.610997222222224]},"properties":{"fiabilite":"basse","id":"IMG20260808155828","jour":"2026-08-08","origine_position":"exif"}},{"type":"Feature","geometry":{"type":"Point","coordinates":[12.289783333333332,46.610997222222224]},"properties":{"fiabilite":"basse","id":"IMG20260808155848","jour":"2026-08-08","origine_position":"exif"}},{"type":"Feature","geometry":{"type":"Point","coordinates":[12.292072222222222,46.61166388888889]},"properties":{"fiabilite":"basse","id":"IMG20260808160120","jour":"2026-08-08","origine_position":"exif"}},{"type":"Feature","geometry":{"type":"Point","coordinates":[12.2921,46.6117]},"properties":{"fiabilite":"haute","id":"VID20260808160125","jour":"2026-08-08","origine_position":"exif"}},{"type":"Feature","geometry":{"type":"Point","coordinates":[12.2921,46.6117]},"properties":{"fiabilite":"haute","id":"VID20260808160145","jour":"2026-08-08","origine_position":"exif"}},{"type":"Feature","geometry":{"type":"Point","coordinates":[12.2889,46.6099]},"properties":{"fiabilite":"haute","id":"VID20260808160443","jour":"2026-08-08","origine_position":"exif"}},{"type":"Feature","geometry":{"type":"Point","coordinates":[12.288891666666666,46.60986944444445]},"properties":{"fiabilite":"basse","id":"IMG20260808160458","jour":"2026-08-08","origine_position":"exif"}},{"type":"Feature","geometry":{"type":"Point","coordinates":[12.288891666666666,46.60986944444445]},"properties":{"fiabilite":"basse","id":"IMG20260808160815","jour":"2026-08-08","origine_position":"exif"}},{"type":"Feature","geometry":{"type":"Point","coordinates":[12.288891666666666,46.60986944444445]},"properties":{"fiabilite":"basse","id":"IMG20260808160819","jour":"2026-08-08","origine_position":"exif"}},{"type":"Feature","geometry":{"type":"Point","coordinates":[12.289783333333332,46.610997222222224]},"properties":{"fiabilite":"basse","id":"IMG20260808160905","jour":"2026-08-08","origine_position":"exif"}},{"type":"Feature","geometry":{"type":"Point","coordinates":[12.289783333333332,46.610997222222224]},"properties":{"fiabilite":"basse","id":"IMG20260808160914","jour":"2026-08-08","origine_position":"exif"}},{"type":"Feature","geometry":{"type":"Point","coordinates":[12.289783333333332,46.610997222222224]},"properties":{"fiabilite":"basse","id":"IMG20260808160917","jour":"2026-08-08","origine_position":"exif"}},{"type":"Feature","geometry":{"type":"Point","coordinates":[12.288891666666666,46.60986944444445]},"properties":{"fiabilite":"basse","id":"IMG20260808160952","jour":"2026-08-08","origine_position":"exif"}},{"type":"Feature","geometry":{"type":"Point","coordinates":[12.288891666666666,46.60986944444445]},"properties":{"fiabilite":"basse","id":"IMG20260808160958","jour":"2026-08-08","origine_position":"exif"}},{"type":"Feature","geometry":{"type":"Point","coordinates":[12.288891666666666,46.60986944444445]},"properties":{"fiabilite":"basse","id":"IMG20260808161008","jour":"2026-08-08","origine_position":"exif"}},{"type":"Feature","geometry":{"type":"Point","coordinates":[12.288891666666666,46.60986944444445]},"properties":{"fiabilite":"basse","id":"IMG20260808161022","jour":"2026-08-08","origine_position":"exif"}},{"type":"Feature","geometry":{"type":"Point","coordinates":[12.292072222222222,46.61166388888889]},"properties":{"fiabilite":"basse","id":"IMG20260808161417","jour":"2026-08-08","origine_position":"exif"}},{"type":"Feature","geometry":{"type":"Point","coordinates":[12.292072222222222,46.61166388888889]},"properties":{"fiabilite":"basse","id":"IMG20260808161504","jour":"2026-08-08","origine_position":"exif"}},{"type":"Feature","geometry":{"type":"Point","coordinates":[12.292072222222222,46.61166388888889]},"properties":{"fiabilite":"basse","id":"IMG20260808162727","jour":"2026-08-08","origine_position":"exif"}},{"type":"Feature","geometry":{"type":"Point","coordinates":[12.292072222222222,46.61166388888889]},"properties":{"fiabilite":"basse","id":"IMG20260808162729","jour":"2026-08-08","origine_position":"exif"}},{"type":"Feature","geometry":{"type":"Point","coordinates":[12.289783333333332,46.610997222222224]},"properties":{"fiabilite":"basse","id":"IMG20260808163915","jour":"2026-08-08","origine_position":"exif"}},{"type":"Feature","geometry":{"type":"Point","coordinates":[12.289783333333332,46.610997222222224]},"properties":{"fiabilite":"basse","id":"IMG20260808163924","jour":"2026-08-08","origine_position":"exif"}},{"type":"Feature","geometry":{"type":"Point","coordinates":[12.036044444444444,46.77536111111111]},"properties":{"fiabilite":"haute","id":"IMG20260808202018","jour":"2026-08-08","origine_position":"exif"}},{"type":"Feature","geometry":{"type":"Point","coordinates":[11.5335,46.5335]},"properties":{"fiabilite":"haute","id":"VID20260809100457","jour":"2026-08-09","origine_position":"exif"}},{"type":"Feature","geometry":{"type":"Point","coordinates":[11.534866666666666,46.532758333333334]},"properties":{"fiabilite":"haute","id":"IMG20260809115633","jour":"2026-08-09","origine_position":"exif"}},{"type":"Feature","geometry":{"type":"Point","coordinates":[11.534866666666666,46.532758333333334]},"properties":{"fiabilite":"haute","id":"IMG20260809115655","jour":"2026-08-09","origine_position":"exif"}},{"type":"Feature","geometry":{"type":"Point","coordinates":[11.523744444444445,46.52421388888889]},"properties":{"fiabilite":"haute","id":"IMG20260809163358","jour":"2026-08-09","origine_position":"exif"}},{"type":"Feature","geometry":{"type":"Point","coordinates":[11.523744444444445,46.52421388888889]},"properties":{"fiabilite":"haute","id":"IMG20260809163431","jour":"2026-08-09","origine_position":"exif"}},{"type":"Feature","geometry":{"type":"Point","coordinates":[11.523744444444445,46.52421388888889]},"properties":{"fiabilite":"haute","id":"IMG20260809163836","jour":"2026-08-09","origine_position":"exif"}},{"type":"Feature","geometry":{"type":"Point","coordinates":[11.533100000000001,46.5249]},"properties":{"fiabilite":"haute","id":"VID20260809175659","jour":"2026-08-09","origine_position":"exif"}},{"type":"Feature","geometry":{"type":"Point","coordinates":[11.519816666666667,46.52990277777778]},"properties":{"fiabilite":"basse","id":"IMG20260809175802","jour":"2026-08-09","origine_position":"exif"}},{"type":"Feature","geometry":{"type":"Point","coordinates":[11.5198,46.5299]},"properties":{"fiabilite":"haute","id":"VID20260809180148","jour":"2026-08-09","origine_position":"exif"}},{"type":"Feature","geometry":{"type":"Point","coordinates":[11.463669444444443,46.539563888888885]},"properties":{"fiabilite":"basse","id":"IMG20260809181051","jour":"2026-08-09","origine_position":"exif"}},{"type":"Feature","geometry":{"type":"Point","coordinates":[11.455208333333333,46.485883333333334]},"properties":{"fiabilite":"basse","id":"IMG20260809183239","jour":"2026-08-09","origine_position":"exif"}},{"type":"Feature","geometry":{"type":"Point","coordinates":[11.4552,46.4859]},"properties":{"fiabilite":"haute","id":"VID20260809183333","jour":"2026-08-09","origine_position":"exif"}},{"type":"Feature","geometry":{"type":"Point","coordinates":[11.4589,46.5394]},"properties":{"fiabilite":"haute","id":"VID20260809183823","jour":"2026-08-09","origine_position":"exif"}},{"type":"Feature","geometry":{"type":"Point","coordinates":[11.460275,46.53990833333333]},"properties":{"fiabilite":"basse","id":"IMG20260809183933","jour":"2026-08-09","origine_position":"exif"}},{"type":"Feature","geometry":{"type":"Point","coordinates":[11.521600000000001,46.52121944444444]},"properties":{"fiabilite":"haute","id":"IMG20260809190453","jour":"2026-08-09","origine_position":"exif"}},{"type":"Feature","geometry":{"type":"Point","coordinates":[11.560091666666667,46.56736111111111]},"properties":{"fiabilite":"haute","id":"IMG20260809194839","jour":"2026-08-09","origine_position":"exif"}},{"type":"Feature","geometry":{"type":"Point","coordinates":[11.560208333333334,46.5675]},"properties":{"fiabilite":"haute","id":"IMG20260809194907","jour":"2026-08-09","origine_position":"exif"}},{"type":"Feature","geometry":{"type":"Point","coordinates":[11.559986111111112,46.56756666666667]},"properties":{"fiabilite":"haute","id":"IMG20260809195013","jour":"2026-08-09","origine_position":"exif"}},{"type":"Feature","geometry":{"type":"Point","coordinates":[11.559530555555556,46.567925]},"properties":{"fiabilite":"haute","id":"IMG20260809195126","jour":"2026-08-09","origine_position":"exif"}},{"type":"Feature","geometry":{"type":"Point","coordinates":[11.558805555555557,46.56746944444445]},"properties":{"fiabilite":"haute","id":"IMG20260809195832","jour":"2026-08-09","origine_position":"exif"}},{"type":"Feature","geometry":{"type":"Point","coordinates":[11.5594,46.56715277777778]},"properties":{"fiabilite":"haute","id":"IMG20260809200021","jour":"2026-08-09","origine_position":"exif"}},{"type":"Feature","geometry":{"type":"Point","coordinates":[11.534683333333334,46.532780555555554]},"properties":{"fiabilite":"haute","id":"IMG20260809204912","jour":"2026-08-09","origine_position":"exif"}},{"type":"Feature","geometry":{"type":"Point","coordinates":[11.534683333333334,46.532780555555554]},"properties":{"fiabilite":"haute","id":"IMG20260809204927","jour":"2026-08-09","origine_position":"exif"}},{"type":"Feature","geometry":{"type":"Point","coordinates":[11.532900000000001,46.532399999999996]},"properties":{"fiabilite":"haute","id":"VID20260809211350","jour":"2026-08-09","origine_position":"exif"}},{"type":"Feature","geometry":{"type":"Point","coordinates":[11.616305555555556,46.542938888888884]},"properties":{"fiabilite":"haute","id":"IMG20260810113910","jour":"2026-08-10","origine_position":"exif"}},{"type":"Feature","geometry":{"type":"Point","coordinates":[11.616272222222221,46.543680555555554]},"properties":{"fiabilite":"haute","id":"IMG20260810114113","jour":"2026-08-10","origine_position":"exif"}},{"type":"Feature","geometry":{"type":"Point","coordinates":[11.632386111111112,46.52491944444444]},"properties":{"fiabilite":"haute","id":"IMG20260810125213","jour":"2026-08-10","origine_position":"exif"}},{"type":"Feature","geometry":{"type":"Point","coordinates":[11.632386111111112,46.52491944444444]},"properties":{"fiabilite":"haute","id":"IMG20260810125401","jour":"2026-08-10","origine_position":"exif"}},{"type":"Feature","geometry":{"type":"Point","coordinates":[11.63926111111111,46.51903055555555]},"properties":{"fiabilite":"haute","id":"IMG20260810135154","jour":"2026-08-10","origine_position":"exif"}},{"type":"Feature","geometry":{"type":"Point","coordinates":[11.63926111111111,46.51903055555555]},"properties":{"fiabilite":"haute","id":"IMG20260810135240","jour":"2026-08-10","origine_position":"exif"}},{"type":"Feature","geometry":{"type":"Point","coordinates":[11.63926111111111,46.51903055555555]},"properties":{"fiabilite":"haute","id":"IMG20260810135333","jour":"2026-08-10","origine_position":"exif"}},{"type":"Feature","geometry":{"type":"Point","coordinates":[11.631186111111111,46.53771944444444]},"properties":{"fiabilite":"basse","id":"IMG20260810143258","jour":"2026-08-10","origine_position":"exif"}},{"type":"Feature","geometry":{"type":"Point","coordinates":[11.631186111111111,46.53771944444444]},"properties":{"fiabilite":"basse","id":"IMG20260810143327","jour":"2026-08-10","origine_position":"exif"}},{"type":"Feature","geometry":{"type":"Point","coordinates":[11.636841666666665,46.530430555555554]},"properties":{"fiabilite":"basse","id":"IMG20260810145029","jour":"2026-08-10","origine_position":"exif"}},{"type":"Feature","geometry":{"type":"Point","coordinates":[11.632744444444445,46.534816666666664]},"properties":{"fiabilite":"basse","id":"IMG20260810145938","jour":"2026-08-10","origine_position":"exif"}},{"type":"Feature","geometry":{"type":"Point","coordinates":[11.632744444444445,46.534816666666664]},"properties":{"fiabilite":"basse","id":"IMG20260810150306","jour":"2026-08-10","origine_position":"exif"}},{"type":"Feature","geometry":{"type":"Point","coordinates":[11.632744444444445,46.534816666666664]},"properties":{"fiabilite":"basse","id":"IMG20260810150322","jour":"2026-08-10","origine_position":"exif"}},{"type":"Feature","geometry":{"type":"Point","coordinates":[11.750794444444445,46.55800277777777]},"properties":{"fiabilite":"basse","id":"IMG20260810150531","jour":"2026-08-10","origine_position":"exif"}},{"type":"Feature","geometry":{"type":"Point","coordinates":[11.636841666666665,46.530430555555554]},"properties":{"fiabilite":"basse","id":"IMG20260810150556","jour":"2026-08-10","origine_position":"exif"}},{"type":"Feature","geometry":{"type":"Point","coordinates":[11.744238888888889,46.55837777777778]},"properties":{"fiabilite":"basse","id":"IMG20260810150739","jour":"2026-08-10","origine_position":"exif"}},{"type":"Feature","geometry":{"type":"Point","coordinates":[11.631186111111111,46.53771944444444]},"properties":{"fiabilite":"basse","id":"IMG20260810151047","jour":"2026-08-10","origine_position":"exif"}},{"type":"Feature","geometry":{"type":"Point","coordinates":[11.640816666666666,46.525752777777775]},"properties":{"fiabilite":"basse","id":"IMG20260810151531","jour":"2026-08-10","origine_position":"exif"}},{"type":"Feature","geometry":{"type":"Point","coordinates":[11.640816666666666,46.525752777777775]},"properties":{"fiabilite":"basse","id":"IMG20260810151541","jour":"2026-08-10","origine_position":"exif"}},{"type":"Feature","geometry":{"type":"Point","coordinates":[11.640799999999999,46.5258]},"properties":{"fiabilite":"haute","id":"VID20260810153004","jour":"2026-08-10","origine_position":"exif"}},{"type":"Feature","geometry":{"type":"Point","coordinates":[11.632744444444445,46.534816666666664]},"properties":{"fiabilite":"basse","id":"IMG20260810153851","jour":"2026-08-10","origine_position":"exif"}},{"type":"Feature","geometry":{"type":"Point","coordinates":[11.661288888888889,46.51907222222222]},"properties":{"fiabilite":"basse","id":"IMG20260810153907","jour":"2026-08-10","origine_position":"exif"}},{"type":"Feature","geometry":{"type":"Point","coordinates":[11.632744444444445,46.534816666666664]},"properties":{"fiabilite":"basse","id":"IMG20260810153925","jour":"2026-08-10","origine_position":"exif"}},{"type":"Feature","geometry":{"type":"Point","coordinates":[11.636841666666665,46.530430555555554]},"properties":{"fiabilite":"basse","id":"IMG20260810153946","jour":"2026-08-10","origine_position":"exif"}},{"type":"Feature","geometry":{"type":"Point","coordinates":[11.636841666666665,46.530430555555554]},"properties":{"fiabilite":"basse","id":"IMG20260810153958","jour":"2026-08-10","origine_position":"exif"}},{"type":"Feature","geometry":{"type":"Point","coordinates":[11.670883333333332,46.516558333333336]},"properties":{"fiabilite":"basse","id":"IMG20260810154037","jour":"2026-08-10","origine_position":"exif"}},{"type":"Feature","geometry":{"type":"Point","coordinates":[11.670883333333332,46.516558333333336]},"properties":{"fiabilite":"basse","id":"IMG20260810155021","jour":"2026-08-10","origine_position":"exif"}},{"type":"Feature","geometry":{"type":"Point","coordinates":[11.650380555555556,46.51927777777777]},"properties":{"fiabilite":"haute","id":"IMG20260810155713","jour":"2026-08-10","origine_position":"exif"}},{"type":"Feature","geometry":{"type":"Point","coordinates":[11.650400000000001,46.5193]},"properties":{"fiabilite":"haute","id":"VID20260810155717","jour":"2026-08-10","origine_position":"exif"}},{"type":"Feature","geometry":{"type":"Point","coordinates":[11.650380555555556,46.51927777777777]},"properties":{"fiabilite":"haute","id":"IMG20260810160045","jour":"2026-08-10","origine_position":"exif"}},{"type":"Feature","geometry":{"type":"Point","coordinates":[11.650380555555556,46.51927777777777]},"properties":{"fiabilite":"haute","id":"IMG20260810160104","jour":"2026-08-10","origine_position":"exif"}},{"type":"Feature","geometry":{"type":"Point","coordinates":[11.650380555555556,46.51927777777777]},"properties":{"fiabilite":"haute","id":"IMG20260810160449","jour":"2026-08-10","origine_position":"exif"}},{"type":"Feature","geometry":{"type":"Point","coordinates":[11.652750000000001,46.519308333333335]},"properties":{"fiabilite":"haute","id":"IMG20260810160912","jour":"2026-08-10","origine_position":"exif"}},{"type":"Feature","geometry":{"type":"Point","coordinates":[11.658838888888889,46.52251111111111]},"properties":{"fiabilite":"basse","id":"IMG20260810163203","jour":"2026-08-10","origine_position":"exif"}},{"type":"Feature","geometry":{"type":"Point","coordinates":[11.666261111111112,46.522525]},"properties":{"fiabilite":"basse","id":"IMG20260810165732","jour":"2026-08-10","origine_position":"exif"}},{"type":"Feature","geometry":{"type":"Point","coordinates":[11.666791666666667,46.52079444444444]},"properties":{"fiabilite":"haute","id":"IMG20260810165811","jour":"2026-08-10","origine_position":"exif"}},{"type":"Feature","geometry":{"type":"Point","coordinates":[11.666791666666667,46.52079444444444]},"properties":{"fiabilite":"haute","id":"IMG20260810165909","jour":"2026-08-10","origine_position":"exif"}},{"type":"Feature","geometry":{"type":"Point","coordinates":[11.666791666666667,46.52079444444444]},"properties":{"fiabilite":"haute","id":"IMG20260810170801","jour":"2026-08-10","origine_position":"exif"}},{"type":"Feature","geometry":{"type":"Point","coordinates":[11.666791666666667,46.52079444444444]},"properties":{"fiabilite":"haute","id":"IMG20260810170803","jour":"2026-08-10","origine_position":"exif"}},{"type":"Feature","geometry":{"type":"Point","coordinates":[11.666791666666667,46.52079444444444]},"properties":{"fiabilite":"haute","id":"IMG20260810170807","jour":"2026-08-10","origine_position":"exif"}},{"type":"Feature","geometry":{"type":"Point","coordinates":[11.666791666666667,46.52079444444444]},"properties":{"fiabilite":"haute","id":"IMG20260810172407","jour":"2026-08-10","origine_position":"exif"}},{"type":"Feature","geometry":{"type":"Point","coordinates":[11.666791666666667,46.52079444444444]},"properties":{"fiabilite":"haute","id":"IMG20260810172413","jour":"2026-08-10","origine_position":"exif"}},{"type":"Feature","geometry":{"type":"Point","coordinates":[11.666791666666667,46.52079444444444]},"properties":{"fiabilite":"haute","id":"IMG20260810172427","jour":"2026-08-10","origine_position":"exif"}},{"type":"Feature","geometry":{"type":"Point","coordinates":[11.666791666666667,46.52079444444444]},"properties":{"fiabilite":"haute","id":"IMG20260810173119","jour":"2026-08-10","origine_position":"exif"}},{"type":"Feature","geometry":{"type":"Point","coordinates":[11.607827777777777,46.54228333333333]},"properties":{"fiabilite":"haute","id":"IMG20260810180107","jour":"2026-08-10","origine_position":"exif"}},{"type":"Feature","geometry":{"type":"Point","coordinates":[11.524375000000001,46.52341944444444]},"properties":{"fiabilite":"haute","id":"IMG20260810200624","jour":"2026-08-10","origine_position":"exif"}},{"type":"Feature","geometry":{"type":"Point","coordinates":[11.4637,46.5396]},"properties":{"fiabilite":"haute","id":"VID20260810205757","jour":"2026-08-10","origine_position":"exif"}},{"type":"Feature","geometry":{"type":"Point","coordinates":[11.534908333333334,46.53241944444444]},"properties":{"fiabilite":"haute","id":"IMG20260811082703","jour":"2026-08-11","origine_position":"exif"}},{"type":"Feature","geometry":{"type":"Point","coordinates":[10.85483611111111,45.87940833333333]},"properties":{"fiabilite":"haute","id":"IMG20260811182612","jour":"2026-08-11","origine_position":"exif"}},{"type":"Feature","geometry":{"type":"Point","coordinates":[10.85483611111111,45.87940833333333]},"properties":{"fiabilite":"haute","id":"IMG20260811182625","jour":"2026-08-11","origine_position":"exif"}},{"type":"Feature","geometry":{"type":"Point","coordinates":[10.85483611111111,45.87940833333333]},"properties":{"fiabilite":"haute","id":"IMG20260811182730","jour":"2026-08-11","origine_position":"exif"}},{"type":"Feature","geometry":{"type":"Point","coordinates":[10.8551,45.8799]},"properties":{"fiabilite":"haute","id":"VID20260811191857","jour":"2026-08-11","origine_position":"exif"}},{"type":"Feature","geometry":{"type":"Point","coordinates":[10.854855555555556,45.88144166666667]},"properties":{"fiabilite":"haute","id":"IMG20260811193415","jour":"2026-08-11","origine_position":"exif"}},{"type":"Feature","geometry":{"type":"Point","coordinates":[10.854855555555556,45.88144166666667]},"properties":{"fiabilite":"haute","id":"IMG20260811193422","jour":"2026-08-11","origine_position":"exif"}},{"type":"Feature","geometry":{"type":"Point","coordinates":[10.853636111111111,45.8795]},"properties":{"fiabilite":"haute","id":"IMG20260811194714","jour":"2026-08-11","origine_position":"exif"}},{"type":"Feature","geometry":{"type":"Point","coordinates":[10.853636111111111,45.8795]},"properties":{"fiabilite":"haute","id":"IMG20260811194758","jour":"2026-08-11","origine_position":"exif"}},{"type":"Feature","geometry":{"type":"Point","coordinates":[10.853827777777777,45.87949722222222]},"properties":{"fiabilite":"haute","id":"IMG20260811194850","jour":"2026-08-11","origine_position":"exif"}},{"type":"Feature","geometry":{"type":"Point","coordinates":[10.853988888888889,45.87949444444445]},"properties":{"fiabilite":"haute","id":"IMG20260811195010","jour":"2026-08-11","origine_position":"exif"}},{"type":"Feature","geometry":{"type":"Point","coordinates":[10.8574,45.8777]},"properties":{"fiabilite":"haute","id":"VID20260811203043","jour":"2026-08-11","origine_position":"exif"}},{"type":"Feature","geometry":{"type":"Point","coordinates":[10.857,45.8775]},"properties":{"fiabilite":"haute","id":"VID20260811203430","jour":"2026-08-11","origine_position":"exif"}},{"type":"Feature","geometry":{"type":"Point","coordinates":[10.724902777777778,45.73197777777778]},"properties":{"fiabilite":"basse","id":"IMG20260812095509","jour":"2026-08-12","origine_position":"exif"}},{"type":"Feature","geometry":{"type":"Point","coordinates":[10.724902777777778,45.73197777777778]},"properties":{"fiabilite":"basse","id":"IMG20260812095748","jour":"2026-08-12","origine_position":"exif"}},{"type":"Feature","geometry":{"type":"Point","coordinates":[10.724902777777778,45.73197777777778]},"properties":{"fiabilite":"basse","id":"IMG20260812095752","jour":"2026-08-12","origine_position":"exif"}},{"type":"Feature","geometry":{"type":"Point","coordinates":[10.724902777777778,45.73197777777778]},"properties":{"fiabilite":"basse","id":"IMG20260812095823","jour":"2026-08-12","origine_position":"exif"}},{"type":"Feature","geometry":{"type":"Point","coordinates":[10.661094444444444,45.687638888888884]},"properties":{"fiabilite":"haute","id":"IMG20260812101411","jour":"2026-08-12","origine_position":"exif"}},{"type":"Feature","geometry":{"type":"Point","coordinates":[10.661775,45.687666666666665]},"properties":{"fiabilite":"haute","id":"IMG20260812101750","jour":"2026-08-12","origine_position":"exif"}},{"type":"Feature","geometry":{"type":"Point","coordinates":[10.662005555555556,45.687491666666666]},"properties":{"fiabilite":"haute","id":"IMG20260812101853","jour":"2026-08-12","origine_position":"exif"}},{"type":"Feature","geometry":{"type":"Point","coordinates":[10.662352777777778,45.68776944444444]},"properties":{"fiabilite":"haute","id":"IMG20260812102115","jour":"2026-08-12","origine_position":"exif"}},{"type":"Feature","geometry":{"type":"Point","coordinates":[10.662527777777779,45.68787777777777]},"properties":{"fiabilite":"haute","id":"IMG20260812102752","jour":"2026-08-12","origine_position":"exif"}},{"type":"Feature","geometry":{"type":"Point","coordinates":[10.664227777777779,45.688491666666664]},"properties":{"fiabilite":"haute","id":"IMG20260812102851","jour":"2026-08-12","origine_position":"exif"}},{"type":"Feature","geometry":{"type":"Point","coordinates":[10.664172222222222,45.688491666666664]},"properties":{"fiabilite":"haute","id":"IMG20260812102930","jour":"2026-08-12","origine_position":"exif"}},{"type":"Feature","geometry":{"type":"Point","coordinates":[10.665030555555555,45.68862222222222]},"properties":{"fiabilite":"haute","id":"IMG20260812103137","jour":"2026-08-12","origine_position":"exif"}},{"type":"Feature","geometry":{"type":"Point","coordinates":[10.665036111111112,45.68843611111111]},"properties":{"fiabilite":"haute","id":"IMG20260812103331","jour":"2026-08-12","origine_position":"exif"}},{"type":"Feature","geometry":{"type":"Point","coordinates":[10.665119444444445,45.688291666666665]},"properties":{"fiabilite":"haute","id":"IMG20260812103426","jour":"2026-08-12","origine_position":"exif"}},{"type":"Feature","geometry":{"type":"Point","coordinates":[10.664736111111111,45.68821111111111]},"properties":{"fiabilite":"haute","id":"IMG20260812103557","jour":"2026-08-12","origine_position":"exif"}},{"type":"Feature","geometry":{"type":"Point","coordinates":[10.664736111111111,45.68821111111111]},"properties":{"fiabilite":"haute","id":"IMG20260812103608","jour":"2026-08-12","origine_position":"exif"}},{"type":"Feature","geometry":{"type":"Point","coordinates":[10.664525000000001,45.688136111111106]},"properties":{"fiabilite":"haute","id":"IMG20260812103638","jour":"2026-08-12","origine_position":"exif"}},{"type":"Feature","geometry":{"type":"Point","coordinates":[10.66375,45.68815277777777]},"properties":{"fiabilite":"haute","id":"IMG20260812104111","jour":"2026-08-12","origine_position":"exif"}},{"type":"Feature","geometry":{"type":"Point","coordinates":[10.66375,45.68815277777777]},"properties":{"fiabilite":"haute","id":"IMG20260812104113","jour":"2026-08-12","origine_position":"exif"}},{"type":"Feature","geometry":{"type":"Point","coordinates":[10.66375,45.68815277777777]},"properties":{"fiabilite":"haute","id":"IMG20260812104126","jour":"2026-08-12","origine_position":"exif"}},{"type":"Feature","geometry":{"type":"Point","coordinates":[10.66375,45.68815277777777]},"properties":{"fiabilite":"haute","id":"IMG20260812104127","jour":"2026-08-12","origine_position":"exif"}},{"type":"Feature","geometry":{"type":"Point","coordinates":[10.66375,45.68815277777777]},"properties":{"fiabilite":"haute","id":"IMG20260812104151","jour":"2026-08-12","origine_position":"exif"}},{"type":"Feature","geometry":{"type":"Point","coordinates":[10.66375,45.68815277777777]},"properties":{"fiabilite":"haute","id":"IMG20260812104154","jour":"2026-08-12","origine_position":"exif"}},{"type":"Feature","geometry":{"type":"Point","coordinates":[10.662947222222222,45.68809444444444]},"properties":{"fiabilite":"haute","id":"IMG20260812111332","jour":"2026-08-12","origine_position":"exif"}},{"type":"Feature","geometry":{"type":"Point","coordinates":[10.662947222222222,45.68809444444444]},"properties":{"fiabilite":"haute","id":"IMG20260812111348","jour":"2026-08-12","origine_position":"exif"}},{"type":"Feature","geometry":{"type":"Point","coordinates":[10.662947222222222,45.68809444444444]},"properties":{"fiabilite":"haute","id":"IMG20260812111406","jour":"2026-08-12","origine_position":"exif"}},{"type":"Feature","geometry":{"type":"Point","coordinates":[10.662947222222222,45.68809444444444]},"properties":{"fiabilite":"haute","id":"IMG20260812111430","jour":"2026-08-12","origine_position":"exif"}},{"type":"Feature","geometry":{"type":"Point","coordinates":[10.662541666666668,45.68766944444444]},"properties":{"fiabilite":"haute","id":"IMG20260812111522","jour":"2026-08-12","origine_position":"exif"}},{"type":"Feature","geometry":{"type":"Point","coordinates":[10.662183333333333,45.687524999999994]},"properties":{"fiabilite":"haute","id":"IMG20260812111549","jour":"2026-08-12","origine_position":"exif"}},{"type":"Feature","geometry":{"type":"Point","coordinates":[7.341186111111111,45.58766111111111]},"properties":{"fiabilite":"haute","id":"IMG20260812192321","jour":"2026-08-12","origine_position":"exif"}},{"type":"Feature","geometry":{"type":"Point","coordinates":[7.356458333333333,45.619166666666665]},"properties":{"fiabilite":"haute","id":"IMG20260812195243","jour":"2026-08-12","origine_position":"exif"}},{"type":"Feature","geometry":{"type":"Point","coordinates":[7.356591666666667,45.61607777777778]},"properties":{"fiabilite":"haute","id":"IMG20260812195853","jour":"2026-08-12","origine_position":"exif"}},{"type":"Feature","geometry":{"type":"Point","coordinates":[7.356591666666667,45.61607777777778]},"properties":{"fiabilite":"haute","id":"IMG20260812195855","jour":"2026-08-12","origine_position":"exif"}},{"type":"Feature","geometry":{"type":"Point","coordinates":[7.340877777777777,45.586844444444445]},"properties":{"fiabilite":"basse","id":"IMG20260813111101","jour":"2026-08-13","origine_position":"exif"}},{"type":"Feature","geometry":{"type":"Point","coordinates":[7.3376472222222215,45.58522222222223]},"properties":{"fiabilite":"haute","id":"IMG20260813113504","jour":"2026-08-13","origine_position":"exif"}},{"type":"Feature","geometry":{"type":"Point","coordinates":[7.335608333333333,45.584744444444446]},"properties":{"fiabilite":"basse","id":"IMG20260813113608","jour":"2026-08-13","origine_position":"exif"}},{"type":"Feature","geometry":{"type":"Point","coordinates":[7.3389999999999995,45.5856]},"properties":{"fiabilite":"haute","id":"VID20260813114552","jour":"2026-08-13","origine_position":"exif"}},{"type":"Feature","geometry":{"type":"Point","coordinates":[7.335608333333333,45.584744444444446]},"properties":{"fiabilite":"basse","id":"IMG20260813115522","jour":"2026-08-13","origine_position":"exif"}},{"type":"Feature","geometry":{"type":"Point","coordinates":[7.335608333333333,45.584744444444446]},"properties":{"fiabilite":"basse","id":"IMG20260813115742","jour":"2026-08-13","origine_position":"exif"}},{"type":"Feature","geometry":{"type":"Point","coordinates":[7.335608333333333,45.584744444444446]},"properties":{"fiabilite":"basse","id":"IMG20260813122344","jour":"2026-08-13","origine_position":"exif"}},{"type":"Feature","geometry":{"type":"Point","coordinates":[7.3568999999999996,45.6051]},"properties":{"fiabilite":"haute","id":"VID20260813153724","jour":"2026-08-13","origine_position":"exif"}},{"type":"Feature","geometry":{"type":"Point","coordinates":[7.3564,45.608000000000004]},"properties":{"fiabilite":"haute","id":"VID20260813153812","jour":"2026-08-13","origine_position":"exif"}},{"type":"Feature","geometry":{"type":"Point","coordinates":[7.355502777777778,45.60679722222223]},"properties":{"fiabilite":"haute","id":"IMG20260813163008","jour":"2026-08-13","origine_position":"exif"}},{"type":"Feature","geometry":{"type":"Point","coordinates":[7.355499999999999,45.6068]},"properties":{"fiabilite":"haute","id":"VID20260813163012","jour":"2026-08-13","origine_position":"exif"}},{"type":"Feature","geometry":{"type":"Point","coordinates":[7.3552,45.60854444444445]},"properties":{"fiabilite":"haute","id":"IMG20260813164222","jour":"2026-08-13","origine_position":"exif"}},{"type":"Feature","geometry":{"type":"Point","coordinates":[7.422466666666667,45.594]},"properties":{"fiabilite":"haute","id":"IMG20260814124055","jour":"2026-08-14","origine_position":"exif"}},{"type":"Feature","geometry":{"type":"Point","coordinates":[7.389541666666667,45.58511666666667]},"properties":{"fiabilite":"basse","id":"IMG20260814140048","jour":"2026-08-14","origine_position":"exif"}},{"type":"Feature","geometry":{"type":"Point","coordinates":[7.434247222222223,45.590325]},"properties":{"fiabilite":"haute","id":"IMG20260814140052","jour":"2026-08-14","origine_position":"exif"}},{"type":"Feature","geometry":{"type":"Point","coordinates":[7.434247222222223,45.590325]},"properties":{"fiabilite":"haute","id":"IMG20260814140530","jour":"2026-08-14","origine_position":"exif"}},{"type":"Feature","geometry":{"type":"Point","coordinates":[7.434247222222223,45.590325]},"properties":{"fiabilite":"haute","id":"IMG20260814140537","jour":"2026-08-14","origine_position":"exif"}},{"type":"Feature","geometry":{"type":"Point","coordinates":[7.434247222222223,45.590325]},"properties":{"fiabilite":"haute","id":"IMG20260814140916","jour":"2026-08-14","origine_position":"exif"}},{"type":"Feature","geometry":{"type":"Point","coordinates":[7.434247222222223,45.590325]},"properties":{"fiabilite":"haute","id":"IMG20260814140927","jour":"2026-08-14","origine_position":"exif"}},{"type":"Feature","geometry":{"type":"Point","coordinates":[7.434247222222223,45.590325]},"properties":{"fiabilite":"haute","id":"IMG20260814141009","jour":"2026-08-14","origine_position":"exif"}},{"type":"Feature","geometry":{"type":"Point","coordinates":[7.434247222222223,45.590325]},"properties":{"fiabilite":"haute","id":"IMG20260814141055","jour":"2026-08-14","origine_position":"exif"}},{"type":"Feature","geometry":{"type":"Point","coordinates":[7.435411111111112,45.58646666666667]},"properties":{"fiabilite":"haute","id":"IMG20260814141244","jour":"2026-08-14","origine_position":"exif"}},{"type":"Feature","geometry":{"type":"Point","coordinates":[7.435411111111112,45.58646666666667]},"properties":{"fiabilite":"haute","id":"IMG20260814141605","jour":"2026-08-14","origine_position":"exif"}},{"type":"Feature","geometry":{"type":"Point","coordinates":[7.435411111111112,45.58646666666667]},"properties":{"fiabilite":"haute","id":"IMG20260814142050","jour":"2026-08-14","origine_position":"exif"}},{"type":"Feature","geometry":{"type":"Point","coordinates":[7.432538888888889,45.58341666666667]},"properties":{"fiabilite":"haute","id":"IMG20260814142506","jour":"2026-08-14","origine_position":"exif"}},{"type":"Feature","geometry":{"type":"Point","coordinates":[7.432538888888889,45.58341666666667]},"properties":{"fiabilite":"haute","id":"IMG20260814142716","jour":"2026-08-14","origine_position":"exif"}},{"type":"Feature","geometry":{"type":"Point","coordinates":[7.389500000000001,45.585100000000004]},"properties":{"fiabilite":"basse","id":"VID20260814143754","jour":"2026-08-14","origine_position":"exif"}},{"type":"Feature","geometry":{"type":"Point","coordinates":[7.4271,45.5825]},"properties":{"fiabilite":"haute","id":"VID20260814144424","jour":"2026-08-14","origine_position":"exif"}},{"type":"Feature","geometry":{"type":"Point","coordinates":[7.426927777777778,45.58312777777778]},"properties":{"fiabilite":"haute","id":"IMG20260814144903","jour":"2026-08-14","origine_position":"exif"}},{"type":"Feature","geometry":{"type":"Point","coordinates":[7.426927777777778,45.58312777777778]},"properties":{"fiabilite":"haute","id":"IMG20260814144923","jour":"2026-08-14","origine_position":"exif"}},{"type":"Feature","geometry":{"type":"Point","coordinates":[7.426927777777778,45.58312777777778]},"properties":{"fiabilite":"haute","id":"IMG20260814145056","jour":"2026-08-14","origine_position":"exif"}},{"type":"Feature","geometry":{"type":"Point","coordinates":[7.426927777777778,45.58312777777778]},"properties":{"fiabilite":"haute","id":"IMG20260814145129","jour":"2026-08-14","origine_position":"exif"}},{"type":"Feature","geometry":{"type":"Point","coordinates":[7.426927777777778,45.58312777777778]},"properties":{"fiabilite":"haute","id":"IMG20260814145303","jour":"2026-08-14","origine_position":"exif"}},{"type":"Feature","geometry":{"type":"Point","coordinates":[7.426900000000001,45.5831]},"properties":{"fiabilite":"haute","id":"VID20260814145513","jour":"2026-08-14","origine_position":"exif"}},{"type":"Feature","geometry":{"type":"Point","coordinates":[7.426927777777778,45.58312777777778]},"properties":{"fiabilite":"haute","id":"IMG20260814145734","jour":"2026-08-14","origine_position":"exif"}},{"type":"Feature","geometry":{"type":"Point","coordinates":[7.426766666666667,45.58452777777778]},"properties":{"fiabilite":"haute","id":"IMG20260814150026","jour":"2026-08-14","origine_position":"exif"}},{"type":"Feature","geometry":{"type":"Point","coordinates":[7.4234027777777785,45.58542222222223]},"properties":{"fiabilite":"haute","id":"IMG20260814151616","jour":"2026-08-14","origine_position":"exif"}},{"type":"Feature","geometry":{"type":"Point","coordinates":[7.4234027777777785,45.58542222222223]},"properties":{"fiabilite":"haute","id":"IMG20260814151624","jour":"2026-08-14","origine_position":"exif"}},{"type":"Feature","geometry":{"type":"Point","coordinates":[7.4234027777777785,45.58542222222223]},"properties":{"fiabilite":"haute","id":"IMG20260814151646","jour":"2026-08-14","origine_position":"exif"}},{"type":"Feature","geometry":{"type":"Point","coordinates":[7.418386111111111,45.58736944444445]},"properties":{"fiabilite":"haute","id":"IMG20260814155230","jour":"2026-08-14","origine_position":"exif"}},{"type":"Feature","geometry":{"type":"Point","coordinates":[7.4184,45.5874]},"properties":{"fiabilite":"haute","id":"VID20260814155414","jour":"2026-08-14","origine_position":"exif"}},{"type":"Feature","geometry":{"type":"Point","coordinates":[7.4184,45.5874]},"properties":{"fiabilite":"haute","id":"VID20260814155456","jour":"2026-08-14","origine_position":"exif"}},{"type":"Feature","geometry":{"type":"Point","coordinates":[7.418386111111111,45.58736944444445]},"properties":{"fiabilite":"haute","id":"IMG20260814160141","jour":"2026-08-14","origine_position":"exif"}},{"type":"Feature","geometry":{"type":"Point","coordinates":[7.389500000000001,45.585100000000004]},"properties":{"fiabilite":"basse","id":"VID20260814160257","jour":"2026-08-14","origine_position":"exif"}},{"type":"Feature","geometry":{"type":"Point","coordinates":[7.4139,45.587900000000005]},"properties":{"fiabilite":"haute","id":"VID20260814160632","jour":"2026-08-14","origine_position":"exif"}},{"type":"Feature","geometry":{"type":"Point","coordinates":[7.4138777777777785,45.587900000000005]},"properties":{"fiabilite":"haute","id":"IMG20260814160834","jour":"2026-08-14","origine_position":"exif"}},{"type":"Feature","geometry":{"type":"Point","coordinates":[7.4138777777777785,45.587900000000005]},"properties":{"fiabilite":"haute","id":"IMG20260814161005","jour":"2026-08-14","origine_position":"exif"}},{"type":"Feature","geometry":{"type":"Point","coordinates":[7.3617,45.611000000000004]},"properties":{"fiabilite":"haute","id":"VID20260814161947","jour":"2026-08-14","origine_position":"exif"}},{"type":"Feature","geometry":{"type":"Point","coordinates":[7.361725,45.610952777777776]},"properties":{"fiabilite":"basse","id":"IMG20260814162337","jour":"2026-08-14","origine_position":"exif"}},{"type":"Feature","geometry":{"type":"Point","coordinates":[7.3617,45.611000000000004]},"properties":{"fiabilite":"haute","id":"VID20260814162358","jour":"2026-08-14","origine_position":"exif"}},{"type":"Feature","geometry":{"type":"Point","coordinates":[7.361725,45.610952777777776]},"properties":{"fiabilite":"basse","id":"IMG20260814162749","jour":"2026-08-14","origine_position":"exif"}},{"type":"Feature","geometry":{"type":"Point","coordinates":[7.361725,45.610952777777776]},"properties":{"fiabilite":"basse","id":"IMG20260814162813","jour":"2026-08-14","origine_position":"exif"}},{"type":"Feature","geometry":{"type":"Point","coordinates":[7.368438888888888,45.60695555555556]},"properties":{"fiabilite":"basse","id":"IMG20260814170141","jour":"2026-08-14","origine_position":"exif"}},{"type":"Feature","geometry":{"type":"Point","coordinates":[7.397702777777778,45.595352777777784]},"properties":{"fiabilite":"haute","id":"IMG20260814175543","jour":"2026-08-14","origine_position":"exif"}},{"type":"Feature","geometry":{"type":"Point","coordinates":[7.397702777777778,45.595352777777784]},"properties":{"fiabilite":"haute","id":"IMG20260814175548","jour":"2026-08-14","origine_position":"exif"}},{"type":"Feature","geometry":{"type":"Point","coordinates":[7.3977,45.595283333333334]},"properties":{"fiabilite":"haute","id":"IMG20260814180126","jour":"2026-08-14","origine_position":"exif"}},{"type":"Feature","geometry":{"type":"Point","coordinates":[7.390352777777778,45.59366666666667]},"properties":{"fiabilite":"basse","id":"IMG20260814180214","jour":"2026-08-14","origine_position":"exif"}},{"type":"Feature","geometry":{"type":"Point","coordinates":[7.391827777777778,45.59425]},"properties":{"fiabilite":"haute","id":"IMG20260814181440","jour":"2026-08-14","origine_position":"exif"}},{"type":"Feature","geometry":{"type":"Point","coordinates":[7.343299999999999,45.588300000000004]},"properties":{"fiabilite":"haute","id":"VID20260814201807","jour":"2026-08-14","origine_position":"exif"}},{"type":"Feature","geometry":{"type":"Point","coordinates":[6.886688888888888,45.68517222222222]},"properties":{"fiabilite":"basse","id":"IMG20260815133942","jour":"2026-08-15","origine_position":"exif"}},{"type":"Feature","geometry":{"type":"Point","coordinates":[6.886688888888888,45.68517222222222]},"properties":{"fiabilite":"basse","id":"IMG20260815133945","jour":"2026-08-15","origine_position":"exif"}},{"type":"Feature","geometry":{"type":"Point","coordinates":[6.886688888888888,45.68517222222222]},"properties":{"fiabilite":"basse","id":"IMG20260815135821","jour":"2026-08-15","origine_position":"exif"}},{"type":"Feature","geometry":{"type":"Point","coordinates":[6.886688888888888,45.68517222222222]},"properties":{"fiabilite":"basse","id":"IMG20260815135828","jour":"2026-08-15","origine_position":"exif"}},{"type":"Feature","geometry":{"type":"Point","coordinates":[5.213105555555556,45.613483333333335]},"properties":{"fiabilite":"haute","id":"IMG20260815174506","jour":"2026-08-15","origine_position":"exif"}},{"type":"Feature","geometry":{"type":"Point","coordinates":[5.2131083333333335,45.613486111111115]},"properties":{"fiabilite":"haute","id":"IMG20260815175051","jour":"2026-08-15","origine_position":"exif"}}]}